Sample,Total_reads,Total_bp,MeanReadLength,Coverage,Scheme,ST,After_trim_per_base_sequence_content,After_trim_overrepresented_sequences,After_trim_%GC,After_trim_Total Bases,After_trim_Total Sequences,After_trim_median_sequence_length,After_trim_avg_sequence_length,After_trim_total_deduplicated_percentage,After_trim_Sequence length,After_trim_adapter_content,N50,Total length,Total # of contigs,QC Check,ANI,Align_fraction_ref,Align_fraction_query,Ref_name,Species
MI_KPC_1000,17432880,2632364880,151,438.727,klebsiella,323,fail,pass,57.0,1.1 Gbp,8386458.0,151,138.32698202268466,39.46999981587128,40-151,pass,271197.0,5618263.0,52.0,PASS,99.02,86.05,84.31,"NZ_KN046818.1 Klebsiella pneumoniae strain ATCC 13883 scaffold1, whole genome shotgun sequence",Klebsiella pneumoniae
MI_KPC_1001,14061350,2123263850,151,353.877,koxytoca,408,fail,pass,55.0,937.8 Mbp,6756572.0,151,138.8247139229775,43.053472371467045,40-151,pass,285469.0,5972351.0,77.0,PASS,98.91,87.57,85.51,"NZ_FZTC01000054.1 Klebsiella grimontii strain 06D021, whole genome shotgun sequence",Klebsiella grimontii
MI_KPC_1002,12142480,1833514480,151,305.586,ecloacae,114,fail,pass,55.0,792.5 Mbp,5764003.0,151,137.51713730891535,44.47730010453214,40-151,pass,388679.0,5040709.0,86.0,PASS,95.26,87.16,72.99,"NZ_CP017186.1 Enterobacter hormaechei subsp. hoffmannii strain DSM 14563 chromosome, complete genome",Enterobacter hormaechei
MI_KPC_1003,15871918,2396659618,151,399.443,cfreundii,114,fail,pass,52.0,1 Gbp,7636904.0,151,138.16571492845793,38.56349800782396,40-151,pass,198079.0,5451196.0,104.0,PASS,98.3,91.22,76.06,"NZ_CP049015.1 Citrobacter freundii ATCC 8090 = MTCC 1658 = NBRC 12681 strain ATCC 8090 chromosome, complete genome",Citrobacter freundii
MI_KPC_1004,16083362,2428587662,151,404.765,klebsiella,37,fail,pass,57.0,1 Gbp,7584173.0,151,139.00006856383683,41.17789773183829,40-151,pass,176264.0,5892509.0,72.0,PASS,99.02,85.94,80.3,"NZ_KN046818.1 Klebsiella pneumoniae strain ATCC 13883 scaffold1, whole genome shotgun sequence",Klebsiella pneumoniae
MI_KPC_1005,16669846,2517146746,151,419.524,klebsiella,258,fail,pass,57.0,1.1 Gbp,7989774.0,151,139.44130847756145,38.27116240527571,40-151,pass,137373.0,5486471.0,84.0,PASS,99.11,85.84,86.11,"NZ_KN046818.1 Klebsiella pneumoniae strain ATCC 13883 scaffold1, whole genome shotgun sequence",Klebsiella pneumoniae
MI_KPC_1006,16556936,2500097336,151,416.683,klebsiella,11,fail,pass,57.0,1 Gbp,7858864.0,151,139.40915684506055,39.74377472276946,40-151,pass,113314.0,5723738.0,96.0,PASS,99.07,88.4,84.81,"NZ_KN046818.1 Klebsiella pneumoniae strain ATCC 13883 scaffold1, whole genome shotgun sequence",Klebsiella pneumoniae
MI_KPC_1007,15460186,2334488086,151,389.081,cronobacter,-,fail,pass,55.0,1 Gbp,7429372.0,151,138.51386119849698,41.57205877502726,40-151,pass,31805.0,5708513.0,571.0,FAIL,95.33,87.03,64.72,"NZ_CP017186.1 Enterobacter hormaechei subsp. hoffmannii strain DSM 14563 chromosome, complete genome",Enterobacter hormaechei
MI_KPC_1008,20410122,3081928422,151,513.655,klebsiella,13,fail,pass,57.0,1.3 Gbp,9740496.0,151,139.62223032584788,35.19370047232592,40-151,pass,201565.0,5549689.0,83.0,PASS,99.07,85.3,84.56,"NZ_KN046818.1 Klebsiella pneumoniae strain ATCC 13883 scaffold1, whole genome shotgun sequence",Klebsiella pneumoniae
MI_KPC_1009,14972812,2260894612,151,376.816,klebsiella,231,fail,pass,56.0,996.1 Mbp,7193028.0,151,138.5007099930655,40.05753006854959,40-151,pass,230166.0,5497130.0,56.0,PASS,98.95,83.89,83.91,"NZ_KN046818.1 Klebsiella pneumoniae strain ATCC 13883 scaffold1, whole genome shotgun sequence",Klebsiella pneumoniae
MI_KPC_100,10597102,1600162402,151,266.694,ecloacae,171,fail,pass,55.0,727.4 Mbp,5116260.0,151,142.2108477677053,45.14537724879654,40-151,pass,295385.0,5168362.0,71.0,PASS,95.85,86.59,77.66,"NZ_CP017186.1 Enterobacter hormaechei subsp. hoffmannii strain DSM 14563 chromosome, complete genome",Enterobacter hormaechei
MI_KPC_1010,13678662,2065477962,151,344.246,klebsiella,258,fail,pass,57.0,910.5 Mbp,6526903.0,151,139.53053599846666,41.77493548821283,40-151,pass,137373.0,5484362.0,84.0,PASS,99.06,85.81,86.2,"NZ_KN046818.1 Klebsiella pneumoniae strain ATCC 13883 scaffold1, whole genome shotgun sequence",Klebsiella pneumoniae
MI_KPC_1011,16400032,2476404832,151,412.734,klebsiella,258,fail,pass,57.0,1 Gbp,7750433.0,151,139.6061710358634,39.240753597118776,40-151,pass,137373.0,5507340.0,97.0,PASS,98.75,85.84,82.17,"NZ_KN046818.1 Klebsiella pneumoniae strain ATCC 13883 scaffold1, whole genome shotgun sequence",Klebsiella pneumoniae
MI_KPC_1012,14215962,2146610262,151,357.768,ecloacae,190,fail,pass,55.0,948.3 Mbp,6831784.0,151,138.83840209233782,40.31179756077694,40-151,pass,464291.0,5029914.0,78.0,PASS,95.26,86.49,74.84,"NZ_CP017186.1 Enterobacter hormaechei subsp. hoffmannii strain DSM 14563 chromosome, complete genome",Enterobacter hormaechei
MI_KPC_1013,15481032,2337635832,151,389.606,ecloacae,461,fail,pass,55.0,1 Gbp,7395333.0,151,138.4596508365479,39.57418459248149,40-151,pass,234178.0,5054975.0,105.0,PASS,95.26,85.28,70.95,"NZ_CP017186.1 Enterobacter hormaechei subsp. hoffmannii strain DSM 14563 chromosome, complete genome",Enterobacter hormaechei
MI_KPC_1014,12245930,1849135430,151,308.189,ecloacae,171,fail,pass,55.0,844.5 Mbp,5779005.0,151,146.15794206788192,43.69335961092393,40-151,pass,273512.0,5023952.0,52.0,PASS,95.65,86.48,79.33,"NZ_CP017186.1 Enterobacter hormaechei subsp. hoffmannii strain DSM 14563 chromosome, complete genome",Enterobacter hormaechei
MI_KPC_1015,12538938,1893379638,151,315.563,ecloacae,171,fail,pass,54.0,863.9 Mbp,5909636.0,151,146.21288874644733,43.40402449467299,40-151,pass,234488.0,5166222.0,71.0,PASS,95.61,86.62,77.39,"NZ_CP017186.1 Enterobacter hormaechei subsp. hoffmannii strain DSM 14563 chromosome, complete genome",Enterobacter hormaechei
MI_KPC_1016,15036522,2270514822,151,378.419,ecloacae,171,fail,pass,55.0,1 Gbp,7139196.0,151,146.22676839240722,39.296937868802914,40-151,pass,273512.0,4860286.0,38.0,PASS,95.81,86.57,82.18,"NZ_CP017186.1 Enterobacter hormaechei subsp. hoffmannii strain DSM 14563 chromosome, complete genome",Enterobacter hormaechei
MI_KPC_1017,12956814,1956478914,151,326.08,cfreundii,1099,fail,pass,52.0,893.2 Mbp,6115897.0,151,146.07068120996806,43.87546026194726,40-151,pass,103760.0,5473428.0,169.0,PASS,97.38,85.65,69.41,"NZ_MVFY01000010.1 Citrobacter portucalensis strain A60 A60_S7_L001_NODE_10_length_199066_cov_22.3255, whole genome shotgun sequence",Citrobacter portucalensis
MI_KPC_1018,11776192,1778204992,151,296.367,cfreundii,63,fail,pass,52.0,807.9 Mbp,5535995.0,151,145.95645787252337,44.19591330393327,40-151,pass,257035.0,5493502.0,143.0,PASS,98.3,89.28,71.41,"NZ_MVFY01000010.1 Citrobacter portucalensis strain A60 A60_S7_L001_NODE_10_length_199066_cov_22.3255, whole genome shotgun sequence",Citrobacter portucalensis
MI_KPC_1019,14291404,2158002004,151,359.667,koxytoca,-,fail,pass,54.0,986.4 Mbp,6766567.0,151,145.8023881238448,46.65531796381979,40-151,pass,140560.0,6514144.0,181.0,PASS,99.39,93.12,71.65,"NZ_BCYR01000001.1 Raoultella ornithinolytica NBRC 105727 = ATCC 31898 strain NBRC 105727, whole genome shotgun sequence",Raoultella ornithinolytica
MI_KPC_101,12621984,1905919584,151,317.653,ecoli_achtman_4,131,fail,pass,51.0,868.7 Mbp,6114830.0,151,142.09345067647016,42.245825216739775,40-151,pass,154741.0,5292756.0,103.0,PASS,98.07,86.25,79.46,"NZ_CP033092.2 Escherichia coli DSM 30083 = JCM 1649 = ATCC 11775 chromosome, complete genome",Escherichia coli
MI_KPC_1020,9847466,1486967366,151,247.828,ecoli_achtman_4,131,fail,pass,51.0,673.8 Mbp,4614227.0,151,146.05976797413737,49.50864013262765,40-151,pass,164869.0,5265874.0,120.0,PASS,97.83,86.82,75.52,"NZ_CP033092.2 Escherichia coli DSM 30083 = JCM 1649 = ATCC 11775 chromosome, complete genome",Escherichia coli
MI_KPC_1021,13818484,2086591084,151,347.765,ecloacae,171,fail,pass,55.0,953.7 Mbp,6535445.0,151,145.96298400491474,41.71259727592915,40-151,pass,320108.0,4965305.0,47.0,PASS,95.46,86.32,79.54,"NZ_CP017186.1 Enterobacter hormaechei subsp. hoffmannii strain DSM 14563 chromosome, complete genome",Enterobacter hormaechei
MI_KPC_1022,9905868,1495786068,151,249.298,ecloacae,171,fail,pass,54.0,676.6 Mbp,4624369.0,151,146.3477631218443,47.93211223374138,40-151,pass,242265.0,5138468.0,65.0,PASS,95.73,86.54,77.97,"NZ_CP017186.1 Enterobacter hormaechei subsp. hoffmannii strain DSM 14563 chromosome, complete genome",Enterobacter hormaechei
MI_KPC_1023,8738994,1319588094,151,219.931,ecoli_achtman_4,108,fail,pass,50.0,603.1 Mbp,4136253.0,151,145.8476626067119,50.86920165514693,40-151,pass,224651.0,5111314.0,144.0,PASS,96.05,79.46,68.18,"NZ_CP033092.2 Escherichia coli DSM 30083 = JCM 1649 = ATCC 11775 chromosome, complete genome",Escherichia coli
MI_KPC_1024,15704380,2371361380,151,395.227,ecloacae,127,fail,pass,55.0,1 Gbp,7440229.0,151,146.14561151276394,38.5470062151998,40-151,pass,312630.0,4829115.0,63.0,PASS,95.69,86.05,82.05,"NZ_CP017186.1 Enterobacter hormaechei subsp. hoffmannii strain DSM 14563 chromosome, complete genome",Enterobacter hormaechei
MI_KPC_1025,11274604,1702465204,151,283.744,ecloacae,171,fail,pass,55.0,771.7 Mbp,5285697.0,151,146.0257428679699,45.53915573972005,40-151,pass,272650.0,4865048.0,43.0,PASS,95.6,86.51,81.63,"NZ_CP017186.1 Enterobacter hormaechei subsp. hoffmannii strain DSM 14563 chromosome, complete genome",Enterobacter hormaechei
MI_KPC_1026,15265774,2305131874,151,384.189,ecoli_achtman_4,131,fail,pass,51.0,1 Gbp,7216391.0,151,146.00370586904174,39.7289868401377,40-151,pass,186390.0,4977116.0,124.0,PASS,97.96,85.01,77.72,"NZ_CP033092.2 Escherichia coli DSM 30083 = JCM 1649 = ATCC 11775 chromosome, complete genome",Escherichia coli
MI_KPC_1027,13950316,2106497716,151,351.083,koxytoca,27,fail,pass,55.0,958 Mbp,6566756.0,151,145.91371355963278,44.85364952481559,40-151,pass,163327.0,6081362.0,124.0,PASS,98.21,86.26,80.78,"NZ_PRDB01000030.1 Klebsiella michiganensis strain DSM 25444 map unlocalized plasmid unnamed1 contig_30, whole genome shotgun sequence",Klebsiella michiganensis
MI_KPC_1028,12502790,1887921290,151,314.654,ecloacae,171,fail,pass,54.0,859.9 Mbp,5886265.0,151,146.10831860271327,43.52918878576724,40-151,pass,274852.0,5132066.0,70.0,PASS,95.6,86.44,77.46,"NZ_CP017186.1 Enterobacter hormaechei subsp. hoffmannii strain DSM 14563 chromosome, complete genome",Enterobacter hormaechei
MI_KPC_1029,15559684,2349512284,151,391.585,ecoli_achtman_4,131,fail,pass,51.0,1 Gbp,7361376.0,151,146.11623139478272,38.67467534209408,40-151,pass,186390.0,5036690.0,173.0,PASS,97.92,85.04,73.95,"NZ_CP033092.2 Escherichia coli DSM 30083 = JCM 1649 = ATCC 11775 chromosome, complete genome",Escherichia coli
MI_KPC_102,12486178,1885412878,151,314.235,ecloacae,171,fail,pass,55.0,856.9 Mbp,6033078.0,151,142.06188930426558,41.6007423525216,40-151,pass,283899.0,4880185.0,53.0,PASS,95.54,86.44,80.51,"NZ_CP017186.1 Enterobacter hormaechei subsp. hoffmannii strain DSM 14563 chromosome, complete genome",Enterobacter hormaechei
MI_KPC_1030,14310818,2160933518,151,360.156,ecloacae,171,fail,pass,55.0,990.5 Mbp,6781625.0,151,146.0788393637218,40.65993527073091,40-151,pass,283715.0,4859320.0,48.0,PASS,95.59,86.58,82.12,"NZ_CP017186.1 Enterobacter hormaechei subsp. hoffmannii strain DSM 14563 chromosome, complete genome",Enterobacter hormaechei
MI_KPC_1031,4943564,746478164,151,124.413,ecoli_achtman_4,-,fail,pass,51.0,334.5 Mbp,2319425.0,151,144.24461364346766,66.51813498741504,40-151,pass,80284.0,7668878.0,1619.0,FAIL,97.79,85.35,48.11,"NZ_CP033092.2 Escherichia coli DSM 30083 = JCM 1649 = ATCC 11775 chromosome, complete genome",Escherichia coli
MI_KPC_1032,13246060,2000155060,151,333.359,ecloacae,461,fail,pass,55.0,914 Mbp,6253771.0,151,146.18518970394024,42.85729130572832,40-151,pass,260032.0,4948698.0,54.0,PASS,95.47,85.24,78.71,"NZ_CP017186.1 Enterobacter hormaechei subsp. hoffmannii strain DSM 14563 chromosome, complete genome",Enterobacter hormaechei
MI_KPC_1033,10995938,1660386638,151,276.731,cfreundii,22,fail,pass,52.0,760 Mbp,5222483.0,151,145.5603319340628,48.70654796406589,40-151,pass,278526.0,5302491.0,161.0,PASS,98.48,90.07,72.2,"NZ_CP049015.1 Citrobacter freundii ATCC 8090 = MTCC 1658 = NBRC 12681 strain ATCC 8090 chromosome, complete genome",Citrobacter freundii
MI_KPC_1034,12613342,1904614642,151,317.436,ecloacae,171,fail,pass,55.0,870.6 Mbp,5958687.0,151,146.1307440716386,42.56016382925214,40-151,pass,269975.0,4922487.0,44.0,PASS,95.69,86.41,81.12,"NZ_CP017186.1 Enterobacter hormaechei subsp. hoffmannii strain DSM 14563 chromosome, complete genome",Enterobacter hormaechei
MI_KPC_1035,9876050,1491283550,151,248.547,ecoli_achtman_4,131,fail,pass,50.0,680.5 Mbp,4664351.0,151,145.92848244053675,48.55837078666429,40-151,pass,185967.0,5130573.0,203.0,PASS,97.89,85.2,72.76,"NZ_CP033092.2 Escherichia coli DSM 30083 = JCM 1649 = ATCC 11775 chromosome, complete genome",Escherichia coli
MI_KPC_1036,11979246,1808866146,151,301.478,cfreundii,307,fail,pass,51.0,833.2 Mbp,5701924.0,151,146.14948918996464,46.265664724807735,40-151,pass,291680.0,5549258.0,106.0,PASS,98.5,89.05,73.4,"NZ_CP049015.1 Citrobacter freundii ATCC 8090 = MTCC 1658 = NBRC 12681 strain ATCC 8090 chromosome, complete genome",Citrobacter freundii
MI_KPC_1037,8204152,1238826952,151,206.471,-,-,fail,pass,59.0,567.5 Mbp,3900097.0,151,145.53381236415402,55.227831699100896,40-151,pass,593622.0,5313091.0,119.0,PASS,98.82,92.98,81.42,"NZ_JABXOF010000001.1 Serratia ureilytica strain CCUG:50595 contig00001, whole genome shotgun sequence",Serratia ureilytica
MI_KPC_1038,11828802,1786149102,151,297.692,ypseudotuberculosis_achtman_3,-,fail,pass,59.0,812.2 Mbp,5568550.0,151,145.88959010873566,47.93058573438312,40-151,pass,330163.0,5690994.0,246.0,PASS,98.84,93.05,73.38,"NZ_CP018925.1 Serratia marcescens strain UMH3 chromosome, complete genome",Serratia marcescens
MI_KPC_1039,9255678,1397607378,151,232.935,ypseudotuberculosis_achtman_3,-,fail,pass,59.0,635.6 Mbp,4362794.0,151,145.7149594961394,51.83558444077666,40-151,pass,302121.0,5451363.0,189.0,PASS,98.63,89.29,76.37,"NZ_VTUS01000008.1 Serratia nevei strain S15 NODE_10_length_142733_cov_62.796157, whole genome shotgun sequence",Serratia nevei
MI_KPC_103,11753046,1774709946,151,295.785,ecloacae,171,fail,pass,55.0,809.4 Mbp,5683711.0,151,142.42685966967707,41.841475054226585,40-151,pass,269528.0,4947602.0,48.0,PASS,95.72,86.39,80.9,"NZ_CP017186.1 Enterobacter hormaechei subsp. hoffmannii strain DSM 14563 chromosome, complete genome",Enterobacter hormaechei
MI_KPC_1040,9586574,1447572674,151,241.262,klebsiella,641,fail,pass,55.0,660.5 Mbp,4532452.0,151,145.7666609596748,53.71721076608598,40-151,pass,174513.0,6298344.0,183.0,PASS,98.78,92.22,73.17,"NZ_CP010523.2 Klebsiella variicola strain DSM 15968 chromosome, complete genome",Klebsiella variicola
MI_KPC_1041,13892066,2097701966,151,349.617,koxytoca,29,fail,pass,55.0,954.8 Mbp,6546492.0,151,145.8733237587398,47.30186464912856,40-151,pass,194778.0,6501311.0,193.0,PASS,97.07,81.97,70.57,"NZ_PRDB01000030.1 Klebsiella michiganensis strain DSM 25444 map unlocalized plasmid unnamed1 contig_30, whole genome shotgun sequence",Klebsiella michiganensis
MI_KPC_1042,14290846,2157917746,151,359.653,klebsiella,56,fail,pass,56.0,978.6 Mbp,6713254.0,151,145.79541426557077,45.6103607600032,40-151,pass,120241.0,5975731.0,193.0,PASS,98.75,85.02,70.92,"NZ_KN046818.1 Klebsiella pneumoniae strain ATCC 13883 scaffold1, whole genome shotgun sequence",Klebsiella pneumoniae
MI_KPC_1043,17026114,2570943214,151,428.491,koxytoca,199,fail,pass,55.0,1.1 Gbp,8012410.0,151,146.13844823217983,41.25967171855143,40-151,pass,229364.0,6165248.0,93.0,PASS,99.52,95.15,84.63,"NZ_BCZK01000001.1 Klebsiella oxytoca NBRC 105695, whole genome shotgun sequence",Klebsiella oxytoca
MI_KPC_1044,14868612,2245160412,151,374.193,koxytoca,-,fail,pass,55.0,1 Gbp,7008568.0,151,146.14058321186295,43.89767125909795,40-151,pass,184644.0,6399510.0,117.0,PASS,95.01,81.01,71.97,"NZ_FZTC01000054.1 Klebsiella grimontii strain 06D021, whole genome shotgun sequence",Klebsiella grimontii
MI_KPC_1045,15587860,2353766860,151,392.294,cronobacter,39,fail,pass,52.0,1 Gbp,7391453.0,151,145.9541140287302,41.049741050977886,40-151,pass,298417.0,5520930.0,113.0,PASS,95.69,84.16,67.83,"BBMW01000030.1 Citrobacter werkmanii NBRC 105721 DNA, contig: CIWKM30, whole genome shotgun sequence",Citrobacter werkmanii
MI_KPC_1046,10070332,1520620132,151,253.437,ecloacae,171,fail,pass,55.0,695.4 Mbp,4755041.0,151,146.26722545610016,45.77598655029311,40-151,pass,464408.0,4922529.0,44.0,PASS,95.61,86.58,80.95,"NZ_CP017186.1 Enterobacter hormaechei subsp. hoffmannii strain DSM 14563 chromosome, complete genome",Enterobacter hormaechei
MI_KPC_1047,20399406,3080310306,151,513.385,kaerogenes,4,fail,pass,55.0,1.4 Gbp,9664036.0,151,146.25617806059498,36.047979246267,40-151,pass,245342.0,5454157.0,103.0,PASS,98.75,91.21,80.14,"NC_015663.1 Klebsiella aerogenes KCTC 2190, complete sequence",Klebsiella aerogenes
MI_KPC_1048,9848270,1487088770,151,247.848,ecloacae,171,fail,pass,54.0,682.1 Mbp,4671102.0,151,146.04859067517685,48.71839683110966,40-151,pass,283719.0,5223946.0,76.0,PASS,95.61,86.74,76.73,"NZ_CP017186.1 Enterobacter hormaechei subsp. hoffmannii strain DSM 14563 chromosome, complete genome",Enterobacter hormaechei
MI_KPC_1049,14153620,2137196620,151,356.199,koxytoca,29,fail,pass,55.0,973.3 Mbp,6656814.0,151,146.24282607265278,44.88537446311356,40-151,pass,200232.0,6485762.0,127.0,PASS,97.11,82.29,73.18,"NZ_PRDB01000030.1 Klebsiella michiganensis strain DSM 25444 map unlocalized plasmid unnamed1 contig_30, whole genome shotgun sequence",Klebsiella michiganensis
MI_KPC_104,7830192,1182358992,151,197.06,ecoli_achtman_4,69,fail,pass,51.0,537.7 Mbp,3787944.0,151,141.99070234406844,48.79515719524994,40-151,pass,120156.0,5227358.0,114.0,PASS,96.54,81.04,74.84,"NZ_CP033092.2 Escherichia coli DSM 30083 = JCM 1649 = ATCC 11775 chromosome, complete genome",Escherichia coli
MI_KPC_1050,11716338,1769167038,151,294.861,ecloacae,171,fail,pass,54.0,804.9 Mbp,5503565.0,151,146.27304592568635,44.82043712419341,40-151,pass,216179.0,5149490.0,74.0,PASS,95.73,86.36,77.02,"NZ_CP017186.1 Enterobacter hormaechei subsp. hoffmannii strain DSM 14563 chromosome, complete genome",Enterobacter hormaechei
MI_KPC_1051,11979178,1808855878,151,301.476,ecloacae,171,fail,pass,55.0,830.2 Mbp,5681474.0,151,146.15409645454682,43.62725780374122,40-151,pass,464409.0,4991568.0,47.0,PASS,95.69,86.52,80.05,"NZ_CP017186.1 Enterobacter hormaechei subsp. hoffmannii strain DSM 14563 chromosome, complete genome",Enterobacter hormaechei
MI_KPC_1052,11433456,1726451856,151,287.742,ecloacae,171,fail,pass,55.0,791.5 Mbp,5417652.0,151,146.12009759947668,44.91497736334486,40-151,pass,269528.0,4934712.0,51.0,PASS,95.67,86.04,80.57,"NZ_CP017186.1 Enterobacter hormaechei subsp. hoffmannii strain DSM 14563 chromosome, complete genome",Enterobacter hormaechei
MI_KPC_1053,11822378,1785179078,151,297.53,ecloacae,125,fail,pass,54.0,815.1 Mbp,5575159.0,151,146.2345093655625,44.13470493778443,40-151,pass,211848.0,4992215.0,99.0,PASS,98.54,87.6,80.8,"NZ_CP017181.1 Enterobacter kobei strain DSM 13645 chromosome, complete genome",Enterobacter kobei
MI_KPC_1054,19426532,2933406332,151,488.901,ecloacae,200,warn,pass,55.0,1.3 Gbp,9427974.0,151,142.05792007911774,56.4939389430881,40-151,pass,215498.0,5053043.0,62.0,PASS,95.72,86.28,79.77,"NZ_CP017186.1 Enterobacter hormaechei subsp. hoffmannii strain DSM 14563 chromosome, complete genome",Enterobacter hormaechei
MI_KPC_1055,18874140,2849995140,151,474.999,koxytoca,50,pass,pass,56.0,1.3 Gbp,9197647.0,151,143.8029488411547,61.82625343191065,40-151,pass,161209.0,6051468.0,83.0,PASS,98.97,87.03,88.93,"NZ_PRDB01000030.1 Klebsiella michiganensis strain DSM 25444 map unlocalized plasmid unnamed1 contig_30, whole genome shotgun sequence",Klebsiella michiganensis
MI_KPC_1056,24677386,3726285286,151,621.048,klebsiella,219,warn,pass,57.0,1.7 Gbp,12052494.0,151,141.45122171394567,62.04146408931869,40-151,pass,128321.0,10313744.0,188.0,FAIL,98.88,84.59,45.37,"NZ_KN046818.1 Klebsiella pneumoniae strain ATCC 13883 scaffold1, whole genome shotgun sequence",Klebsiella pneumoniae
MI_KPC_1057,20181546,3047413446,151,507.902,ecloacae,200,pass,pass,54.0,1.4 Gbp,9844121.0,151,142.33676333316097,55.36449694684582,40-151,pass,195318.0,5107168.0,78.0,PASS,95.73,86.2,78.86,"NZ_CP017186.1 Enterobacter hormaechei subsp. hoffmannii strain DSM 14563 chromosome, complete genome",Enterobacter hormaechei
MI_KPC_1058,20519798,3098489498,151,516.415,klebsiella,11,pass,pass,57.0,1.4 Gbp,10023702.0,151,141.99152857896215,58.13200816724866,40-151,pass,185395.0,5716634.0,68.0,PASS,99.03,88.53,85.79,"NZ_KN046818.1 Klebsiella pneumoniae strain ATCC 13883 scaffold1, whole genome shotgun sequence",Klebsiella pneumoniae
MI_KPC_1059,20475108,3091741308,151,515.29,klebsiella,-,pass,pass,57.0,1.4 Gbp,9994992.0,151,142.01597960258496,57.07530583489957,40-151,pass,173553.0,5482027.0,90.0,PASS,99.12,85.54,86.3,"NZ_KN046818.1 Klebsiella pneumoniae strain ATCC 13883 scaffold1, whole genome shotgun sequence",Klebsiella pneumoniae
MI_KPC_105,12649172,1910024972,151,318.337,koxytoca,77,fail,pass,59.0,877.4 Mbp,6116746.0,151,143.47264411502456,54.70352839322416,40-151,pass,175045.0,12455452.0,212.0,FAIL,99.31,94.67,47.58,"NZ_LN831024.1 Pseudomonas aeruginosa strain NCTC10332 chromosome 1, complete sequence",Pseudomonas aeruginosa
MI_KPC_1060,23693594,3577732694,151,596.289,cfreundii,22,warn,pass,52.0,1.6 Gbp,11553868.0,151,138.8612977056688,52.33473397236625,40-151,pass,269992.0,5673591.0,80.0,PASS,98.86,90.05,78.55,"NZ_CP049015.1 Citrobacter freundii ATCC 8090 = MTCC 1658 = NBRC 12681 strain ATCC 8090 chromosome, complete genome",Citrobacter freundii
MI_KPC_1061,22665968,3422561168,151,570.427,ecloacae,117,warn,pass,54.0,1.5 Gbp,11079696.0,151,140.89726929330914,52.368763805554,40-151,pass,304525.0,5067145.0,69.0,PASS,96.03,85.95,79.25,"NZ_CP017186.1 Enterobacter hormaechei subsp. hoffmannii strain DSM 14563 chromosome, complete genome",Enterobacter hormaechei
MI_KPC_1062,22945548,3464777748,151,577.463,klebsiella,219,warn,pass,57.0,1.5 Gbp,11193009.0,151,139.90311443509069,54.45210638711245,40-151,pass,262128.0,5448246.0,48.0,PASS,99.02,83.43,84.79,"NZ_KN046818.1 Klebsiella pneumoniae strain ATCC 13883 scaffold1, whole genome shotgun sequence",Klebsiella pneumoniae
MI_KPC_1063,22621092,3415784892,151,569.297,cfreundii,11,warn,pass,51.0,1.5 Gbp,11029298.0,151,139.8270598908471,54.14027461873009,40-151,pass,200574.0,5490552.0,89.0,PASS,98.39,86.93,78.4,"NZ_CP049015.1 Citrobacter freundii ATCC 8090 = MTCC 1658 = NBRC 12681 strain ATCC 8090 chromosome, complete genome",Citrobacter freundii
MI_KPC_1064,23301008,3518452208,151,586.409,klebsiella,359,pass,pass,56.0,1.5 Gbp,11321087.0,151,140.78033884908754,53.377370598179375,40-151,pass,94973.0,5399695.0,118.0,PASS,99.07,82.82,84.88,"NZ_KN046818.1 Klebsiella pneumoniae strain ATCC 13883 scaffold1, whole genome shotgun sequence",Klebsiella pneumoniae
MI_KPC_1065,20553878,3103635578,151,517.273,klebsiella,11,pass,pass,57.0,1.4 Gbp,10056209.0,151,140.8917931200515,56.29558618663366,40-151,pass,198141.0,5426391.0,81.0,PASS,99.08,86.04,87.81,"NZ_KN046818.1 Klebsiella pneumoniae strain ATCC 13883 scaffold1, whole genome shotgun sequence",Klebsiella pneumoniae
MI_KPC_1066,16539246,2497426146,151,416.238,ecoli_achtman_4,227,warn,pass,51.0,1.1 Gbp,8052732.0,151,141.46406350043688,59.23441917140266,40-151,pass,111913.0,4777654.0,100.0,PASS,96.92,75.99,79.89,"NZ_CP033092.2 Escherichia coli DSM 30083 = JCM 1649 = ATCC 11775 chromosome, complete genome",Escherichia coli
MI_KPC_1067,103650,15651150,151,2.60853,-,-,pass,pass,45.0,843.8 kbp,5985.0,151,141.00818713450292,92.31411862990812,40-151,pass,3142.0,3142.0,1.0,FAIL,100.0,0.04,30.17,"NZ_RCNS01000010.1 Zobellia laminariae strain KMM 3676 NODE_10_length_1768_cov_0.931140, whole genome shotgun sequence",Zobellia laminariae
MI_KPC_1068,20393372,3079399172,151,513.233,klebsiella,17,pass,pass,57.0,1.4 Gbp,9943481.0,151,142.25605791372257,57.2495167458714,40-151,pass,185682.0,5510928.0,74.0,PASS,99.08,85.38,85.82,"NZ_KN046818.1 Klebsiella pneumoniae strain ATCC 13883 scaffold1, whole genome shotgun sequence",Klebsiella pneumoniae
MI_KPC_1069,13226650,1997224150,151,332.871,klebsiella,11,pass,pass,57.0,915.2 Mbp,6443130.0,151,142.06375286545514,67.69732274314957,40-151,pass,181902.0,5658027.0,103.0,PASS,99.13,89.0,87.11,"NZ_KN046818.1 Klebsiella pneumoniae strain ATCC 13883 scaffold1, whole genome shotgun sequence",Klebsiella pneumoniae
MI_KPC_106,7638616,1153431016,151,192.239,cfreundii,1100,fail,pass,52.0,524 Mbp,3696668.0,151,141.77478772775916,52.19894413246209,40-151,pass,126189.0,5469030.0,136.0,PASS,98.84,89.52,78.75,"NZ_CP049015.1 Citrobacter freundii ATCC 8090 = MTCC 1658 = NBRC 12681 strain ATCC 8090 chromosome, complete genome",Citrobacter freundii
MI_KPC_1070,21620246,3264657146,151,544.109,klebsiella,37,pass,pass,57.0,1.5 Gbp,10526529.0,151,143.40019183911429,54.42984108951256,40-151,pass,173632.0,5361827.0,54.0,PASS,98.86,85.84,88.66,"NZ_KN046818.1 Klebsiella pneumoniae strain ATCC 13883 scaffold1, whole genome shotgun sequence",Klebsiella pneumoniae
MI_KPC_1071,96718,14604418,151,2.43407,-,-,pass,pass,45.0,1 Mbp,7599.0,151,140.16331096196868,93.249111725227,40-151,pass,4113.0,4113.0,1.0,FAIL,100.0,0.02,19.81,"NZ_AAXW01000163.1 Crocosphaera chwakensis CCY0110 1101676644536, whole genome shotgun sequence",Crocosphaera chwakensis
MI_KPC_1072,16837372,2542443172,151,423.741,klebsiella,11,pass,pass,57.0,1.1 Gbp,8182710.0,151,141.61168634841025,63.791729720437175,40-151,pass,198141.0,5771197.0,83.0,PASS,99.07,88.57,84.96,"NZ_KN046818.1 Klebsiella pneumoniae strain ATCC 13883 scaffold1, whole genome shotgun sequence",Klebsiella pneumoniae
MI_KPC_1073,14032402,2118892702,151,353.149,cfreundii,116,pass,pass,52.0,966.8 Mbp,6801372.0,151,142.16778644073577,64.42868823779503,40-151,pass,135798.0,5135398.0,100.0,PASS,98.88,86.93,83.84,"NZ_CP049015.1 Citrobacter freundii ATCC 8090 = MTCC 1658 = NBRC 12681 strain ATCC 8090 chromosome, complete genome",Citrobacter freundii
MI_KPC_1074,26695914,4031083014,151,671.847,koxytoca,193,pass,pass,55.0,1.7 Gbp,13064092.0,151,137.5843853518484,54.43773744045005,40-151,pass,177515.0,6368722.0,73.0,PASS,95.69,80.69,78.09,"NZ_FZTC01000054.1 Klebsiella grimontii strain 06D021, whole genome shotgun sequence",Klebsiella grimontii
MI_KPC_1075,26072020,3936875020,151,656.146,klebsiella,219,pass,pass,57.0,1.7 Gbp,12705374.0,151,138.11834385985017,51.952775312262624,40-151,pass,216446.0,5401167.0,53.0,PASS,99.08,84.44,86.59,"NZ_KN046818.1 Klebsiella pneumoniae strain ATCC 13883 scaffold1, whole genome shotgun sequence",Klebsiella pneumoniae
MI_KPC_1076,19467780,2939634780,151,489.939,koxytoca,135,pass,pass,56.0,1.3 Gbp,9485832.0,151,142.2507100062493,58.10935217038733,40-151,pass,98721.0,5823777.0,126.0,PASS,98.88,83.44,88.47,"NZ_PRDB01000030.1 Klebsiella michiganensis strain DSM 25444 map unlocalized plasmid unnamed1 contig_30, whole genome shotgun sequence",Klebsiella michiganensis
MI_KPC_1077,21089294,3184483394,151,530.747,klebsiella,268,pass,pass,57.0,1.4 Gbp,10247218.0,151,140.71873205000617,56.39575007938172,40-151,pass,185608.0,5439069.0,67.0,PASS,99.08,87.08,88.59,"NZ_KN046818.1 Klebsiella pneumoniae strain ATCC 13883 scaffold1, whole genome shotgun sequence",Klebsiella pneumoniae
MI_KPC_1078,110004,16610604,151,2.76843,-,-,pass,pass,44.0,1 Mbp,7579.0,151,140.70919646391346,93.23129700488192,40-151,pass,2579.0,4044.0,2.0,FAIL,100.0,0.02,17.71,"NZ_PEBS01000100.1 Janthinobacterium sp. ROICE36 NODE_100_length_15167_cov_79.5368, whole genome shotgun sequence",Janthinobacterium sp
MI_KPC_1079,15241884,2301524484,151,383.587,cfreundii,111,warn,pass,52.0,1 Gbp,7408975.0,151,143.4014948086611,61.74671925238937,40-151,pass,132212.0,4916969.0,67.0,PASS,98.48,85.08,85.64,"NZ_CP049015.1 Citrobacter freundii ATCC 8090 = MTCC 1658 = NBRC 12681 strain ATCC 8090 chromosome, complete genome",Citrobacter freundii
MI_KPC_107,13917136,2101487536,151,350.248,klebsiella,258,fail,pass,57.0,953.7 Mbp,6689265.0,151,142.5922563988719,41.20907976715218,40-151,pass,137373.0,5551072.0,97.0,PASS,99.0,86.34,84.09,"NZ_KN046818.1 Klebsiella pneumoniae strain ATCC 13883 scaffold1, whole genome shotgun sequence",Klebsiella pneumoniae
MI_KPC_1080,18733816,2828806216,151,471.468,klebsiella,13,warn,pass,55.0,1.2 Gbp,9146183.0,151,138.8270795587624,65.0047355491067,40-151,pass,180683.0,10691838.0,189.0,FAIL,98.91,85.9,44.45,"NZ_KN046818.1 Klebsiella pneumoniae strain ATCC 13883 scaffold1, whole genome shotgun sequence",Klebsiella pneumoniae
MI_KPC_1081,21937164,3312511764,151,552.085,koxytoca,88,warn,pass,55.0,1.5 Gbp,10705648.0,151,141.19915562327475,57.59822017830846,40-151,pass,93233.0,6334455.0,150.0,PASS,98.6,86.29,84.26,"NZ_PRDB01000030.1 Klebsiella michiganensis strain DSM 25444 map unlocalized plasmid unnamed1 contig_30, whole genome shotgun sequence",Klebsiella michiganensis
MI_KPC_1082,18602732,2809012532,151,468.169,ecoli_achtman_4,410,warn,pass,51.0,1.2 Gbp,9031844.0,151,138.8877780661402,55.18844865015101,40-151,pass,111596.0,5186186.0,141.0,PASS,96.83,79.75,77.24,"NZ_CP033092.2 Escherichia coli DSM 30083 = JCM 1649 = ATCC 11775 chromosome, complete genome",Escherichia coli
MI_KPC_1083,112486,16985386,151,2.8309,-,-,warn,pass,45.0,1.1 Mbp,8313.0,151,139.16780945507037,92.51774329363649,40-151,pass,3557.0,5149.0,2.0,FAIL,99.3,0.03,20.1,"NZ_NRRV01000001.1 Thiohalocapsa halophila strain DSM 6210 scaffold0001, whole genome shotgun sequence",Thiohalocapsa halophila
MI_KPC_1084,13154478,1986326178,151,331.054,ecloacae,78,pass,pass,55.0,902.3 Mbp,6347072.0,151,142.1860813931211,62.94011726883506,40-151,pass,325348.0,4842850.0,47.0,PASS,99.09,90.66,87.53,"NZ_CP017186.1 Enterobacter hormaechei subsp. hoffmannii strain DSM 14563 chromosome, complete genome",Enterobacter hormaechei
MI_KPC_1085,14874142,2245995442,151,374.333,cfreundii,-,warn,pass,52.0,1 Gbp,7227723.0,151,139.1252619946835,63.91980705406682,40-151,pass,276601.0,5214867.0,34.0,PASS,99.09,89.86,87.68,"CP083650.1 Citrobacter europaeus strain FDAARGOS_1490 chromosome, complete genome",Citrobacter europaeus
MI_KPC_1086,22356054,3375764154,151,562.627,klebsiella,11,pass,pass,57.0,1.5 Gbp,10842652.0,151,141.35623258959154,55.79382815140088,40-151,pass,198148.0,5564158.0,76.0,PASS,99.08,88.83,88.46,"NZ_KN046818.1 Klebsiella pneumoniae strain ATCC 13883 scaffold1, whole genome shotgun sequence",Klebsiella pneumoniae
MI_KPC_1087,20716548,3128198748,151,521.366,koxytoca,98,pass,pass,55.0,1.3 Gbp,9920491.0,151,140.44541152247405,61.58509110012478,40-151,pass,106814.0,6678548.0,131.0,PASS,98.88,89.31,82.66,"NZ_PRDB01000030.1 Klebsiella michiganensis strain DSM 25444 map unlocalized plasmid unnamed1 contig_30, whole genome shotgun sequence",Klebsiella michiganensis
MI_KPC_1088,19737958,2980431658,151,496.739,cfreundii,111,warn,pass,54.0,1.3 Gbp,9650503.0,151,141.6544506540229,70.2506993102483,40-151,pass,63495.0,15052488.0,1469.0,FAIL,97.92,85.13,27.58,"NZ_CP049015.1 Citrobacter freundii ATCC 8090 = MTCC 1658 = NBRC 12681 strain ATCC 8090 chromosome, complete genome",Citrobacter freundii
MI_KPC_1089,11770938,1777411638,151,296.235,ecloacae,303,pass,pass,55.0,831.1 Mbp,5730648.0,151,145.04986556494134,67.43046558813045,40-151,pass,244912.0,4885907.0,40.0,PASS,95.72,86.58,82.77,"NZ_CP017186.1 Enterobacter hormaechei subsp. hoffmannii strain DSM 14563 chromosome, complete genome",Enterobacter hormaechei
MI_KPC_108,13046248,1969983448,151,328.331,koxytoca,554,fail,pass,55.0,903 Mbp,6320377.0,151,142.89194584436973,43.7174696612424,40-151,pass,180446.0,6192313.0,108.0,PASS,97.56,82.3,80.65,"NZ_PRDB01000030.1 Klebsiella michiganensis strain DSM 25444 map unlocalized plasmid unnamed1 contig_30, whole genome shotgun sequence",Klebsiella michiganensis
MI_KPC_1090,22525368,3401330568,151,566.888,klebsiella,13,pass,pass,57.0,1.5 Gbp,10978222.0,151,141.43040785657277,54.80929820531334,40-151,pass,222673.0,5418726.0,56.0,PASS,99.03,85.38,87.33,"NZ_KN046818.1 Klebsiella pneumoniae strain ATCC 13883 scaffold1, whole genome shotgun sequence",Klebsiella pneumoniae
MI_KPC_1091,22517690,3400171190,151,566.695,koxytoca,-,pass,pass,55.0,1.5 Gbp,10955802.0,151,141.19165580027826,56.9926513143589,40-151,pass,146347.0,6372910.0,131.0,PASS,97.91,82.45,79.91,"NZ_PRDB01000030.1 Klebsiella michiganensis strain DSM 25444 map unlocalized plasmid unnamed1 contig_30, whole genome shotgun sequence",Klebsiella michiganensis
MI_KPC_1092,24395888,3683779088,151,613.963,ecloacae,-,pass,pass,56.0,1.6 Gbp,11895738.0,151,141.8394700690281,65.76563229029976,40-151,pass,142990.0,10362861.0,155.0,FAIL,98.84,86.9,46.38,"NZ_KN046818.1 Klebsiella pneumoniae strain ATCC 13883 scaffold1, whole genome shotgun sequence",Klebsiella pneumoniae
MI_KPC_1093,23885944,3606777544,151,601.13,klebsiella,258,pass,pass,57.0,1.6 Gbp,11654672.0,151,142.3202467645593,53.886084027643946,40-151,pass,129409.0,5646064.0,86.0,PASS,98.91,85.76,84.09,"NZ_KN046818.1 Klebsiella pneumoniae strain ATCC 13883 scaffold1, whole genome shotgun sequence",Klebsiella pneumoniae
MI_KPC_1094,19961954,3014255054,151,502.376,ecloacae,190,warn,pass,55.0,1.3 Gbp,9725542.0,151,143.32698229054998,55.37343661363915,40-151,pass,286415.0,5002336.0,56.0,PASS,95.61,86.5,80.82,"NZ_CP017186.1 Enterobacter hormaechei subsp. hoffmannii strain DSM 14563 chromosome, complete genome",Enterobacter hormaechei
MI_KPC_1095,11528370,1740783870,151,290.131,ecloacae,1015,pass,pass,55.0,796.4 Mbp,5598640.0,151,142.27133946815655,67.54164604846463,40-151,pass,263485.0,4860895.0,58.0,PASS,95.51,86.32,83.0,"NZ_CP017186.1 Enterobacter hormaechei subsp. hoffmannii strain DSM 14563 chromosome, complete genome",Enterobacter hormaechei
MI_KPC_1096,20360174,3074386274,151,512.398,klebsiella,13,pass,pass,57.0,1.3 Gbp,9921656.0,151,140.7776232112865,57.23588264606301,40-151,pass,203600.0,5422884.0,56.0,PASS,99.02,85.46,87.35,"NZ_KN046818.1 Klebsiella pneumoniae strain ATCC 13883 scaffold1, whole genome shotgun sequence",Klebsiella pneumoniae
MI_KPC_1097,22814384,3444971984,151,574.162,klebsiella,258,pass,pass,57.0,1.5 Gbp,11073330.0,151,143.24553652785568,54.40969594129499,40-151,pass,137513.0,5479076.0,78.0,PASS,98.97,85.14,86.11,"NZ_KN046818.1 Klebsiella pneumoniae strain ATCC 13883 scaffold1, whole genome shotgun sequence",Klebsiella pneumoniae
MI_KPC_1098,14488500,2187763500,151,364.627,klebsiella,16,pass,pass,57.0,1 Gbp,7047428.0,151,143.25795098580645,65.14993133434415,40-151,pass,185816.0,5564180.0,65.0,PASS,99.08,85.81,85.42,"NZ_KN046818.1 Klebsiella pneumoniae strain ATCC 13883 scaffold1, whole genome shotgun sequence",Klebsiella pneumoniae
MI_KPC_1099,17905548,2703737748,151,450.623,cfreundii,18,pass,pass,52.0,1.2 Gbp,8643800.0,151,142.5681991716606,61.56566491819586,40-151,pass,229775.0,5603290.0,72.0,PASS,98.92,90.2,79.7,"NZ_CP049015.1 Citrobacter freundii ATCC 8090 = MTCC 1658 = NBRC 12681 strain ATCC 8090 chromosome, complete genome",Citrobacter freundii
MI_KPC_109,8541648,1289788848,151,214.965,ecloacae,171,fail,pass,54.0,584.1 Mbp,4115130.0,151,141.96164616913683,49.36121956343463,40-151,pass,283899.0,5290922.0,70.0,PASS,95.85,86.49,76.04,"NZ_CP017186.1 Enterobacter hormaechei subsp. hoffmannii strain DSM 14563 chromosome, complete genome",Enterobacter hormaechei
MI_KPC_10,18876276,2850317676,151,475.053,ecloacae,461,fail,pass,55.0,895.7 Mbp,8848846.0,97,101.24554693346454,33.75273625729409,40-151,pass,232900.0,4912286.0,49.0,PASS,95.72,85.91,81.7,"NZ_CP017186.1 Enterobacter hormaechei subsp. hoffmannii strain DSM 14563 chromosome, complete genome",Enterobacter hormaechei
MI_KPC_1100,199262,30088562,151,5.01476,-,-,pass,pass,44.0,905.7 kbp,6527.0,151,138.78182932434504,91.71135284204075,40-151,pass,1284.0,2297.0,2.0,FAIL,100.0,0.04,35.84,"NZ_PXOH01000030.1 Aphanothece hegewaldii CCALA 016 NODE_100_length_53904_cov_62.2298_ID_75099, whole genome shotgun sequence",Aphanothece hegewaldii
MI_KPC_1101,18638374,2814394474,151,469.066,klebsiella,219,pass,pass,57.0,1.2 Gbp,9063095.0,151,141.86448393181357,60.509397967606745,40-151,pass,220126.0,5451925.0,56.0,PASS,99.02,84.85,86.13,"NZ_KN046818.1 Klebsiella pneumoniae strain ATCC 13883 scaffold1, whole genome shotgun sequence",Klebsiella pneumoniae
MI_KPC_1102,20832522,3145710822,151,524.285,klebsiella,1694,pass,pass,56.0,1.4 Gbp,10070303.0,151,141.78836654666696,56.67976201175555,40-151,pass,145955.0,5822952.0,103.0,PASS,99.07,86.13,81.84,"NZ_KN046818.1 Klebsiella pneumoniae strain ATCC 13883 scaffold1, whole genome shotgun sequence",Klebsiella pneumoniae
MI_KPC_1103,198230,29932730,151,4.98879,-,-,pass,pass,44.0,1.1 Mbp,8512.0,151,138.5560385338346,92.34022556390975,40-151,pass,1575.0,6224.0,4.0,FAIL,99.22,0.03,16.26,"NZ_LMSB01000001.1 Arthrobacter sp. Soil736 contig_1, whole genome shotgun sequence",Arthrobacter sp
MI_KPC_1104,21691150,3275363650,151,545.894,klebsiella,36,pass,pass,57.0,1.4 Gbp,10575301.0,151,139.30886118513317,55.38306521514751,40-151,pass,239780.0,5295263.0,50.0,PASS,99.13,86.57,90.59,"NZ_KN046818.1 Klebsiella pneumoniae strain ATCC 13883 scaffold1, whole genome shotgun sequence",Klebsiella pneumoniae
MI_KPC_1105,18381030,2775535530,151,462.589,ecloacae,171,warn,pass,54.0,1.2 Gbp,8958492.0,151,141.5314925770989,57.8151949359101,40-151,pass,273389.0,5163414.0,72.0,PASS,95.73,86.43,78.19,"NZ_CP017186.1 Enterobacter hormaechei subsp. hoffmannii strain DSM 14563 chromosome, complete genome",Enterobacter hormaechei
MI_KPC_1106,18297924,2762986524,151,460.498,cfreundii,396,warn,pass,52.0,1.2 Gbp,8875071.0,151,142.4762774292172,59.04766308853687,40-151,pass,152092.0,5348739.0,78.0,PASS,98.9,88.69,82.03,"NZ_CP049015.1 Citrobacter freundii ATCC 8090 = MTCC 1658 = NBRC 12681 strain ATCC 8090 chromosome, complete genome",Citrobacter freundii
MI_KPC_1107,13729278,2073120978,151,345.52,klebsiella,13,pass,pass,56.0,949.7 Mbp,6654155.0,151,142.74830868833084,68.2723181091671,40-151,pass,119479.0,5907990.0,140.0,PASS,98.95,83.4,77.99,"NZ_KN046818.1 Klebsiella pneumoniae strain ATCC 13883 scaffold1, whole genome shotgun sequence",Klebsiella pneumoniae
MI_KPC_1108,150584,22738184,151,3.7897,-,-,warn,pass,43.0,1.4 Mbp,10344.0,151,139.9694508894045,91.73433874709976,40-151,pass,5253.0,5253.0,1.0,FAIL,100.0,0.07,16.36,"NZ_QLZA01000001.1 Bifidobacterium tibiigranuli strain TMW 2.2057 Bifidobacterium_spec_TMW22057_seq1, whole genome shotgun sequence",Bifidobacterium tibiigranuli
MI_KPC_1109,23414492,3535588292,151,589.265,klebsiella,11,warn,pass,57.0,1.5 Gbp,11431417.0,151,139.00900080891108,54.51907946959743,40-151,pass,198148.0,5687614.0,74.0,PASS,99.03,88.03,85.81,"NZ_KN046818.1 Klebsiella pneumoniae strain ATCC 13883 scaffold1, whole genome shotgun sequence",Klebsiella pneumoniae
MI_KPC_110,8126106,1227042006,151,204.507,aeromonas,2363,fail,pass,51.0,550.2 Mbp,3903094.0,151,140.98645279872838,53.77316251549116,40-151,pass,46493.0,9864253.0,408.0,FAIL,96.46,78.98,39.92,"NZ_CP033092.2 Escherichia coli DSM 30083 = JCM 1649 = ATCC 11775 chromosome, complete genome",Escherichia coli
MI_KPC_1110,161670,24412170,151,4.0687,-,-,pass,pass,44.0,1.3 Mbp,9701.0,151,139.2289454695392,92.57808473353263,40-151,pass,4870.0,4870.0,1.0,FAIL,99.15,0.06,24.47,"QXXF01000085.1 Clostridiales bacterium strain 16 Scaffold102_1, whole genome shotgun sequence",Clostridiales bacterium
MI_KPC_1111,12637684,1908290284,151,318.048,ecloacae,171,pass,pass,54.0,862.2 Mbp,6148987.0,151,140.24139959964137,66.3556536902328,40-151,pass,242002.0,5179699.0,63.0,PASS,95.9,86.39,77.96,"NZ_CP017186.1 Enterobacter hormaechei subsp. hoffmannii strain DSM 14563 chromosome, complete genome",Enterobacter hormaechei
MI_KPC_1112,12022068,1815332268,151,302.555,ecloacae,92,pass,pass,55.0,801 Mbp,5810527.0,151,137.88093265894815,67.33980173001777,40-151,pass,465258.0,4892610.0,26.0,PASS,95.72,86.61,82.77,"NZ_CP017186.1 Enterobacter hormaechei subsp. hoffmannii strain DSM 14563 chromosome, complete genome",Enterobacter hormaechei
MI_KPC_1113,16633818,2511706518,151,418.618,cfreundii,22,warn,pass,52.0,1.1 Gbp,8106982.0,151,141.15133695868573,60.67847818592972,40-151,pass,190365.0,5217072.0,54.0,PASS,98.86,89.41,84.89,"NZ_CP049015.1 Citrobacter freundii ATCC 8090 = MTCC 1658 = NBRC 12681 strain ATCC 8090 chromosome, complete genome",Citrobacter freundii
MI_KPC_1114,23426924,3537465524,151,589.578,klebsiella,11,pass,pass,57.0,1.5 Gbp,11385385.0,151,140.39967669077507,55.62485562493901,40-151,pass,180701.0,5686542.0,72.0,PASS,99.14,87.93,85.69,"NZ_KN046818.1 Klebsiella pneumoniae strain ATCC 13883 scaffold1, whole genome shotgun sequence",Klebsiella pneumoniae
MI_KPC_1115,20015296,3022309696,151,503.718,ecoli_achtman_4,12928,warn,pass,50.0,1.3 Gbp,9752850.0,151,137.38922386789503,55.98121218416795,40-151,pass,276417.0,4989291.0,32.0,PASS,96.91,77.52,78.16,"NZ_CP033092.2 Escherichia coli DSM 30083 = JCM 1649 = ATCC 11775 chromosome, complete genome",Escherichia coli
MI_KPC_111,8676580,1310163580,151,218.361,koxytoca,98,fail,pass,56.0,594.2 Mbp,4172815.0,151,142.43214161183758,52.84112886456318,40-151,pass,100673.0,6684907.0,140.0,PASS,98.95,89.25,81.4,"NZ_PRDB01000030.1 Klebsiella michiganensis strain DSM 25444 map unlocalized plasmid unnamed1 contig_30, whole genome shotgun sequence",Klebsiella michiganensis
MI_KPC_112,11444946,1728186846,151,288.031,cfreundii,1101,fail,pass,51.0,780.3 Mbp,5525619.0,151,141.23585448073783,44.81701365980228,40-151,pass,336236.0,5361642.0,39.0,PASS,98.41,89.14,80.6,"NZ_CP049015.1 Citrobacter freundii ATCC 8090 = MTCC 1658 = NBRC 12681 strain ATCC 8090 chromosome, complete genome",Citrobacter freundii
MI_KPC_113,10505174,1586281274,151,264.38,ecloacae,171,fail,pass,55.0,718.3 Mbp,5068309.0,151,141.75298506858994,45.00854726328882,40-151,pass,298291.0,5042147.0,56.0,PASS,95.77,86.36,79.2,"NZ_CP017186.1 Enterobacter hormaechei subsp. hoffmannii strain DSM 14563 chromosome, complete genome",Enterobacter hormaechei
MI_KPC_114,10983518,1658511218,151,276.419,cfreundii,22,fail,pass,52.0,750.7 Mbp,5309917.0,151,141.4087741861125,44.41430808183216,40-151,pass,171073.0,5525391.0,83.0,PASS,98.88,90.07,79.33,"NZ_CP049015.1 Citrobacter freundii ATCC 8090 = MTCC 1658 = NBRC 12681 strain ATCC 8090 chromosome, complete genome",Citrobacter freundii
MI_KPC_115,10480228,1582514428,151,263.752,ecloacae,-,fail,pass,56.0,719.1 Mbp,5069337.0,151,141.89056063938932,45.81582018326751,40-151,pass,168449.0,5182943.0,70.0,PASS,98.42,87.44,81.23,"NZ_CP017184.1 Enterobacter roggenkampii strain DSM 16690 chromosome, complete genome",Enterobacter roggenkampii
MI_KPC_116,7864532,1187544332,151,197.924,ecloacae,171,fail,pass,55.0,535.1 Mbp,3786866.0,151,141.33086092827156,51.18614382922138,40-151,pass,269537.0,5177826.0,71.0,PASS,95.71,86.38,77.47,"NZ_CP017186.1 Enterobacter hormaechei subsp. hoffmannii strain DSM 14563 chromosome, complete genome",Enterobacter hormaechei
MI_KPC_117,9787510,1477914010,151,246.319,ecloacae,171,fail,pass,55.0,667.3 Mbp,4709857.0,151,141.71540431057673,45.70853496580101,40-151,pass,338828.0,4900271.0,43.0,PASS,95.73,86.66,82.14,"NZ_CP017186.1 Enterobacter hormaechei subsp. hoffmannii strain DSM 14563 chromosome, complete genome",Enterobacter hormaechei
MI_KPC_118,11059856,1670038256,151,278.34,klebsiella,11,fail,pass,57.0,754.6 Mbp,5302225.0,151,142.34466587140304,46.04440614913872,40-151,pass,230833.0,5599508.0,83.0,PASS,99.1,88.67,86.32,"NZ_KN046818.1 Klebsiella pneumoniae strain ATCC 13883 scaffold1, whole genome shotgun sequence",Klebsiella pneumoniae
MI_KPC_119,10045770,1516911270,151,252.819,ecloacae,171,fail,pass,54.0,687 Mbp,4835739.0,151,142.10322517406337,45.806597768952514,40-151,pass,172798.0,5165779.0,72.0,PASS,95.85,86.52,77.91,"NZ_CP017186.1 Enterobacter hormaechei subsp. hoffmannii strain DSM 14563 chromosome, complete genome",Enterobacter hormaechei
MI_KPC_11,13220414,1996282514,151,332.714,cfreundii,163,fail,pass,52.0,654.9 Mbp,6133901.0,112,106.7912429626758,37.647772200770405,40-151,pass,261733.0,5077915.0,44.0,PASS,98.86,89.15,86.91,"NZ_CP049015.1 Citrobacter freundii ATCC 8090 = MTCC 1658 = NBRC 12681 strain ATCC 8090 chromosome, complete genome",Citrobacter freundii
MI_KPC_120,6625454,1000443554,151,166.741,cfreundii,915,fail,pass,52.0,451.3 Mbp,3204200.0,151,140.8871818238562,52.45975911649554,40-151,pass,193319.0,5175162.0,77.0,PASS,98.83,90.19,84.49,"NZ_CP049015.1 Citrobacter freundii ATCC 8090 = MTCC 1658 = NBRC 12681 strain ATCC 8090 chromosome, complete genome",Citrobacter freundii
MI_KPC_121,13301288,2008494488,151,334.749,koxytoca,135,fail,pass,56.0,903.5 Mbp,6350970.0,151,142.28888768172422,43.001231511200125,40-151,pass,98721.0,5833269.0,128.0,PASS,98.89,83.52,86.79,"NZ_PRDB01000030.1 Klebsiella michiganensis strain DSM 25444 map unlocalized plasmid unnamed1 contig_30, whole genome shotgun sequence",Klebsiella michiganensis
MI_KPC_122,11385464,1719205064,151,286.534,ecloacae,171,fail,pass,55.0,776 Mbp,5481197.0,151,141.6046930989709,43.90432355520143,40-151,pass,294715.0,5165119.0,65.0,PASS,95.83,86.57,77.68,"NZ_CP017186.1 Enterobacter hormaechei subsp. hoffmannii strain DSM 14563 chromosome, complete genome",Enterobacter hormaechei
MI_KPC_123,8031794,1212800894,151,202.133,ecoli_achtman_4,12928,fail,pass,50.0,548.9 Mbp,3878038.0,151,141.585597149899,50.49628163992877,40-151,pass,354094.0,5010172.0,40.0,PASS,96.56,77.37,76.04,"NZ_CP033092.2 Escherichia coli DSM 30083 = JCM 1649 = ATCC 11775 chromosome, complete genome",Escherichia coli
MI_KPC_124,8155704,1231511304,151,205.252,ecloacae,171,fail,pass,55.0,555.7 Mbp,3928013.0,151,141.51377375787706,49.60436234175618,40-151,pass,283715.0,4950467.0,46.0,PASS,95.83,86.39,80.87,"NZ_CP017186.1 Enterobacter hormaechei subsp. hoffmannii strain DSM 14563 chromosome, complete genome",Enterobacter hormaechei
MI_KPC_125,4750826,717374726,151,119.562,ypseudotuberculosis_achtman_3,-,fail,pass,59.0,316 Mbp,2300080.0,151,137.44659968348927,63.431987200658135,40-151,pass,328746.0,5295476.0,86.0,PASS,98.91,92.7,82.1,"NZ_CP018925.1 Serratia marcescens strain UMH3 chromosome, complete genome",Serratia marcescens
MI_KPC_126,10049444,1517466044,151,252.911,cfreundii,150,fail,pass,51.0,686.8 Mbp,4856175.0,151,141.4574835132589,46.54324135462721,40-151,pass,87473.0,5602466.0,157.0,PASS,98.71,86.25,74.81,"NZ_CP049015.1 Citrobacter freundii ATCC 8090 = MTCC 1658 = NBRC 12681 strain ATCC 8090 chromosome, complete genome",Citrobacter freundii
MI_KPC_127,7820356,1180873756,151,196.812,cfreundii,22,fail,pass,52.0,533.5 Mbp,3780718.0,151,141.1569707129704,50.30512102137988,40-151,pass,207363.0,5324838.0,84.0,PASS,98.81,89.69,81.65,"NZ_CP049015.1 Citrobacter freundii ATCC 8090 = MTCC 1658 = NBRC 12681 strain ATCC 8090 chromosome, complete genome",Citrobacter freundii
MI_KPC_128,11718838,1769544538,151,294.924,ecloacae,171,fail,pass,55.0,795.9 Mbp,5627035.0,151,141.47451259855325,43.73262717052202,40-151,pass,178413.0,5149791.0,68.0,PASS,95.71,86.2,77.78,"NZ_CP017186.1 Enterobacter hormaechei subsp. hoffmannii strain DSM 14563 chromosome, complete genome",Enterobacter hormaechei
MI_KPC_129,2687920,405875920,151,67.646,ecloacae,93,fail,pass,55.0,183 Mbp,1291409.0,151,141.7464041213899,70.01946628149686,40-151,pass,265054.0,5063032.0,72.0,PASS,95.71,85.33,78.52,"NZ_CP017186.1 Enterobacter hormaechei subsp. hoffmannii strain DSM 14563 chromosome, complete genome",Enterobacter hormaechei
MI_KPC_12,32435418,4897748118,151,816.291,klebsiella,258,fail,pass,58.0,1.4 Gbp,14979543.0,97,99.7904798564282,31.49422910232958,40-151,pass,137347.0,5596166.0,86.0,PASS,98.96,86.68,85.75,"NZ_KN046818.1 Klebsiella pneumoniae strain ATCC 13883 scaffold1, whole genome shotgun sequence",Klebsiella pneumoniae
MI_KPC_130,1932102,291747402,151,48.6246,ypseudotuberculosis_achtman_3,-,fail,pass,59.0,123.1 Mbp,933325.0,151,131.99986071304207,79.14697977046062,40-151,pass,361533.0,5360295.0,63.0,PASS,98.64,90.03,87.97,"NZ_VTUS01000008.1 Serratia nevei strain S15 NODE_10_length_142733_cov_62.796157, whole genome shotgun sequence",Serratia nevei
MI_KPC_131,12061812,1821333612,151,303.556,ecoli_achtman_4,6236,fail,pass,51.0,827.3 Mbp,5828704.0,151,141.97112565674976,42.008115039378026,40-151,pass,202975.0,4966646.0,61.0,PASS,96.73,79.76,79.1,"NZ_CP033092.2 Escherichia coli DSM 30083 = JCM 1649 = ATCC 11775 chromosome, complete genome",Escherichia coli
MI_KPC_132,7849234,1185234334,151,197.539,cfreundii,116,fail,pass,52.0,535.6 Mbp,3786672.0,151,141.46822830179113,50.42462919994893,40-151,pass,136200.0,5147369.0,104.0,PASS,98.85,86.94,81.9,"NZ_CP049015.1 Citrobacter freundii ATCC 8090 = MTCC 1658 = NBRC 12681 strain ATCC 8090 chromosome, complete genome",Citrobacter freundii
MI_KPC_133,7981460,1205200460,151,200.867,ecoli_achtman_4,131,fail,pass,51.0,541.5 Mbp,3837511.0,151,141.15296347033274,54.17865055232315,40-151,pass,16317.0,10093416.0,1910.0,FAIL,98.75,84.41,38.44,"NZ_CP018925.1 Serratia marcescens strain UMH3 chromosome, complete genome",Serratia marcescens
MI_KPC_134,11441368,1727646568,151,287.941,ecloacae,171,fail,pass,54.0,783.6 Mbp,5519607.0,151,142.00458601491013,43.06287233973113,40-151,pass,172629.0,5172651.0,67.0,PASS,95.81,86.55,77.6,"NZ_CP017186.1 Enterobacter hormaechei subsp. hoffmannii strain DSM 14563 chromosome, complete genome",Enterobacter hormaechei
MI_KPC_135,8285390,1251093890,151,208.516,ecloacae,461,fail,pass,55.0,564.2 Mbp,3983257.0,151,141.6667686769897,48.56928501007747,40-151,pass,210419.0,4816573.0,52.0,PASS,95.81,85.72,82.17,"NZ_CP017186.1 Enterobacter hormaechei subsp. hoffmannii strain DSM 14563 chromosome, complete genome",Enterobacter hormaechei
MI_KPC_136,11132234,1680967334,151,280.161,cfreundii,1102,fail,pass,52.0,758.6 Mbp,5359423.0,151,141.56467571229217,44.9017620266113,40-151,pass,275941.0,5248900.0,41.0,PASS,99.14,89.8,85.62,"CP083650.1 Citrobacter europaeus strain FDAARGOS_1490 chromosome, complete genome",Citrobacter europaeus
MI_KPC_137,9077192,1370655992,151,228.443,cfreundii,62,fail,pass,52.0,620.4 Mbp,4371303.0,151,141.95063966053144,48.827718284275534,40-151,pass,145969.0,5697875.0,112.0,PASS,98.31,88.51,75.86,"NZ_CP049015.1 Citrobacter freundii ATCC 8090 = MTCC 1658 = NBRC 12681 strain ATCC 8090 chromosome, complete genome",Citrobacter freundii
MI_KPC_138,11057188,1669635388,151,278.273,klebsiella,258,fail,pass,57.0,757.1 Mbp,5304747.0,151,142.74715740449074,44.80742164829398,40-151,pass,155377.0,5352853.0,79.0,PASS,99.01,84.49,86.17,"NZ_KN046818.1 Klebsiella pneumoniae strain ATCC 13883 scaffold1, whole genome shotgun sequence",Klebsiella pneumoniae
MI_KPC_139,10921042,1649077342,151,274.846,ecloacae,171,fail,pass,55.0,745 Mbp,5248574.0,151,141.97217834787125,43.575689705796606,40-151,pass,269528.0,4923638.0,41.0,PASS,95.87,86.69,81.7,"NZ_CP017186.1 Enterobacter hormaechei subsp. hoffmannii strain DSM 14563 chromosome, complete genome",Enterobacter hormaechei
MI_KPC_13,10570836,1596196236,151,266.033,ecloacae,171,fail,pass,55.0,516.2 Mbp,4876849.0,107,105.88830697854291,42.12672514181874,40-151,pass,217221.0,5071438.0,53.0,PASS,95.75,86.32,79.49,"NZ_CP017186.1 Enterobacter hormaechei subsp. hoffmannii strain DSM 14563 chromosome, complete genome",Enterobacter hormaechei
MI_KPC_140,6963126,1051432026,151,175.239,cfreundii,22,fail,pass,52.0,476.5 Mbp,3370506.0,151,141.41704509649293,53.550441815468645,40-151,pass,166447.0,5231398.0,94.0,PASS,98.89,89.66,83.04,"NZ_CP049015.1 Citrobacter freundii ATCC 8090 = MTCC 1658 = NBRC 12681 strain ATCC 8090 chromosome, complete genome",Citrobacter freundii
MI_KPC_141,9884330,1492533830,151,248.756,ecloacae,461,fail,pass,55.0,675 Mbp,4755571.0,151,141.9754889581083,44.7891012406631,40-151,pass,232891.0,4815142.0,49.0,PASS,95.7,85.68,82.59,"NZ_CP017186.1 Enterobacter hormaechei subsp. hoffmannii strain DSM 14563 chromosome, complete genome",Enterobacter hormaechei
MI_KPC_142,7532418,1137395118,151,189.566,cronobacter,39,fail,pass,52.0,516 Mbp,3639493.0,151,141.80213013186176,51.93732945851626,40-151,pass,408939.0,5228242.0,48.0,PASS,96.03,84.7,78.66,"BBMW01000030.1 Citrobacter werkmanii NBRC 105721 DNA, contig: CIWKM30, whole genome shotgun sequence",Citrobacter werkmanii
MI_KPC_143,12385126,1870154026,151,311.692,klebsiella,258,fail,pass,57.0,849.9 Mbp,5962479.0,151,142.57710056505022,43.86266227110423,40-151,pass,119779.0,5610067.0,91.0,PASS,98.95,86.69,83.81,"NZ_KN046818.1 Klebsiella pneumoniae strain ATCC 13883 scaffold1, whole genome shotgun sequence",Klebsiella pneumoniae
MI_KPC_144,6610122,998128422,151,166.355,ypseudotuberculosis_achtman_3,-,fail,pass,59.0,448.2 Mbp,3199030.0,151,140.14267731156008,56.56523485502027,40-151,pass,330164.0,5253711.0,48.0,PASS,98.91,92.76,89.15,"NZ_CP018925.1 Serratia marcescens strain UMH3 chromosome, complete genome",Serratia marcescens
MI_KPC_145,8126550,1227109050,151,204.518,klebsiella,258,fail,pass,57.0,554.7 Mbp,3899344.0,151,142.29509553401803,52.11559061324335,40-151,pass,137372.0,5634185.0,95.0,PASS,99.0,86.3,83.39,"NZ_KN046818.1 Klebsiella pneumoniae strain ATCC 13883 scaffold1, whole genome shotgun sequence",Klebsiella pneumoniae
MI_KPC_146,8905678,1344757378,151,224.126,ecloacae,171,fail,pass,55.0,609.1 Mbp,4292696.0,151,141.93017022402705,48.17283772101197,40-151,pass,213904.0,5169892.0,69.0,PASS,95.82,86.57,77.75,"NZ_CP017186.1 Enterobacter hormaechei subsp. hoffmannii strain DSM 14563 chromosome, complete genome",Enterobacter hormaechei
MI_KPC_147,13350732,2015960532,151,335.993,cfreundii,19,fail,pass,52.0,908.3 Mbp,6434806.0,151,141.18901067102877,41.92604724890735,40-151,pass,200466.0,5376045.0,98.0,PASS,98.68,89.97,79.79,"NZ_CP049015.1 Citrobacter freundii ATCC 8090 = MTCC 1658 = NBRC 12681 strain ATCC 8090 chromosome, complete genome",Citrobacter freundii
MI_KPC_148,13923822,2102497122,151,350.416,ecloacae,171,fail,pass,55.0,943.2 Mbp,6660923.0,151,141.62412191223348,39.82464200350538,40-151,pass,285587.0,4902202.0,50.0,PASS,95.72,86.47,81.92,"NZ_CP017186.1 Enterobacter hormaechei subsp. hoffmannii strain DSM 14563 chromosome, complete genome",Enterobacter hormaechei
MI_KPC_149,10630814,1605252914,151,267.542,klebsiella,258,fail,pass,57.0,730.2 Mbp,5095188.0,151,143.34829019066618,46.6529204147342,40-151,pass,139046.0,5612962.0,106.0,PASS,99.01,86.43,84.8,"NZ_KN046818.1 Klebsiella pneumoniae strain ATCC 13883 scaffold1, whole genome shotgun sequence",Klebsiella pneumoniae
MI_KPC_14,24732198,3734561898,151,622.427,klebsiella,200,fail,pass,58.0,1.1 Gbp,11360070.0,97,99.05477695119836,34.57109139448381,40-151,pass,250355.0,5183763.0,38.0,PASS,99.02,84.33,90.15,"NZ_KN046818.1 Klebsiella pneumoniae strain ATCC 13883 scaffold1, whole genome shotgun sequence",Klebsiella pneumoniae
MI_KPC_150,10071280,1520763280,151,253.461,klebsiella,258,fail,pass,57.0,693.1 Mbp,4845877.0,151,143.06215448720633,47.942434156448286,40-151,pass,99952.0,5633557.0,92.0,PASS,99.0,87.85,85.92,"NZ_KN046818.1 Klebsiella pneumoniae strain ATCC 13883 scaffold1, whole genome shotgun sequence",Klebsiella pneumoniae
MI_KPC_151,10257096,1548821496,151,258.137,klebsiella,258,fail,pass,57.0,706.9 Mbp,4923668.0,151,143.60944076651796,46.47146896457407,40-151,pass,142205.0,5446140.0,83.0,PASS,99.06,85.88,86.77,"NZ_KN046818.1 Klebsiella pneumoniae strain ATCC 13883 scaffold1, whole genome shotgun sequence",Klebsiella pneumoniae
MI_KPC_152,10355828,1563730028,151,260.622,ecloacae,41,fail,pass,56.0,706.4 Mbp,4935007.0,151,143.1735653059864,44.75561264795005,40-151,pass,97938.0,4930406.0,152.0,PASS,98.04,84.09,76.36,"NZ_CP017184.1 Enterobacter roggenkampii strain DSM 16690 chromosome, complete genome",Enterobacter roggenkampii
MI_KPC_153,9760290,1473803790,151,245.634,kaerogenes,-,fail,pass,55.0,659.7 Mbp,4622255.0,151,142.74416340076434,49.05265504366167,40-151,pass,360268.0,5568196.0,86.0,PASS,98.3,89.83,78.18,"NC_015663.1 Klebsiella aerogenes KCTC 2190, complete sequence",Klebsiella aerogenes
MI_KPC_154,8863226,1338347126,151,223.058,klebsiella,258,fail,pass,56.0,608.5 Mbp,4271440.0,151,142.49730863596352,50.85484565651945,40-151,pass,129409.0,5771303.0,87.0,PASS,99.0,85.89,81.91,"NZ_KN046818.1 Klebsiella pneumoniae strain ATCC 13883 scaffold1, whole genome shotgun sequence",Klebsiella pneumoniae
MI_KPC_155,7247694,1094401794,151,182.4,klebsiella,188,fail,pass,56.0,491.6 Mbp,3444619.0,151,142.75296106768266,54.31943386038027,40-151,pass,140730.0,5795744.0,105.0,PASS,98.9,84.89,80.25,"NZ_KN046818.1 Klebsiella pneumoniae strain ATCC 13883 scaffold1, whole genome shotgun sequence",Klebsiella pneumoniae
MI_KPC_156,11977188,1808555388,151,301.426,klebsiella,258,fail,pass,57.0,813.5 Mbp,5662261.0,151,143.69866772301737,43.5101945978332,40-151,pass,137371.0,5387726.0,75.0,PASS,99.06,85.85,87.67,"NZ_KN046818.1 Klebsiella pneumoniae strain ATCC 13883 scaffold1, whole genome shotgun sequence",Klebsiella pneumoniae
MI_KPC_157,9672572,1460558372,151,243.426,cfreundii,22,fail,pass,52.0,666.8 Mbp,4661551.0,151,143.0731943080747,47.43222257385963,40-151,pass,145959.0,5479436.0,166.0,PASS,98.64,90.06,74.25,"NZ_CP049015.1 Citrobacter freundii ATCC 8090 = MTCC 1658 = NBRC 12681 strain ATCC 8090 chromosome, complete genome",Citrobacter freundii
MI_KPC_158,12324494,1860998594,151,310.166,klebsiella,11,fail,pass,57.0,850.1 Mbp,5919813.0,151,143.6349285019645,43.91977967594651,40-151,pass,183376.0,5618771.0,107.0,PASS,99.12,88.59,86.9,"NZ_KN046818.1 Klebsiella pneumoniae strain ATCC 13883 scaffold1, whole genome shotgun sequence",Klebsiella pneumoniae
MI_KPC_159,7347622,1109490922,151,184.915,ecoli_achtman_4,131,fail,pass,51.0,503.6 Mbp,3533737.0,151,142.53493879142675,51.7780943866871,40-151,pass,221244.0,5363255.0,155.0,PASS,97.8,87.5,73.72,"NZ_CP033092.2 Escherichia coli DSM 30083 = JCM 1649 = ATCC 11775 chromosome, complete genome",Escherichia coli
MI_KPC_15,22646694,3419650794,151,569.942,ecloacae,171,fail,pass,55.0,1 Gbp,10641460.0,92,98.76363515908533,32.31377712818863,40-151,pass,222948.0,5068619.0,60.0,PASS,95.75,86.18,79.37,"NZ_CP017186.1 Enterobacter hormaechei subsp. hoffmannii strain DSM 14563 chromosome, complete genome",Enterobacter hormaechei
MI_KPC_160,10779122,1627647422,151,271.275,klebsiella,11,fail,pass,57.0,740.9 Mbp,5168369.0,151,143.38871121624635,47.44360622118487,40-151,pass,174103.0,5945674.0,84.0,PASS,99.11,88.25,81.76,"NZ_KN046818.1 Klebsiella pneumoniae strain ATCC 13883 scaffold1, whole genome shotgun sequence",Klebsiella pneumoniae
MI_KPC_161,8751340,1321452340,151,220.242,cfreundii,22,fail,pass,52.0,602.5 Mbp,4221045.0,151,142.76144817219432,50.12580707296285,40-151,pass,171921.0,5305142.0,122.0,PASS,98.59,89.51,75.07,"NZ_CP049015.1 Citrobacter freundii ATCC 8090 = MTCC 1658 = NBRC 12681 strain ATCC 8090 chromosome, complete genome",Citrobacter freundii
MI_KPC_162,7324214,1105956314,151,184.326,klebsiella,309,fail,pass,57.0,501.1 Mbp,3484225.0,151,143.84185378384,51.22821786073113,40-151,pass,230545.0,5459431.0,65.0,PASS,98.96,85.86,86.44,"NZ_KN046818.1 Klebsiella pneumoniae strain ATCC 13883 scaffold1, whole genome shotgun sequence",Klebsiella pneumoniae
MI_KPC_163,14723460,2223242460,151,370.54,klebsiella,11,fail,pass,57.0,1 Gbp,7067012.0,151,143.7269500886655,40.11736135790076,40-151,pass,198141.0,5626727.0,82.0,PASS,99.08,88.36,86.56,"NZ_KN046818.1 Klebsiella pneumoniae strain ATCC 13883 scaffold1, whole genome shotgun sequence",Klebsiella pneumoniae
MI_KPC_164,9651686,1457404586,151,242.901,cfreundii,22,fail,pass,52.0,667 Mbp,4663695.0,151,143.0580022921739,47.79794162933441,40-151,pass,166447.0,5416092.0,119.0,PASS,98.54,90.03,74.86,"NZ_CP049015.1 Citrobacter freundii ATCC 8090 = MTCC 1658 = NBRC 12681 strain ATCC 8090 chromosome, complete genome",Citrobacter freundii
MI_KPC_165,13056228,1971490428,151,328.582,klebsiella,11,fail,pass,57.0,902.4 Mbp,6259865.0,151,144.18740308297384,42.43878220161189,40-151,pass,183376.0,5638894.0,92.0,PASS,99.13,88.64,86.71,"NZ_KN046818.1 Klebsiella pneumoniae strain ATCC 13883 scaffold1, whole genome shotgun sequence",Klebsiella pneumoniae
MI_KPC_166,9137588,1379775788,151,229.963,klebsiella,11,fail,pass,57.0,629.8 Mbp,4370594.0,151,144.12418014576508,48.06608750869454,40-151,pass,139053.0,5516256.0,86.0,PASS,99.11,88.43,88.18,"NZ_KN046818.1 Klebsiella pneumoniae strain ATCC 13883 scaffold1, whole genome shotgun sequence",Klebsiella pneumoniae
MI_KPC_167,10848502,1638123802,151,273.021,klebsiella,258,fail,pass,56.0,742 Mbp,5195371.0,151,142.85618986594028,44.76276352699335,40-151,pass,129796.0,5888625.0,111.0,PASS,99.01,86.72,81.27,"NZ_KN046818.1 Klebsiella pneumoniae strain ATCC 13883 scaffold1, whole genome shotgun sequence",Klebsiella pneumoniae
MI_KPC_168,8139892,1229123692,151,204.854,ecloacae,45,fail,pass,55.0,559.7 Mbp,3921519.0,151,142.75285036232134,50.410013880688034,40-151,pass,318661.0,4939782.0,98.0,PASS,95.04,85.78,72.51,"NZ_CP017186.1 Enterobacter hormaechei subsp. hoffmannii strain DSM 14563 chromosome, complete genome",Enterobacter hormaechei
MI_KPC_169,8566134,1293486234,151,215.581,cfreundii,63,fail,pass,52.0,587.8 Mbp,4118524.0,151,142.75649747336666,49.72918297876771,40-151,pass,243301.0,5402217.0,154.0,PASS,98.34,89.23,72.81,"NZ_MVFY01000010.1 Citrobacter portucalensis strain A60 A60_S7_L001_NODE_10_length_199066_cov_22.3255, whole genome shotgun sequence",Citrobacter portucalensis
MI_KPC_16,29582866,4467012766,151,744.502,koxytoca,517,fail,pass,56.0,1.3 Gbp,13630909.0,97,101.07053190656616,30.970268898284107,40-151,pass,211156.0,6172441.0,78.0,PASS,99.28,87.08,86.9,"NZ_FZTC01000054.1 Klebsiella grimontii strain 06D021, whole genome shotgun sequence",Klebsiella grimontii
MI_KPC_170,11674874,1762905974,151,293.818,klebsiella,340,fail,pass,57.0,804.2 Mbp,5614548.0,151,143.2694512541348,44.173234916833366,40-151,pass,187292.0,5508423.0,88.0,PASS,99.07,85.85,85.62,"NZ_KN046818.1 Klebsiella pneumoniae strain ATCC 13883 scaffold1, whole genome shotgun sequence",Klebsiella pneumoniae
MI_KPC_171,13314630,2010509130,151,335.085,klebsiella,258,fail,pass,57.0,917.9 Mbp,6389777.0,151,143.67699952596155,42.34083384218164,40-151,pass,130428.0,5604990.0,97.0,PASS,99.0,86.77,85.34,"NZ_KN046818.1 Klebsiella pneumoniae strain ATCC 13883 scaffold1, whole genome shotgun sequence",Klebsiella pneumoniae
MI_KPC_172,4129018,623481718,151,103.914,klebsiella,258,fail,pass,57.0,285.1 Mbp,1974512.0,151,144.44437258421323,63.1107802941476,40-151,pass,125971.0,5409902.0,81.0,PASS,99.06,85.93,87.42,"NZ_KN046818.1 Klebsiella pneumoniae strain ATCC 13883 scaffold1, whole genome shotgun sequence",Klebsiella pneumoniae
MI_KPC_173,12914168,1950039368,151,325.007,klebsiella,37,fail,pass,57.0,886.2 Mbp,6160386.0,151,143.88301025292895,42.06237815597053,40-151,pass,209730.0,5379693.0,58.0,PASS,98.9,85.93,87.68,"NZ_KN046818.1 Klebsiella pneumoniae strain ATCC 13883 scaffold1, whole genome shotgun sequence",Klebsiella pneumoniae
MI_KPC_174,9774408,1475935608,151,245.989,klebsiella,258,fail,pass,57.0,670.6 Mbp,4657463.0,151,144.0158560572569,47.93434669181923,40-151,pass,130047.0,5709936.0,107.0,PASS,99.06,87.0,83.95,"NZ_KN046818.1 Klebsiella pneumoniae strain ATCC 13883 scaffold1, whole genome shotgun sequence",Klebsiella pneumoniae
MI_KPC_175,13291780,2007058780,151,334.51,klebsiella,14,fail,pass,57.0,908 Mbp,6321463.0,151,143.66487267267087,42.74653974003681,40-151,pass,231481.0,5682750.0,74.0,PASS,99.02,85.82,82.99,"NZ_KN046818.1 Klebsiella pneumoniae strain ATCC 13883 scaffold1, whole genome shotgun sequence",Klebsiella pneumoniae
MI_KPC_176,10749102,1623114402,151,270.519,ecloacae,-,fail,pass,55.0,740.7 Mbp,5159790.0,151,143.57363090358328,52.45429392064756,40-151,pass,7177.0,7328420.0,1619.0,FAIL,97.53,82.98,44.26,"NZ_CP017186.1 Enterobacter hormaechei subsp. hoffmannii strain DSM 14563 chromosome, complete genome",Enterobacter hormaechei
MI_KPC_177,8148654,1230446754,151,205.074,klebsiella,258,fail,pass,57.0,560.7 Mbp,3894845.0,151,143.9938513599386,50.78933778709205,40-151,pass,142206.0,5470446.0,90.0,PASS,99.01,86.11,86.62,"NZ_KN046818.1 Klebsiella pneumoniae strain ATCC 13883 scaffold1, whole genome shotgun sequence",Klebsiella pneumoniae
MI_KPC_178,14075520,2125403520,151,354.234,klebsiella,11,fail,pass,57.0,967.2 Mbp,6722909.0,151,143.8954363356696,40.70166457368693,40-151,pass,141620.0,5696657.0,86.0,PASS,99.06,88.03,85.17,"NZ_KN046818.1 Klebsiella pneumoniae strain ATCC 13883 scaffold1, whole genome shotgun sequence",Klebsiella pneumoniae
MI_KPC_179,13315632,2010660432,151,335.11,ecoli_achtman_4,69,fail,pass,51.0,924 Mbp,6432500.0,151,143.66915398367664,41.14026939593727,40-151,pass,115472.0,5552547.0,144.0,PASS,96.27,82.03,67.96,"NZ_CP033092.2 Escherichia coli DSM 30083 = JCM 1649 = ATCC 11775 chromosome, complete genome",Escherichia coli
MI_KPC_17,19442310,2935788810,151,489.298,ecloacae,597,fail,pass,55.0,907.1 Mbp,9014415.0,97,100.64948773714102,30.61921471564447,40-151,pass,239515.0,4871027.0,58.0,PASS,95.72,85.77,82.29,"NZ_CP017186.1 Enterobacter hormaechei subsp. hoffmannii strain DSM 14563 chromosome, complete genome",Enterobacter hormaechei
MI_KPC_180,6610098,998124798,151,166.354,cfreundii,114,fail,pass,52.0,452.4 Mbp,3164238.0,151,143.02345240781509,56.15341212104836,40-151,pass,198080.0,5636248.0,140.0,PASS,98.16,90.71,71.82,"NZ_CP049015.1 Citrobacter freundii ATCC 8090 = MTCC 1658 = NBRC 12681 strain ATCC 8090 chromosome, complete genome",Citrobacter freundii
MI_KPC_181,10165344,1534966944,151,255.828,klebsiella,258,fail,pass,57.0,695.7 Mbp,4864352.0,151,143.04720464308505,46.9588499237023,40-151,pass,129796.0,5532126.0,100.0,PASS,99.01,86.22,85.65,"NZ_KN046818.1 Klebsiella pneumoniae strain ATCC 13883 scaffold1, whole genome shotgun sequence",Klebsiella pneumoniae
MI_KPC_182,10894484,1645067084,151,274.178,klebsiella,258,fail,pass,57.0,745.8 Mbp,5192333.0,151,143.65693070918218,45.46159284157232,40-151,pass,129409.0,5561598.0,86.0,PASS,98.96,86.11,85.35,"NZ_KN046818.1 Klebsiella pneumoniae strain ATCC 13883 scaffold1, whole genome shotgun sequence",Klebsiella pneumoniae
MI_KPC_183,8141004,1229291604,151,204.882,cfreundii,-,fail,pass,52.0,561.3 Mbp,3938601.0,151,142.54719632681756,51.69566132229612,40-151,pass,154260.0,5340912.0,163.0,PASS,98.54,89.08,73.55,"NZ_CP049015.1 Citrobacter freundii ATCC 8090 = MTCC 1658 = NBRC 12681 strain ATCC 8090 chromosome, complete genome",Citrobacter freundii
MI_KPC_184,9997646,1509644546,151,251.607,klebsiella,258,fail,pass,57.0,690.8 Mbp,4798595.0,151,143.98428164910771,47.37395399876223,40-151,pass,152050.0,5588840.0,82.0,PASS,99.07,87.11,85.91,"NZ_KN046818.1 Klebsiella pneumoniae strain ATCC 13883 scaffold1, whole genome shotgun sequence",Klebsiella pneumoniae
MI_KPC_185,8041814,1214313914,151,202.386,klebsiella,258,fail,pass,57.0,550.7 Mbp,3874470.0,151,142.17201036528868,52.6352691888181,40-151,pass,115819.0,5408965.0,90.0,PASS,99.01,83.94,85.34,"NZ_KN046818.1 Klebsiella pneumoniae strain ATCC 13883 scaffold1, whole genome shotgun sequence",Klebsiella pneumoniae
MI_KPC_186,12736464,1923206064,151,320.534,klebsiella,11,fail,pass,57.0,877.2 Mbp,6099138.0,151,143.85672368783918,42.24881208174763,40-151,pass,181283.0,5510904.0,84.0,PASS,99.07,87.92,87.82,"NZ_KN046818.1 Klebsiella pneumoniae strain ATCC 13883 scaffold1, whole genome shotgun sequence",Klebsiella pneumoniae
MI_KPC_187,9315886,1406698786,151,234.45,klebsiella,258,fail,pass,57.0,640.8 Mbp,4454322.0,151,143.90075481745595,48.37782508123398,40-151,pass,152090.0,5460543.0,83.0,PASS,99.01,86.91,87.34,"NZ_KN046818.1 Klebsiella pneumoniae strain ATCC 13883 scaffold1, whole genome shotgun sequence",Klebsiella pneumoniae
MI_KPC_188,11568358,1746822058,151,291.137,klebsiella,11,fail,pass,57.0,801.2 Mbp,5549365.0,151,144.41217112228156,43.820644461314814,40-151,pass,230833.0,5626962.0,80.0,PASS,99.12,88.54,86.72,"NZ_KN046818.1 Klebsiella pneumoniae strain ATCC 13883 scaffold1, whole genome shotgun sequence",Klebsiella pneumoniae
MI_KPC_189,11422870,1724853370,151,287.476,ecoli_achtman_4,-,fail,pass,51.0,785.4 Mbp,5489947.0,151,143.09289962179963,45.06204706837952,40-151,pass,147248.0,5516094.0,166.0,PASS,96.27,82.13,68.0,"NZ_CP033092.2 Escherichia coli DSM 30083 = JCM 1649 = ATCC 11775 chromosome, complete genome",Escherichia coli
MI_KPC_18,18172926,2744111826,151,457.352,klebsiella,258,fail,pass,58.0,864.8 Mbp,8348424.0,102,103.61726297083138,34.6280300726466,40-151,pass,146314.0,5376093.0,81.0,PASS,99.12,84.43,86.96,"NZ_KN046818.1 Klebsiella pneumoniae strain ATCC 13883 scaffold1, whole genome shotgun sequence",Klebsiella pneumoniae
MI_KPC_190,10160676,1534262076,151,255.71,klebsiella,258,fail,pass,57.0,699 Mbp,4854380.0,151,144.02850683300443,45.7070753800948,40-151,pass,137371.0,5524903.0,90.0,PASS,99.0,86.09,85.94,"NZ_KN046818.1 Klebsiella pneumoniae strain ATCC 13883 scaffold1, whole genome shotgun sequence",Klebsiella pneumoniae
MI_KPC_191,10934296,1651078696,151,275.18,ecloacae,171,fail,pass,55.0,752.6 Mbp,5254968.0,151,143.24627571471416,44.97309385808862,40-151,pass,153948.0,5145613.0,121.0,PASS,95.39,86.23,69.55,"NZ_CP017186.1 Enterobacter hormaechei subsp. hoffmannii strain DSM 14563 chromosome, complete genome",Enterobacter hormaechei
MI_KPC_192,14160344,2138211944,151,356.369,ecloacae,145,fail,pass,54.0,980.4 Mbp,6722846.0,151,145.86441218495858,40.46603485035403,40-151,pass,93384.0,5227487.0,164.0,PASS,98.93,88.79,74.59,"NZ_CP017186.1 Enterobacter hormaechei subsp. hoffmannii strain DSM 14563 chromosome, complete genome",Enterobacter hormaechei
MI_KPC_193,9210208,1390741408,151,231.79,klebsiella,258,fail,pass,57.0,633.1 Mbp,4347404.0,151,145.6655496015553,50.531990081734094,40-151,pass,129470.0,5615116.0,88.0,PASS,98.96,86.71,84.93,"NZ_KN046818.1 Klebsiella pneumoniae strain ATCC 13883 scaffold1, whole genome shotgun sequence",Klebsiella pneumoniae
MI_KPC_194,12556428,1896020628,151,316.003,klebsiella,234,fail,pass,57.0,849.5 Mbp,5814667.0,151,146.12264674830047,42.91070398907058,40-151,pass,276815.0,5372201.0,55.0,PASS,99.11,87.05,87.98,"NZ_KN046818.1 Klebsiella pneumoniae strain ATCC 13883 scaffold1, whole genome shotgun sequence",Klebsiella pneumoniae
MI_KPC_195,10925690,1649779190,151,274.963,kaerogenes,93,fail,pass,55.0,746.6 Mbp,5107607.0,151,146.2094248833162,45.17089007063254,40-151,pass,343785.0,5255714.0,45.0,PASS,98.42,89.36,86.12,"NC_015663.1 Klebsiella aerogenes KCTC 2190, complete sequence",Klebsiella aerogenes
MI_KPC_196,9491800,1433261800,151,238.877,cfreundii,396,fail,pass,52.0,655.9 Mbp,4514160.0,151,145.3354739309196,48.623216149557095,40-151,pass,137240.0,5504888.0,139.0,PASS,98.59,87.76,72.49,"NZ_CP049015.1 Citrobacter freundii ATCC 8090 = MTCC 1658 = NBRC 12681 strain ATCC 8090 chromosome, complete genome",Citrobacter freundii
MI_KPC_197,5554728,838763928,151,139.794,ecloacae,32,fail,pass,54.0,383 Mbp,2653028.0,151,144.42231895027115,57.93994218090285,40-151,pass,117459.0,5339094.0,215.0,PASS,98.64,86.88,70.49,"NZ_CP017181.1 Enterobacter kobei strain DSM 13645 chromosome, complete genome",Enterobacter kobei
MI_KPC_198,10598480,1600370480,151,266.728,ecoli_achtman_4,648,fail,pass,51.0,727.3 Mbp,4984710.0,151,145.9480772201392,45.3774060255913,40-151,pass,143125.0,5334789.0,170.0,PASS,96.68,83.01,72.25,"NZ_CP033092.2 Escherichia coli DSM 30083 = JCM 1649 = ATCC 11775 chromosome, complete genome",Escherichia coli
MI_KPC_199,8830930,1333470430,151,222.245,ecloacae,597,fail,pass,55.0,606.3 Mbp,4140644.0,151,146.45504298365182,47.57517167299256,40-151,pass,452607.0,4978963.0,75.0,PASS,95.26,85.89,76.3,"NZ_CP017186.1 Enterobacter hormaechei subsp. hoffmannii strain DSM 14563 chromosome, complete genome",Enterobacter hormaechei
MI_KPC_19,23096512,3487573312,151,581.262,ecloacae,171,fail,pass,55.0,1 Gbp,10583323.0,92,95.99134808604065,34.16893414332872,40-151,pass,149017.0,5233853.0,91.0,PASS,95.71,86.39,77.11,"NZ_CP017186.1 Enterobacter hormaechei subsp. hoffmannii strain DSM 14563 chromosome, complete genome",Enterobacter hormaechei
MI_KPC_1,23707556,3579840956,151,596.64,ecloacae,171,fail,pass,55.0,1 Gbp,10941879.0,92,99.80834013975114,33.03124279359668,40-151,pass,233999.0,5067132.0,58.0,PASS,95.75,86.17,79.35,"NZ_CP017186.1 Enterobacter hormaechei subsp. hoffmannii strain DSM 14563 chromosome, complete genome",Enterobacter hormaechei
MI_KPC_200,16005436,2416820836,151,402.803,klebsiella,11,fail,pass,57.0,1.1 Gbp,7583146.0,151,145.83994176031953,39.87627179966636,40-151,pass,190027.0,5601058.0,83.0,PASS,99.07,88.6,87.1,"NZ_KN046818.1 Klebsiella pneumoniae strain ATCC 13883 scaffold1, whole genome shotgun sequence",Klebsiella pneumoniae
MI_KPC_201,9529382,1438936682,151,239.823,ecloacae,171,fail,pass,55.0,656.3 Mbp,4501395.0,151,145.83263454995617,47.36945420736583,40-151,pass,255402.0,4999750.0,77.0,PASS,95.27,86.27,74.54,"NZ_CP017186.1 Enterobacter hormaechei subsp. hoffmannii strain DSM 14563 chromosome, complete genome",Enterobacter hormaechei
MI_KPC_202,7660110,1156676610,151,192.779,ecloacae,997,fail,pass,55.0,523.9 Mbp,3606496.0,151,145.29737950631306,51.39401286567812,40-151,pass,91802.0,4802664.0,153.0,PASS,98.26,83.79,78.84,"NZ_CP017184.1 Enterobacter roggenkampii strain DSM 16690 chromosome, complete genome",Enterobacter roggenkampii
MI_KPC_203,8357590,1261996090,151,210.333,klebsiella,11,fail,pass,56.0,573.7 Mbp,3941494.0,151,145.59486504355962,53.03992789999409,40-151,pass,180553.0,5842225.0,109.0,PASS,99.0,87.96,82.63,"NZ_KN046818.1 Klebsiella pneumoniae strain ATCC 13883 scaffold1, whole genome shotgun sequence",Klebsiella pneumoniae
MI_KPC_204,12490092,1886003892,151,314.334,koxytoca,-,fail,pass,56.0,858.3 Mbp,5870422.0,151,146.2449197008324,44.14231769573468,40-151,pass,256325.0,5565087.0,51.0,PASS,99.23,93.59,88.99,"NZ_BCYR01000001.1 Raoultella ornithinolytica NBRC 105727 = ATCC 31898 strain NBRC 105727, whole genome shotgun sequence",Raoultella ornithinolytica
MI_KPC_205,7689890,1161173390,151,193.529,klebsiella,876,fail,pass,57.0,526.5 Mbp,3610926.0,151,145.8495167167646,52.98304107520683,40-151,pass,180679.0,5351411.0,77.0,PASS,98.95,84.48,86.66,"NZ_KN046818.1 Klebsiella pneumoniae strain ATCC 13883 scaffold1, whole genome shotgun sequence",Klebsiella pneumoniae
MI_KPC_206,7490570,1131076070,151,188.513,ecoli_achtman_4,409,fail,pass,51.0,518.5 Mbp,3571448.0,151,145.20173274257388,52.4883285426612,40-151,pass,88289.0,5025768.0,182.0,PASS,96.34,76.3,69.2,"NZ_CP033092.2 Escherichia coli DSM 30083 = JCM 1649 = ATCC 11775 chromosome, complete genome",Escherichia coli
MI_KPC_207,12854214,1940986314,151,323.498,klebsiella,11,fail,pass,57.0,878.8 Mbp,6020284.0,151,146.01051877286852,43.8868250436025,40-151,pass,185395.0,5605128.0,95.0,PASS,99.07,88.62,86.98,"NZ_KN046818.1 Klebsiella pneumoniae strain ATCC 13883 scaffold1, whole genome shotgun sequence",Klebsiella pneumoniae
MI_KPC_208,13304982,2009052282,151,334.842,klebsiella,11,fail,pass,57.0,909.8 Mbp,6225076.0,151,146.1812801964185,42.67535280755349,40-151,pass,230833.0,5604629.0,82.0,PASS,99.07,88.66,87.21,"NZ_KN046818.1 Klebsiella pneumoniae strain ATCC 13883 scaffold1, whole genome shotgun sequence",Klebsiella pneumoniae
MI_KPC_209,9182500,1386557500,151,231.093,klebsiella,36,fail,pass,57.0,627.8 Mbp,4315001.0,151,145.53288956364088,50.09685211483206,40-151,pass,267542.0,5335079.0,67.0,PASS,98.84,86.62,86.75,"NZ_KN046818.1 Klebsiella pneumoniae strain ATCC 13883 scaffold1, whole genome shotgun sequence",Klebsiella pneumoniae
MI_KPC_20,31954200,4825084200,151,804.181,ecoli_achtman_4,131,fail,pass,51.0,1.4 Gbp,14812206.0,97,98.66987618184623,27.81705766198476,40-151,pass,172198.0,5114954.0,74.0,PASS,98.28,86.96,85.49,"NZ_CP033092.2 Escherichia coli DSM 30083 = JCM 1649 = ATCC 11775 chromosome, complete genome",Escherichia coli
MI_KPC_210,8848698,1336153398,151,222.692,klebsiella,258,fail,pass,57.0,608.2 Mbp,4163262.0,151,146.1111167156907,50.5307735902917,40-151,pass,129470.0,5645437.0,102.0,PASS,98.96,86.46,84.09,"NZ_KN046818.1 Klebsiella pneumoniae strain ATCC 13883 scaffold1, whole genome shotgun sequence",Klebsiella pneumoniae
MI_KPC_211,9059426,1367973326,151,227.996,klebsiella,6104,fail,pass,56.0,620.9 Mbp,4255933.0,151,145.91516243324318,49.61741604046248,40-151,pass,230114.0,5573253.0,66.0,PASS,99.0,84.55,82.96,"NZ_KN046818.1 Klebsiella pneumoniae strain ATCC 13883 scaffold1, whole genome shotgun sequence",Klebsiella pneumoniae
MI_KPC_212,12049778,1819516478,151,303.253,ecoli_achtman_4,131,fail,pass,51.0,831.6 Mbp,5704889.0,151,145.80471416709423,42.4856507772179,40-151,pass,172855.0,5270103.0,111.0,PASS,97.93,86.05,76.76,"NZ_CP033092.2 Escherichia coli DSM 30083 = JCM 1649 = ATCC 11775 chromosome, complete genome",Escherichia coli
MI_KPC_213,8705294,1314499394,151,219.083,klebsiella,11,fail,pass,57.0,587.4 Mbp,4031879.0,151,145.71619560011598,51.24588371999119,40-151,pass,182233.0,5643907.0,95.0,PASS,99.11,88.53,86.17,"NZ_KN046818.1 Klebsiella pneumoniae strain ATCC 13883 scaffold1, whole genome shotgun sequence",Klebsiella pneumoniae
MI_KPC_214,13360838,2017486538,151,336.248,klebsiella,258,fail,pass,57.0,908.2 Mbp,6223704.0,151,145.96179172402802,42.30379479633117,40-151,pass,137371.0,5586692.0,87.0,PASS,98.95,86.37,85.23,"NZ_KN046818.1 Klebsiella pneumoniae strain ATCC 13883 scaffold1, whole genome shotgun sequence",Klebsiella pneumoniae
MI_KPC_215,8658054,1307366154,151,217.894,cfreundii,520,fail,pass,52.0,597.9 Mbp,4108364.0,151,145.56457631310175,48.23861684616645,40-151,pass,129649.0,5324568.0,145.0,PASS,97.86,88.1,74.33,"NZ_MVFY01000010.1 Citrobacter portucalensis strain A60 A60_S7_L001_NODE_10_length_199066_cov_22.3255, whole genome shotgun sequence",Citrobacter portucalensis
MI_KPC_216,12288228,1855522428,151,309.254,klebsiella,258,fail,pass,57.0,845.6 Mbp,5802822.0,151,145.75132582043702,44.67826228317596,40-151,pass,139046.0,5589704.0,92.0,PASS,99.07,87.14,85.75,"NZ_KN046818.1 Klebsiella pneumoniae strain ATCC 13883 scaffold1, whole genome shotgun sequence",Klebsiella pneumoniae
MI_KPC_217,9579526,1446508426,151,241.085,klebsiella,258,fail,pass,57.0,652.9 Mbp,4464957.0,151,146.25073612131092,45.466022620502734,40-151,pass,145051.0,5360739.0,77.0,PASS,99.11,84.91,87.12,"NZ_KN046818.1 Klebsiella pneumoniae strain ATCC 13883 scaffold1, whole genome shotgun sequence",Klebsiella pneumoniae
MI_KPC_218,9613302,1451608602,151,241.935,ecoli_achtman_4,131,fail,pass,50.0,660.3 Mbp,4532608.0,151,145.70037845761203,47.39459413548818,40-151,pass,186469.0,5367900.0,115.0,PASS,97.86,86.96,74.59,"NZ_CP033092.2 Escherichia coli DSM 30083 = JCM 1649 = ATCC 11775 chromosome, complete genome",Escherichia coli
MI_KPC_219,13303788,2008871988,151,334.812,klebsiella,258,fail,pass,57.0,913.7 Mbp,6264411.0,151,145.88106016671,42.86616944516833,40-151,pass,137359.0,5539397.0,83.0,PASS,98.95,85.53,84.86,"NZ_KN046818.1 Klebsiella pneumoniae strain ATCC 13883 scaffold1, whole genome shotgun sequence",Klebsiella pneumoniae
MI_KPC_21,27470934,4148111034,151,691.352,paeruginosa,-,fail,pass,66.0,1.3 Gbp,12619071.0,102,103.8290106300218,33.42508444350687,40-151,pass,245727.0,7158157.0,127.0,PASS,99.43,95.64,84.21,"NZ_LN831024.1 Pseudomonas aeruginosa strain NCTC10332 chromosome 1, complete sequence",Pseudomonas aeruginosa
MI_KPC_220,13029260,1967418260,151,327.903,klebsiella,307,fail,pass,56.0,888.1 Mbp,6084599.0,151,145.99588699271715,44.42149473044807,40-151,pass,179138.0,5948816.0,120.0,PASS,98.95,86.85,80.11,"NZ_KN046818.1 Klebsiella pneumoniae strain ATCC 13883 scaffold1, whole genome shotgun sequence",Klebsiella pneumoniae
MI_KPC_221,13260978,2002407678,151,333.735,klebsiella,258,fail,pass,57.0,901.7 Mbp,6169750.0,151,146.1756901008955,42.67078497762583,40-151,pass,138058.0,5598454.0,95.0,PASS,99.0,85.83,84.57,"NZ_KN046818.1 Klebsiella pneumoniae strain ATCC 13883 scaffold1, whole genome shotgun sequence",Klebsiella pneumoniae
MI_KPC_222,11625040,1755381040,151,292.564,klebsiella,258,fail,pass,57.0,788.6 Mbp,5408638.0,151,145.82594971229355,46.08819355220012,40-151,pass,126076.0,5611992.0,90.0,PASS,99.0,86.75,85.02,"NZ_KN046818.1 Klebsiella pneumoniae strain ATCC 13883 scaffold1, whole genome shotgun sequence",Klebsiella pneumoniae
MI_KPC_223,12922178,1951248878,151,325.208,ecloacae,113,fail,pass,55.0,876.6 Mbp,6002084.0,151,146.07653391721942,40.78110866353798,40-151,pass,300701.0,4924431.0,60.0,PASS,95.26,86.37,78.39,"NZ_CP017186.1 Enterobacter hormaechei subsp. hoffmannii strain DSM 14563 chromosome, complete genome",Enterobacter hormaechei
MI_KPC_224,11704158,1767327858,151,294.555,cfreundii,169,fail,pass,51.0,801.5 Mbp,5492636.0,151,145.94589646938192,42.27327716833192,40-151,pass,318034.0,4944009.0,76.0,PASS,98.16,85.99,81.04,"NZ_CP049015.1 Citrobacter freundii ATCC 8090 = MTCC 1658 = NBRC 12681 strain ATCC 8090 chromosome, complete genome",Citrobacter freundii
MI_KPC_225,9635624,1454979224,151,242.497,klebsiella,258,fail,pass,57.0,658.2 Mbp,4516629.0,151,145.7656685993027,48.97849450470081,40-151,pass,126085.0,5585641.0,87.0,PASS,99.0,88.01,86.54,"NZ_KN046818.1 Klebsiella pneumoniae strain ATCC 13883 scaffold1, whole genome shotgun sequence",Klebsiella pneumoniae
MI_KPC_226,10068758,1520382458,151,253.397,klebsiella,16,fail,pass,57.0,688.8 Mbp,4726139.0,151,145.7858981718481,48.21170717603886,40-151,pass,267216.0,5578939.0,75.0,PASS,99.07,85.97,84.52,"NZ_KN046818.1 Klebsiella pneumoniae strain ATCC 13883 scaffold1, whole genome shotgun sequence",Klebsiella pneumoniae
MI_KPC_227,9576104,1445991704,151,240.999,klebsiella,11,fail,pass,57.0,655.5 Mbp,4495736.0,151,145.83889378735762,49.61469323969361,40-151,pass,185395.0,5594529.0,85.0,PASS,99.07,88.6,87.24,"NZ_KN046818.1 Klebsiella pneumoniae strain ATCC 13883 scaffold1, whole genome shotgun sequence",Klebsiella pneumoniae
MI_KPC_228,15273666,2306323566,151,384.387,klebsiella,258,fail,pass,57.0,1 Gbp,7128107.0,151,146.25919392062997,39.59028609525018,40-151,pass,129469.0,5598462.0,94.0,PASS,99.0,86.68,85.47,"NZ_KN046818.1 Klebsiella pneumoniae strain ATCC 13883 scaffold1, whole genome shotgun sequence",Klebsiella pneumoniae
MI_KPC_229,13755528,2077084728,151,346.181,klebsiella,11,fail,pass,57.0,941.5 Mbp,6460148.0,151,145.7737717464058,42.49779922084278,40-151,pass,172495.0,5663803.0,82.0,PASS,99.07,88.08,85.5,"NZ_KN046818.1 Klebsiella pneumoniae strain ATCC 13883 scaffold1, whole genome shotgun sequence",Klebsiella pneumoniae
MI_KPC_22,18090434,2731655534,151,455.276,ecoli_achtman_4,410,fail,pass,51.0,837.5 Mbp,8340044.0,97,100.45317674583012,34.063016914642695,40-151,pass,104128.0,5170271.0,137.0,PASS,96.85,79.46,77.16,"NZ_CP033092.2 Escherichia coli DSM 30083 = JCM 1649 = ATCC 11775 chromosome, complete genome",Escherichia coli
MI_KPC_230,12075410,1823386910,151,303.898,klebsiella,258,fail,pass,57.0,829.4 Mbp,5673066.0,151,146.23190193803492,44.2296515311351,40-151,pass,130441.0,5667205.0,91.0,PASS,98.88,86.3,83.98,"NZ_KN046818.1 Klebsiella pneumoniae strain ATCC 13883 scaffold1, whole genome shotgun sequence",Klebsiella pneumoniae
MI_KPC_231,7489398,1130899098,151,188.483,ecoli_achtman_4,167,fail,pass,50.0,517.6 Mbp,3582377.0,151,144.53086651684063,51.64399469399403,40-151,pass,88273.0,5010015.0,195.0,PASS,96.28,77.18,69.09,"NZ_CP033092.2 Escherichia coli DSM 30083 = JCM 1649 = ATCC 11775 chromosome, complete genome",Escherichia coli
MI_KPC_232,13670558,2064254258,151,344.042,klebsiella,258,fail,pass,57.0,935.2 Mbp,6407251.0,151,145.98404947769333,41.95420450715018,40-151,pass,137377.0,5467416.0,87.0,PASS,99.01,85.98,86.48,"NZ_KN046818.1 Klebsiella pneumoniae strain ATCC 13883 scaffold1, whole genome shotgun sequence",Klebsiella pneumoniae
MI_KPC_233,9641604,1455882204,151,242.647,ecloacae,171,fail,pass,55.0,661.6 Mbp,4528668.0,151,146.12455384232186,46.66185001856062,40-151,pass,273233.0,4989921.0,81.0,PASS,95.27,85.35,74.97,"NZ_CP017186.1 Enterobacter hormaechei subsp. hoffmannii strain DSM 14563 chromosome, complete genome",Enterobacter hormaechei
MI_KPC_234,6729636,1016175036,151,169.363,klebsiella,258,fail,pass,57.0,462.2 Mbp,3165036.0,151,146.0835036315543,56.30690804857746,40-151,pass,130519.0,6154272.0,497.0,PASS,98.54,86.36,64.25,"NZ_KN046818.1 Klebsiella pneumoniae strain ATCC 13883 scaffold1, whole genome shotgun sequence",Klebsiella pneumoniae
MI_KPC_235,10551258,1593239958,151,265.54,ecloacae,997,fail,pass,55.0,724.3 Mbp,4994936.0,151,145.04337132647944,45.56396627034645,40-151,pass,92110.0,4819265.0,160.0,PASS,98.3,83.85,77.7,"NZ_CP017184.1 Enterobacter roggenkampii strain DSM 16690 chromosome, complete genome",Enterobacter roggenkampii
MI_KPC_236,15053228,2273037428,151,378.84,ecloacae,171,fail,pass,54.0,1 Gbp,7071177.0,151,145.70320004717743,40.24388001339213,40-151,pass,320110.0,5196875.0,90.0,PASS,95.38,86.64,72.96,"NZ_CP017186.1 Enterobacter hormaechei subsp. hoffmannii strain DSM 14563 chromosome, complete genome",Enterobacter hormaechei
MI_KPC_237,11341546,1712573446,151,285.429,klebsiella,258,fail,pass,57.0,789 Mbp,5419991.0,151,145.61056226846134,44.78782493368262,40-151,pass,126390.0,5626727.0,84.0,PASS,99.06,88.34,86.36,"NZ_KN046818.1 Klebsiella pneumoniae strain ATCC 13883 scaffold1, whole genome shotgun sequence",Klebsiella pneumoniae
MI_KPC_238,12966370,1957921870,151,326.32,klebsiella,636,fail,pass,58.0,900.4 Mbp,6188828.0,151,145.5155279804189,41.85214092549876,40-151,pass,316471.0,5256758.0,56.0,PASS,99.07,86.01,89.56,"NZ_KN046818.1 Klebsiella pneumoniae strain ATCC 13883 scaffold1, whole genome shotgun sequence",Klebsiella pneumoniae
MI_KPC_239,7805866,1178685766,151,196.448,ecoli_achtman_4,73,fail,pass,51.0,546.8 Mbp,3767944.0,151,145.16465664033225,50.69784495255296,40-151,pass,194393.0,5154684.0,101.0,PASS,98.5,88.44,77.14,"NZ_CP033092.2 Escherichia coli DSM 30083 = JCM 1649 = ATCC 11775 chromosome, complete genome",Escherichia coli
MI_KPC_23,31569562,4767003862,151,794.501,koxytoca,95,fail,pass,56.0,1.3 Gbp,14538797.0,92,95.98416382043165,33.043598267824,40-151,pass,124543.0,6497218.0,164.0,PASS,97.61,82.36,78.21,"NZ_PRDB01000030.1 Klebsiella michiganensis strain DSM 25444 map unlocalized plasmid unnamed1 contig_30, whole genome shotgun sequence",Klebsiella michiganensis
MI_KPC_240,10685722,1613544022,151,268.924,klebsiella,258,fail,pass,57.0,737.4 Mbp,5070849.0,151,145.44137638490122,45.58157893032992,40-151,pass,129408.0,5608667.0,90.0,PASS,99.0,86.69,85.05,"NZ_KN046818.1 Klebsiella pneumoniae strain ATCC 13883 scaffold1, whole genome shotgun sequence",Klebsiella pneumoniae
MI_KPC_241,10576002,1596976302,151,266.163,klebsiella,45,fail,pass,57.0,727.1 Mbp,5005744.0,151,145.28339783256993,47.676583696617946,40-151,pass,174292.0,5741019.0,93.0,PASS,99.06,86.5,82.69,"NZ_KN046818.1 Klebsiella pneumoniae strain ATCC 13883 scaffold1, whole genome shotgun sequence",Klebsiella pneumoniae
MI_KPC_242,13191012,1991842812,151,331.974,klebsiella,11,fail,pass,56.0,916.3 Mbp,6311454.0,151,145.2012990984328,43.37533626899906,40-151,pass,183844.0,6064433.0,121.0,PASS,99.0,88.91,80.43,"NZ_KN046818.1 Klebsiella pneumoniae strain ATCC 13883 scaffold1, whole genome shotgun sequence",Klebsiella pneumoniae
MI_KPC_243,9257476,1397878876,151,232.98,klebsiella,258,fail,pass,57.0,639.1 Mbp,4387724.0,151,145.68157295217293,48.79768819472458,40-151,pass,129409.0,5444158.0,79.0,PASS,98.96,85.6,86.41,"NZ_KN046818.1 Klebsiella pneumoniae strain ATCC 13883 scaffold1, whole genome shotgun sequence",Klebsiella pneumoniae
MI_KPC_244,11219870,1694200370,151,282.367,klebsiella,258,fail,pass,57.0,777.8 Mbp,5363964.0,151,145.03591504342683,45.85713724030124,40-151,pass,115788.0,5562638.0,97.0,PASS,99.0,86.17,85.41,"NZ_KN046818.1 Klebsiella pneumoniae strain ATCC 13883 scaffold1, whole genome shotgun sequence",Klebsiella pneumoniae
MI_KPC_245,9189474,1387610574,151,231.268,klebsiella,258,fail,pass,57.0,634.7 Mbp,4356186.0,151,145.73173252932725,48.53282624415108,40-151,pass,126085.0,5632161.0,88.0,PASS,98.96,88.23,86.3,"NZ_KN046818.1 Klebsiella pneumoniae strain ATCC 13883 scaffold1, whole genome shotgun sequence",Klebsiella pneumoniae
MI_KPC_246,10540572,1591626372,151,265.271,klebsiella,258,fail,pass,57.0,731.5 Mbp,5034246.0,151,145.33009431799718,46.21641571909875,40-151,pass,137373.0,5601655.0,90.0,PASS,98.95,85.96,84.38,"NZ_KN046818.1 Klebsiella pneumoniae strain ATCC 13883 scaffold1, whole genome shotgun sequence",Klebsiella pneumoniae
MI_KPC_247,8605538,1299436238,151,216.573,ecoli_achtman_4,648,fail,pass,51.0,600.2 Mbp,4146390.0,151,144.78862166848754,48.513731676260925,40-151,pass,134710.0,5241988.0,158.0,PASS,96.65,81.72,69.58,"NZ_CP033092.2 Escherichia coli DSM 30083 = JCM 1649 = ATCC 11775 chromosome, complete genome",Escherichia coli
MI_KPC_248,9398704,1419204304,151,236.534,koxytoca,-,fail,pass,54.0,649.5 Mbp,4474961.0,151,145.1812337582383,50.42249565837735,40-151,pass,164276.0,6362134.0,151.0,PASS,97.54,82.61,74.54,"NZ_PRDB01000030.1 Klebsiella michiganensis strain DSM 25444 map unlocalized plasmid unnamed1 contig_30, whole genome shotgun sequence",Klebsiella michiganensis
MI_KPC_249,7519214,1135401314,151,189.234,ecloacae,78,fail,pass,55.0,523.2 Mbp,3612134.0,151,144.8852852635035,51.99775052810305,40-151,pass,282665.0,4958300.0,105.0,PASS,98.84,90.75,77.14,"NZ_CP017186.1 Enterobacter hormaechei subsp. hoffmannii strain DSM 14563 chromosome, complete genome",Enterobacter hormaechei
MI_KPC_24,32485588,4905323788,151,817.554,ecloacae,171,fail,pass,55.0,1.4 Gbp,14965862.0,92,97.19146648552552,29.146940386586817,40-151,pass,146602.0,5266922.0,75.0,PASS,95.85,86.31,76.61,"NZ_CP017186.1 Enterobacter hormaechei subsp. hoffmannii strain DSM 14563 chromosome, complete genome",Enterobacter hormaechei
MI_KPC_250,10486206,1583417106,151,263.903,ecloacae,171,fail,pass,55.0,729.6 Mbp,5022425.0,151,145.29887036640667,44.55067424436229,40-151,pass,213078.0,4955704.0,113.0,PASS,95.27,86.48,72.18,"NZ_CP017186.1 Enterobacter hormaechei subsp. hoffmannii strain DSM 14563 chromosome, complete genome",Enterobacter hormaechei
MI_KPC_251,935672,141286472,151,23.5477,ypseudotuberculosis_achtman_3,-,fail,pass,58.0,62.4 Mbp,452792.0,151,137.92916173430626,86.16390504683251,40-151,pass,77928.0,5549499.0,173.0,PASS,97.52,81.64,77.12,"NZ_VTUS01000008.1 Serratia nevei strain S15 NODE_10_length_142733_cov_62.796157, whole genome shotgun sequence",Serratia nevei
MI_KPC_252,17448492,2634722292,151,439.12,ecloacae,41,fail,pass,56.0,1.2 Gbp,8369846.0,151,145.39581086677103,35.52872081473683,40-151,pass,97938.0,4867901.0,155.0,PASS,97.88,84.14,75.48,"NZ_CP017184.1 Enterobacter roggenkampii strain DSM 16690 chromosome, complete genome",Enterobacter roggenkampii
MI_KPC_253,1946354,293899454,151,48.9832,klebsiella,16,fail,pass,57.0,135.2 Mbp,935566.0,151,144.6159693704132,81.57359531813265,40-151,pass,21390.0,10423710.0,1318.0,FAIL,98.96,88.06,44.69,"NZ_KN046818.1 Klebsiella pneumoniae strain ATCC 13883 scaffold1, whole genome shotgun sequence",Klebsiella pneumoniae
MI_KPC_254,12164940,1836905940,151,306.151,klebsiella,258,fail,pass,57.0,846.4 Mbp,5821515.0,151,145.42311752181348,43.895513242682114,40-151,pass,129409.0,5617183.0,86.0,PASS,98.96,86.72,85.11,"NZ_KN046818.1 Klebsiella pneumoniae strain ATCC 13883 scaffold1, whole genome shotgun sequence",Klebsiella pneumoniae
MI_KPC_255,7366110,1112282610,151,185.38,ecloacae,171,fail,pass,54.0,513.5 Mbp,3536014.0,151,145.25765706809983,52.71573024430606,40-151,pass,220589.0,5323090.0,127.0,PASS,95.39,86.45,69.13,"NZ_CP017186.1 Enterobacter hormaechei subsp. hoffmannii strain DSM 14563 chromosome, complete genome",Enterobacter hormaechei
MI_KPC_256,11558680,1745360680,151,290.893,ecoli_achtman_4,131,fail,pass,51.0,806.4 Mbp,5555589.0,151,145.17280669970367,43.14932895933102,40-151,pass,212999.0,5061905.0,117.0,PASS,97.83,85.59,76.4,"NZ_CP033092.2 Escherichia coli DSM 30083 = JCM 1649 = ATCC 11775 chromosome, complete genome",Escherichia coli
MI_KPC_257,7881294,1190075394,151,198.346,ecloacae,461,fail,pass,55.0,547.8 Mbp,3778126.0,151,145.03693444845408,51.19352301789895,40-151,pass,228013.0,5023090.0,118.0,PASS,95.27,86.05,71.41,"NZ_CP017186.1 Enterobacter hormaechei subsp. hoffmannii strain DSM 14563 chromosome, complete genome",Enterobacter hormaechei
MI_KPC_258,14313386,2161321286,151,360.22,klebsiella,258,fail,pass,57.0,988.3 Mbp,6805053.0,151,145.25587045391123,40.27951620719444,40-151,pass,119168.0,5569331.0,98.0,PASS,99.01,86.06,85.24,"NZ_KN046818.1 Klebsiella pneumoniae strain ATCC 13883 scaffold1, whole genome shotgun sequence",Klebsiella pneumoniae
MI_KPC_259,12593508,1901619708,151,316.937,klebsiella,11,fail,pass,57.0,877 Mbp,6027220.0,151,145.54136998483546,44.56772575026672,40-151,pass,155973.0,5971628.0,97.0,PASS,99.11,88.52,81.54,"NZ_KN046818.1 Klebsiella pneumoniae strain ATCC 13883 scaffold1, whole genome shotgun sequence",Klebsiella pneumoniae
MI_KPC_25,25028650,3779326150,151,629.888,klebsiella,11,fail,pass,58.0,1.2 Gbp,11827155.0,97,101.99453562585424,29.27101188178977,40-151,pass,169107.0,5667031.0,82.0,PASS,99.07,88.09,86.1,"NZ_KN046818.1 Klebsiella pneumoniae strain ATCC 13883 scaffold1, whole genome shotgun sequence",Klebsiella pneumoniae
MI_KPC_260,13277708,2004933908,151,334.156,klebsiella,13,fail,pass,57.0,916.9 Mbp,6331740.0,151,144.84309305183095,43.0701053598923,40-151,pass,150827.0,5566998.0,111.0,PASS,99.05,86.31,84.58,"NZ_KN046818.1 Klebsiella pneumoniae strain ATCC 13883 scaffold1, whole genome shotgun sequence",Klebsiella pneumoniae
MI_KPC_261,9914800,1497134800,151,249.522,klebsiella,37,fail,pass,57.0,687.6 Mbp,4727091.0,151,145.4893364650691,46.99668526272442,40-151,pass,243890.0,5578985.0,67.0,PASS,99.01,86.03,84.42,"NZ_KN046818.1 Klebsiella pneumoniae strain ATCC 13883 scaffold1, whole genome shotgun sequence",Klebsiella pneumoniae
MI_KPC_262,10155698,1533510398,151,255.585,klebsiella,11,fail,pass,57.0,705.7 Mbp,4859946.0,151,145.23914031143556,48.057232910291205,40-151,pass,196268.0,5804229.0,90.0,PASS,99.07,88.03,83.4,"NZ_KN046818.1 Klebsiella pneumoniae strain ATCC 13883 scaffold1, whole genome shotgun sequence",Klebsiella pneumoniae
MI_KPC_263,11919374,1799825474,151,299.971,klebsiella,133,fail,pass,57.0,824.4 Mbp,5662171.0,151,145.61868142096026,43.77551524317779,40-151,pass,254147.0,5543434.0,54.0,PASS,99.0,87.99,86.9,"NZ_KN046818.1 Klebsiella pneumoniae strain ATCC 13883 scaffold1, whole genome shotgun sequence",Klebsiella pneumoniae
MI_KPC_264,11959476,1805880876,151,300.98,klebsiella,258,fail,pass,57.0,830.7 Mbp,5709721.0,151,145.51027081708546,44.067107322384594,40-151,pass,129409.0,5618068.0,89.0,PASS,99.0,86.73,85.15,"NZ_KN046818.1 Klebsiella pneumoniae strain ATCC 13883 scaffold1, whole genome shotgun sequence",Klebsiella pneumoniae
MI_KPC_265,11523572,1740059372,151,290.01,kaerogenes,426,fail,pass,55.0,801.7 Mbp,5509596.0,151,145.5374508403157,44.22400092126123,40-151,pass,202953.0,5400134.0,98.0,PASS,95.26,85.98,77.59,"NC_015663.1 Klebsiella aerogenes KCTC 2190, complete sequence",Klebsiella aerogenes
MI_KPC_266,9559692,1443513492,151,240.586,klebsiella,258,fail,pass,56.0,666.7 Mbp,4588743.0,151,145.3186240763538,48.78448208008829,40-151,pass,126185.0,5769277.0,91.0,PASS,98.95,85.7,81.87,"NZ_KN046818.1 Klebsiella pneumoniae strain ATCC 13883 scaffold1, whole genome shotgun sequence",Klebsiella pneumoniae
MI_KPC_267,9626742,1453638042,151,242.273,ecoli_achtman_4,131,fail,pass,51.0,667.3 Mbp,4602431.0,151,145.02675716376845,45.81983171759095,40-151,pass,172855.0,5374163.0,192.0,PASS,97.83,85.97,70.38,"NZ_CP033092.2 Escherichia coli DSM 30083 = JCM 1649 = ATCC 11775 chromosome, complete genome",Escherichia coli
MI_KPC_268,14289258,2157677958,151,359.613,klebsiella,258,fail,pass,56.0,996.8 Mbp,6847765.0,151,145.60026417378518,40.85075545329938,40-151,pass,123726.0,5838760.0,91.0,PASS,98.95,86.69,81.9,"NZ_KN046818.1 Klebsiella pneumoniae strain ATCC 13883 scaffold1, whole genome shotgun sequence",Klebsiella pneumoniae
MI_KPC_269,8247318,1245345018,151,207.558,klebsiella,258,fail,pass,57.0,571.7 Mbp,3928608.0,151,145.5655537533905,50.54135411799208,40-151,pass,129409.0,5441265.0,82.0,PASS,99.01,85.76,86.68,"NZ_KN046818.1 Klebsiella pneumoniae strain ATCC 13883 scaffold1, whole genome shotgun sequence",Klebsiella pneumoniae
MI_KPC_26,23040504,3479116104,151,579.853,ecoli_achtman_4,131,fail,pass,51.0,1.1 Gbp,10903129.0,97,101.992211593571,28.199647620154657,40-151,pass,136502.0,5198323.0,125.0,PASS,98.33,87.73,84.73,"NZ_CP033092.2 Escherichia coli DSM 30083 = JCM 1649 = ATCC 11775 chromosome, complete genome",Escherichia coli
MI_KPC_270,11904948,1797647148,151,299.608,klebsiella,258,fail,pass,57.0,825.2 Mbp,5678282.0,151,145.35721737666427,44.24993775893646,40-151,pass,137371.0,5591939.0,86.0,PASS,98.9,86.63,85.38,"NZ_KN046818.1 Klebsiella pneumoniae strain ATCC 13883 scaffold1, whole genome shotgun sequence",Klebsiella pneumoniae
MI_KPC_271,10968540,1656249540,151,276.042,klebsiella,11,fail,pass,57.0,757.9 Mbp,5202155.0,151,145.71346547728777,45.21384121169629,40-151,pass,214473.0,5559110.0,83.0,PASS,99.07,88.46,87.47,"NZ_KN046818.1 Klebsiella pneumoniae strain ATCC 13883 scaffold1, whole genome shotgun sequence",Klebsiella pneumoniae
MI_KPC_272,11722692,1770126492,151,295.021,klebsiella,258,fail,pass,57.0,815.9 Mbp,5611586.0,151,145.43067859959734,45.13517671720334,40-151,pass,139046.0,5826174.0,91.0,PASS,98.95,88.86,83.93,"NZ_KN046818.1 Klebsiella pneumoniae strain ATCC 13883 scaffold1, whole genome shotgun sequence",Klebsiella pneumoniae
MI_KPC_273,12016282,1814458582,151,302.41,klebsiella,258,fail,pass,57.0,837 Mbp,5747222.0,151,145.66975296934763,43.49887255152679,40-151,pass,129409.0,5604564.0,85.0,PASS,99.0,86.54,85.21,"NZ_KN046818.1 Klebsiella pneumoniae strain ATCC 13883 scaffold1, whole genome shotgun sequence",Klebsiella pneumoniae
MI_KPC_274,11221936,1694512336,151,282.419,ecloacae,200,fail,pass,55.0,780 Mbp,5360223.0,151,145.54692799161526,42.91416589665469,40-151,pass,252893.0,5120744.0,110.0,PASS,95.27,86.32,71.45,"NZ_CP017186.1 Enterobacter hormaechei subsp. hoffmannii strain DSM 14563 chromosome, complete genome",Enterobacter hormaechei
MI_KPC_275,14215010,2146466510,151,357.744,klebsiella,258,fail,pass,57.0,982.3 Mbp,6781800.0,151,144.8663751511398,41.66458411811842,40-151,pass,137498.0,5665080.0,89.0,PASS,99.0,86.05,83.76,"NZ_KN046818.1 Klebsiella pneumoniae strain ATCC 13883 scaffold1, whole genome shotgun sequence",Klebsiella pneumoniae
MI_KPC_276,12081232,1824266032,151,304.044,klebsiella,45,fail,pass,57.0,838.6 Mbp,5761317.0,151,145.5878957884109,43.90137962654901,40-151,pass,173520.0,5665638.0,92.0,PASS,98.95,86.45,83.69,"NZ_KN046818.1 Klebsiella pneumoniae strain ATCC 13883 scaffold1, whole genome shotgun sequence",Klebsiella pneumoniae
MI_KPC_277,7801900,1178086900,151,196.348,ecoli_achtman_4,216,fail,pass,51.0,542.3 Mbp,3737940.0,151,145.1045262898816,49.07041898234637,40-151,pass,81878.0,5048578.0,217.0,PASS,96.34,75.17,65.97,"NZ_CP033092.2 Escherichia coli DSM 30083 = JCM 1649 = ATCC 11775 chromosome, complete genome",Escherichia coli
MI_KPC_278,10553772,1593619572,151,265.603,cfreundii,-,fail,pass,54.0,737.8 Mbp,5072985.0,151,145.45939146281725,46.73015174939867,40-151,pass,146023.0,5836368.0,149.0,PASS,98.48,81.37,73.88,"CP045205.1 Citrobacter telavivensis strain 6105 chromosome, complete genome",Citrobacter telavivensis
MI_KPC_279,8010060,1209519060,151,201.587,klebsiella,258,fail,pass,57.0,555.8 Mbp,3818833.0,151,145.57306276550975,51.02962668786202,40-151,pass,129796.0,5446929.0,82.0,PASS,99.0,85.95,86.5,"NZ_KN046818.1 Klebsiella pneumoniae strain ATCC 13883 scaffold1, whole genome shotgun sequence",Klebsiella pneumoniae
MI_KPC_27,24075918,3635463618,151,605.911,ecloacae,597,fail,pass,55.0,1.1 Gbp,11183679.0,92,98.4942592683499,30.77471671364089,40-151,pass,239407.0,5019298.0,70.0,PASS,95.72,86.0,79.98,"NZ_CP017186.1 Enterobacter hormaechei subsp. hoffmannii strain DSM 14563 chromosome, complete genome",Enterobacter hormaechei
MI_KPC_280,7496512,1131973312,151,188.662,ecoli_achtman_4,410,fail,pass,51.0,520 Mbp,3586432.0,151,145.03320598299368,49.65516646236254,40-151,pass,87499.0,5287458.0,206.0,PASS,96.26,79.61,67.88,"NZ_CP033092.2 Escherichia coli DSM 30083 = JCM 1649 = ATCC 11775 chromosome, complete genome",Escherichia coli
MI_KPC_281,8934422,1349097722,151,224.85,ecoli_achtman_4,95,fail,pass,50.0,621.9 Mbp,4293316.0,151,144.8872146844071,45.64380324058972,40-151,pass,204444.0,5145425.0,145.0,PASS,99.61,92.95,81.29,"NZ_CP033092.2 Escherichia coli DSM 30083 = JCM 1649 = ATCC 11775 chromosome, complete genome",Escherichia coli
MI_KPC_282,13699920,2068687920,151,344.781,klebsiella,258,fail,pass,57.0,953.8 Mbp,6552847.0,151,145.57749082192825,41.84688926553833,40-151,pass,129409.0,5744920.0,99.0,PASS,98.96,86.59,82.99,"NZ_KN046818.1 Klebsiella pneumoniae strain ATCC 13883 scaffold1, whole genome shotgun sequence",Klebsiella pneumoniae
MI_KPC_283,11054624,1669248224,151,278.208,klebsiella,16,fail,pass,58.0,756.9 Mbp,5307216.0,151,142.64724386571038,45.48601407027064,40-151,pass,235354.0,5420879.0,64.0,PASS,99.07,84.95,86.01,"NZ_KN046818.1 Klebsiella pneumoniae strain ATCC 13883 scaffold1, whole genome shotgun sequence",Klebsiella pneumoniae
MI_KPC_284,11599244,1751485844,151,291.914,klebsiella,163,fail,pass,57.0,797 Mbp,5572860.0,151,143.04558933832897,42.88651292397942,40-151,pass,126693.0,5656689.0,146.0,PASS,98.95,85.06,82.41,"NZ_KN046818.1 Klebsiella pneumoniae strain ATCC 13883 scaffold1, whole genome shotgun sequence",Klebsiella pneumoniae
MI_KPC_285,9945760,1501809760,151,250.302,klebsiella,2729,fail,pass,57.0,678.3 Mbp,4756893.0,151,142.63147415760665,46.57660516688356,40-151,pass,177354.0,5302382.0,59.0,PASS,98.95,86.29,89.39,"NZ_KN046818.1 Klebsiella pneumoniae strain ATCC 13883 scaffold1, whole genome shotgun sequence",Klebsiella pneumoniae
MI_KPC_286,8400240,1268436240,151,211.406,ecloacae,113,fail,pass,55.0,577.4 Mbp,4045449.0,151,142.7636237658663,47.73355534197729,40-151,pass,269823.0,4901451.0,62.0,PASS,95.15,86.46,78.98,"NZ_CP017186.1 Enterobacter hormaechei subsp. hoffmannii strain DSM 14563 chromosome, complete genome",Enterobacter hormaechei
MI_KPC_287,6651678,1004403378,151,167.401,ypseudotuberculosis_achtman_3,-,fail,pass,59.0,452 Mbp,3208812.0,151,140.90205627503263,55.48136206033029,40-151,pass,298730.0,5319905.0,68.0,PASS,98.91,93.23,83.87,"NZ_CP018925.1 Serratia marcescens strain UMH3 chromosome, complete genome",Serratia marcescens
MI_KPC_288,10623398,1604133098,151,267.356,klebsiella,11,fail,pass,57.0,725.3 Mbp,5086662.0,151,142.62476236872038,46.12614264709181,40-151,pass,214560.0,5545819.0,77.0,PASS,99.08,88.41,88.01,"NZ_KN046818.1 Klebsiella pneumoniae strain ATCC 13883 scaffold1, whole genome shotgun sequence",Klebsiella pneumoniae
MI_KPC_289,9999620,1509942620,151,251.657,ecloacae,78,fail,pass,55.0,685.5 Mbp,4824398.0,151,142.12930628857734,45.61355731113939,40-151,pass,282580.0,4877331.0,64.0,PASS,98.82,90.78,81.65,"NZ_CP017186.1 Enterobacter hormaechei subsp. hoffmannii strain DSM 14563 chromosome, complete genome",Enterobacter hormaechei
MI_KPC_28,25052296,3782896696,151,630.483,ecloacae,597,fail,pass,55.0,1.1 Gbp,11534865.0,97,98.6210638789444,31.614295882217316,40-151,pass,228228.0,5019316.0,69.0,PASS,95.7,86.05,80.02,"NZ_CP017186.1 Enterobacter hormaechei subsp. hoffmannii strain DSM 14563 chromosome, complete genome",Enterobacter hormaechei
MI_KPC_290,9767690,1474921190,151,245.82,klebsiella,17,fail,pass,57.0,669.3 Mbp,4686650.0,151,142.8507678192312,47.90896914743586,40-151,pass,185984.0,5693440.0,88.0,PASS,99.11,85.16,82.1,"NZ_KN046818.1 Klebsiella pneumoniae strain ATCC 13883 scaffold1, whole genome shotgun sequence",Klebsiella pneumoniae
MI_KPC_291,9280910,1401417410,151,233.57,cfreundii,396,fail,pass,52.0,634.9 Mbp,4472836.0,151,141.97104700462972,48.69765681397352,40-151,pass,175725.0,5336249.0,73.0,PASS,98.48,89.02,78.37,"NZ_CP049015.1 Citrobacter freundii ATCC 8090 = MTCC 1658 = NBRC 12681 strain ATCC 8090 chromosome, complete genome",Citrobacter freundii
MI_KPC_292,6238092,941951892,151,156.992,ypseudotuberculosis_achtman_3,-,fail,pass,59.0,427.7 Mbp,3002570.0,151,142.494852742817,56.46311322993176,40-151,pass,333285.0,5353081.0,56.0,PASS,98.41,90.02,83.76,"NZ_CP018925.1 Serratia marcescens strain UMH3 chromosome, complete genome",Serratia marcescens
MI_KPC_293,11309994,1707809094,151,284.635,klebsiella,33,fail,pass,57.0,778.7 Mbp,5438180.0,151,143.22409078037137,44.02795493644743,40-151,pass,230565.0,5443028.0,77.0,PASS,98.82,84.66,81.45,"NZ_KN046818.1 Klebsiella pneumoniae strain ATCC 13883 scaffold1, whole genome shotgun sequence",Klebsiella pneumoniae
MI_KPC_294,7961746,1202223646,151,200.371,ecoli_achtman_4,88,fail,pass,51.0,548.4 Mbp,3841643.0,151,142.7905229611393,49.18493496583639,40-151,pass,126771.0,5256516.0,104.0,PASS,96.58,80.19,73.43,"NZ_CP033092.2 Escherichia coli DSM 30083 = JCM 1649 = ATCC 11775 chromosome, complete genome",Escherichia coli
MI_KPC_295,13854856,2092083256,151,348.681,klebsiella,11,fail,pass,57.0,952.5 Mbp,6652376.0,151,143.2074063462438,41.16255760725313,40-151,pass,183914.0,5498852.0,73.0,PASS,99.06,87.47,87.6,"NZ_KN046818.1 Klebsiella pneumoniae strain ATCC 13883 scaffold1, whole genome shotgun sequence",Klebsiella pneumoniae
MI_KPC_296,9965054,1504723154,151,250.787,klebsiella,33,fail,pass,57.0,686.1 Mbp,4789537.0,151,143.28138586255832,45.88290413803615,40-151,pass,281267.0,5420084.0,58.0,PASS,99.07,84.6,85.58,"NZ_KN046818.1 Klebsiella pneumoniae strain ATCC 13883 scaffold1, whole genome shotgun sequence",Klebsiella pneumoniae
MI_KPC_297,8465984,1278363584,151,213.061,ecoli_achtman_4,95,fail,pass,51.0,580.2 Mbp,4081052.0,151,142.2021814473327,49.66597096512656,40-151,pass,219807.0,5318147.0,81.0,PASS,99.49,94.01,83.12,"NZ_CP033092.2 Escherichia coli DSM 30083 = JCM 1649 = ATCC 11775 chromosome, complete genome",Escherichia coli
MI_KPC_298,9813912,1481900712,151,246.983,ecloacae,78,fail,pass,55.0,673.7 Mbp,4734835.0,151,142.31575545927154,42.31440328231445,40-151,pass,274644.0,4853384.0,54.0,PASS,98.82,90.67,83.88,"NZ_CP017186.1 Enterobacter hormaechei subsp. hoffmannii strain DSM 14563 chromosome, complete genome",Enterobacter hormaechei
MI_KPC_299,5094172,769219972,151,128.203,ecoli_achtman_4,131,fail,pass,51.0,345.8 Mbp,2458258.0,151,140.68914288085304,58.35992731606755,40-151,pass,139452.0,5147071.0,126.0,PASS,98.0,86.22,78.05,"NZ_CP033092.2 Escherichia coli DSM 30083 = JCM 1649 = ATCC 11775 chromosome, complete genome",Escherichia coli
MI_KPC_29,15229650,2299677150,151,383.28,ecloacae,93,fail,pass,55.0,998.7 Mbp,7320153.0,151,136.4577240393746,38.25487749322545,40-151,pass,212444.0,5056678.0,73.0,PASS,95.73,85.49,78.65,"NZ_CP017186.1 Enterobacter hormaechei subsp. hoffmannii strain DSM 14563 chromosome, complete genome",Enterobacter hormaechei
MI_KPC_2,21359624,3225303224,151,537.551,ecloacae,171,fail,pass,56.0,914 Mbp,9803377.0,77,93.26768510483684,38.45167235404507,40-151,pass,172617.0,5069573.0,66.0,PASS,95.87,86.32,79.54,"NZ_CP017186.1 Enterobacter hormaechei subsp. hoffmannii strain DSM 14563 chromosome, complete genome",Enterobacter hormaechei
MI_KPC_300,11030484,1665603084,151,277.601,ecloacae,303,fail,pass,55.0,756.4 Mbp,5315797.0,151,142.3217765840193,43.364986834446334,40-151,pass,249762.0,4908694.0,52.0,PASS,95.27,86.89,79.1,"NZ_CP017186.1 Enterobacter hormaechei subsp. hoffmannii strain DSM 14563 chromosome, complete genome",Enterobacter hormaechei
MI_KPC_301,8493866,1282573766,151,213.762,klebsiella,20,fail,pass,57.0,575.8 Mbp,4068740.0,151,141.5428700285592,50.7114032589425,40-151,pass,262179.0,5616125.0,75.0,PASS,98.95,85.63,83.26,"NZ_KN046818.1 Klebsiella pneumoniae strain ATCC 13883 scaffold1, whole genome shotgun sequence",Klebsiella pneumoniae
MI_KPC_302,13386312,2021333112,151,336.889,klebsiella,258,fail,pass,57.0,915.5 Mbp,6400826.0,151,143.0538372703773,41.441163692998366,40-151,pass,111074.0,5559767.0,92.0,PASS,99.01,86.03,85.4,"NZ_KN046818.1 Klebsiella pneumoniae strain ATCC 13883 scaffold1, whole genome shotgun sequence",Klebsiella pneumoniae
MI_KPC_303,8749870,1321230370,151,220.205,cfreundii,163,fail,pass,52.0,600.1 Mbp,4220818.0,151,142.21416227849673,47.45785553204323,40-151,pass,261626.0,5095093.0,60.0,PASS,98.54,89.25,81.32,"NZ_CP049015.1 Citrobacter freundii ATCC 8090 = MTCC 1658 = NBRC 12681 strain ATCC 8090 chromosome, complete genome",Citrobacter freundii
MI_KPC_304,12053602,1820093902,151,303.349,ecloacae,171,fail,pass,55.0,828.8 Mbp,5811764.0,151,142.6320227387072,42.38302005886356,40-151,pass,223822.0,5169911.0,76.0,PASS,95.33,87.0,75.66,"NZ_CP017186.1 Enterobacter hormaechei subsp. hoffmannii strain DSM 14563 chromosome, complete genome",Enterobacter hormaechei
MI_KPC_305,10192196,1539021596,151,256.504,klebsiella,258,fail,pass,57.0,698.2 Mbp,4885335.0,151,142.95508148366488,45.38094820809271,40-151,pass,139916.0,5715031.0,107.0,PASS,98.95,88.23,85.04,"NZ_KN046818.1 Klebsiella pneumoniae strain ATCC 13883 scaffold1, whole genome shotgun sequence",Klebsiella pneumoniae
MI_KPC_306,6740966,1017885866,151,169.648,ypseudotuberculosis_achtman_3,-,fail,pass,60.0,460.4 Mbp,3251268.0,151,141.64310109163563,55.66463969527212,40-151,pass,947382.0,5184818.0,63.0,PASS,98.78,92.66,87.29,"NZ_CP018925.1 Serratia marcescens strain UMH3 chromosome, complete genome",Serratia marcescens
MI_KPC_307,10626892,1604660692,151,267.443,klebsiella,258,fail,pass,57.0,725.6 Mbp,5086099.0,151,142.68350675045846,46.44302964806701,40-151,pass,129409.0,5613425.0,84.0,PASS,98.95,86.62,84.89,"NZ_KN046818.1 Klebsiella pneumoniae strain ATCC 13883 scaffold1, whole genome shotgun sequence",Klebsiella pneumoniae
MI_KPC_308,13573358,2049577058,151,341.596,klebsiella,45,fail,pass,57.0,930.9 Mbp,6504457.0,151,143.14318151384504,41.97582391937614,40-151,pass,174292.0,5731653.0,88.0,PASS,99.06,86.47,83.12,"NZ_KN046818.1 Klebsiella pneumoniae strain ATCC 13883 scaffold1, whole genome shotgun sequence",Klebsiella pneumoniae
MI_KPC_309,11522790,1739941290,151,289.99,ecloacae,295,fail,pass,55.0,789.6 Mbp,5530056.0,151,142.80636416701748,42.27299253512776,40-151,pass,305114.0,4770678.0,45.0,PASS,95.26,86.71,81.51,"NZ_CP017186.1 Enterobacter hormaechei subsp. hoffmannii strain DSM 14563 chromosome, complete genome",Enterobacter hormaechei
MI_KPC_30,20716510,3128193010,151,521.365,ecloacae,114,fail,pass,55.0,1.3 Gbp,9910918.0,151,137.08159617504654,32.542323986470294,40-151,pass,191392.0,5029661.0,74.0,PASS,95.71,86.86,80.33,"NZ_CP017186.1 Enterobacter hormaechei subsp. hoffmannii strain DSM 14563 chromosome, complete genome",Enterobacter hormaechei
MI_KPC_310,6025410,909836910,151,151.639,ecoli_achtman_4,-,fail,pass,55.0,412.4 Mbp,2890915.0,151,142.7022873380919,60.24544592397052,40-151,pass,1843.0,5390614.0,2717.0,FAIL,98.35,40.29,23.41,"NZ_KN046818.1 Klebsiella pneumoniae strain ATCC 13883 scaffold1, whole genome shotgun sequence",Klebsiella pneumoniae
MI_KPC_311,9551060,1442210060,151,240.368,klebsiella,258,fail,pass,57.0,655.3 Mbp,4578892.0,151,143.15105488401997,47.78802804342329,40-151,pass,137343.0,5541539.0,85.0,PASS,98.96,86.08,85.58,"NZ_KN046818.1 Klebsiella pneumoniae strain ATCC 13883 scaffold1, whole genome shotgun sequence",Klebsiella pneumoniae
MI_KPC_312,8359714,1262316814,151,210.386,ecloacae,171,fail,pass,55.0,574.9 Mbp,4027604.0,151,142.763123931747,49.75418025232115,40-151,pass,269528.0,5280528.0,93.0,PASS,95.39,86.72,73.25,"NZ_CP017186.1 Enterobacter hormaechei subsp. hoffmannii strain DSM 14563 chromosome, complete genome",Enterobacter hormaechei
MI_KPC_313,10051732,1517811532,151,252.969,klebsiella,11,fail,pass,57.0,690.6 Mbp,4829535.0,151,143.03464847029787,46.91610819388353,40-151,pass,183844.0,5900387.0,109.0,PASS,99.07,88.84,83.0,"NZ_KN046818.1 Klebsiella pneumoniae strain ATCC 13883 scaffold1, whole genome shotgun sequence",Klebsiella pneumoniae
MI_KPC_314,4558108,688274308,151,114.712,cfreundii,849,fail,pass,54.0,309.6 Mbp,2197707.0,151,140.91969994180295,61.47437977289767,40-151,pass,422982.0,4855218.0,56.0,PASS,98.64,94.19,84.38,"UAVY01000011.1 Citrobacter koseri strain NCTC10786 genome assembly, contig: ERS513143SCcontig000011, whole genome shotgun sequence",Citrobacter koseri
MI_KPC_315,12117298,1829711998,151,304.952,klebsiella,258,fail,pass,57.0,832.8 Mbp,5814669.0,151,143.25104851196173,42.656152739886686,40-151,pass,142507.0,5504657.0,78.0,PASS,98.9,86.8,86.96,"NZ_KN046818.1 Klebsiella pneumoniae strain ATCC 13883 scaffold1, whole genome shotgun sequence",Klebsiella pneumoniae
MI_KPC_316,11706218,1767638918,151,294.606,ecoli_achtman_4,38,fail,pass,51.0,803.8 Mbp,5645416.0,151,142.41612309881148,43.43274024724334,40-151,pass,137180.0,5520822.0,121.0,PASS,96.61,82.19,72.14,"NZ_CP033092.2 Escherichia coli DSM 30083 = JCM 1649 = ATCC 11775 chromosome, complete genome",Escherichia coli
MI_KPC_317,14269394,2154678494,151,359.113,klebsiella,258,fail,pass,58.0,985 Mbp,6868893.0,151,143.4221170718484,39.57876548727241,40-151,pass,126085.0,5436378.0,78.0,PASS,98.96,85.46,86.5,"NZ_KN046818.1 Klebsiella pneumoniae strain ATCC 13883 scaffold1, whole genome shotgun sequence",Klebsiella pneumoniae
MI_KPC_318,4479754,676442854,151,112.74,klebsiella,258,fail,pass,57.0,306.2 Mbp,2158656.0,151,141.8952927191734,63.34057634677352,40-151,pass,120032.0,5791854.0,93.0,PASS,99.0,88.43,84.04,"NZ_KN046818.1 Klebsiella pneumoniae strain ATCC 13883 scaffold1, whole genome shotgun sequence",Klebsiella pneumoniae
MI_KPC_319,12380224,1869413824,151,311.569,ecloacae,78,fail,pass,55.0,851.3 Mbp,5979583.0,151,142.4035100775422,41.42152464933428,40-151,pass,282580.0,4859542.0,56.0,PASS,98.84,90.76,82.7,"NZ_CP017186.1 Enterobacter hormaechei subsp. hoffmannii strain DSM 14563 chromosome, complete genome",Enterobacter hormaechei
MI_KPC_31,18760950,2832903450,151,472.151,koxytoca,-,fail,pass,55.0,1.2 Gbp,8969290.0,151,137.86690540722844,36.55666883807943,40-151,pass,164270.0,6376498.0,129.0,PASS,97.86,82.52,79.7,"NZ_PRDB01000030.1 Klebsiella michiganensis strain DSM 25444 map unlocalized plasmid unnamed1 contig_30, whole genome shotgun sequence",Klebsiella michiganensis
MI_KPC_320,12043956,1818637356,151,303.106,klebsiella,13,fail,pass,57.0,826.7 Mbp,5785008.0,151,142.93587649316993,42.974751858967736,40-151,pass,185398.0,5607667.0,78.0,PASS,99.01,85.53,83.89,"NZ_KN046818.1 Klebsiella pneumoniae strain ATCC 13883 scaffold1, whole genome shotgun sequence",Klebsiella pneumoniae
MI_KPC_321,9408970,1420754470,151,236.792,koxytoca,29,fail,pass,55.0,643.7 Mbp,4507957.0,151,142.81199132999717,50.97889598180051,40-151,pass,180228.0,6255623.0,79.0,PASS,97.37,81.94,78.66,"NZ_PRDB01000030.1 Klebsiella michiganensis strain DSM 25444 map unlocalized plasmid unnamed1 contig_30, whole genome shotgun sequence",Klebsiella michiganensis
MI_KPC_322,9656102,1458071402,151,243.012,klebsiella,11,fail,pass,57.0,664 Mbp,4647551.0,151,142.89728396740563,48.206803840273,40-151,pass,182211.0,5606934.0,96.0,PASS,99.06,88.53,86.88,"NZ_KN046818.1 Klebsiella pneumoniae strain ATCC 13883 scaffold1, whole genome shotgun sequence",Klebsiella pneumoniae
MI_KPC_323,13957894,2107641994,151,351.274,klebsiella,1517,fail,pass,57.0,953.9 Mbp,6699386.0,151,142.42018626781618,39.36718581847396,40-151,pass,223491.0,5643889.0,68.0,PASS,99.01,86.28,84.23,"NZ_KN046818.1 Klebsiella pneumoniae strain ATCC 13883 scaffold1, whole genome shotgun sequence",Klebsiella pneumoniae
MI_KPC_324,6802390,1027160890,151,171.193,ecloacae,41,fail,pass,56.0,458 Mbp,3275564.0,151,139.8478524614387,55.09414030266717,40-151,pass,97938.0,4904548.0,141.0,PASS,97.99,84.04,77.47,"NZ_CP017184.1 Enterobacter roggenkampii strain DSM 16690 chromosome, complete genome",Enterobacter roggenkampii
MI_KPC_325,11715048,1768972248,151,294.829,klebsiella,20,fail,pass,57.0,790.4 Mbp,5594581.0,151,141.31523039884488,45.26714698873658,40-151,pass,220758.0,5520285.0,60.0,PASS,99.07,85.71,85.48,"NZ_KN046818.1 Klebsiella pneumoniae strain ATCC 13883 scaffold1, whole genome shotgun sequence",Klebsiella pneumoniae
MI_KPC_326,8013338,1210014038,151,201.669,klebsiella,258,fail,pass,57.0,536.8 Mbp,3848999.0,151,139.49303286386927,53.685980835306914,40-151,pass,126085.0,5705320.0,89.0,PASS,99.06,85.34,82.34,"NZ_KN046818.1 Klebsiella pneumoniae strain ATCC 13883 scaffold1, whole genome shotgun sequence",Klebsiella pneumoniae
MI_KPC_327,10976966,1657521866,151,276.254,klebsiella,33,fail,pass,57.0,741.3 Mbp,5237529.0,151,141.5701303038131,45.26052200502368,40-151,pass,215176.0,5456081.0,65.0,PASS,98.96,84.79,85.74,"NZ_KN046818.1 Klebsiella pneumoniae strain ATCC 13883 scaffold1, whole genome shotgun sequence",Klebsiella pneumoniae
MI_KPC_328,9039786,1365007686,151,227.501,klebsiella,258,fail,pass,57.0,607.9 Mbp,4298217.0,151,141.46310132782966,49.452570354067625,40-151,pass,129409.0,5546815.0,85.0,PASS,99.0,85.58,85.18,"NZ_KN046818.1 Klebsiella pneumoniae strain ATCC 13883 scaffold1, whole genome shotgun sequence",Klebsiella pneumoniae
MI_KPC_329,10005916,1510893316,151,251.816,ecloacae,45,fail,pass,55.0,669.1 Mbp,4745709.0,151,141.02027199729272,46.20837197249336,40-151,pass,297643.0,4889430.0,62.0,PASS,95.26,85.55,77.96,"NZ_CP017186.1 Enterobacter hormaechei subsp. hoffmannii strain DSM 14563 chromosome, complete genome",Enterobacter hormaechei
MI_KPC_32,22972452,3468840252,151,578.14,ecloacae,171,fail,pass,55.0,1.5 Gbp,10938460.0,151,137.844825779863,29.684172044728054,40-151,pass,202349.0,4902254.0,54.0,PASS,95.72,86.45,82.23,"NZ_CP017186.1 Enterobacter hormaechei subsp. hoffmannii strain DSM 14563 chromosome, complete genome",Enterobacter hormaechei
MI_KPC_330,13492124,2037310724,151,339.552,cfreundii,163,fail,pass,51.0,912.2 Mbp,6488863.0,151,140.6000421029077,40.54166192556213,40-151,pass,261626.0,5059962.0,55.0,PASS,98.5,89.19,82.48,"NZ_CP049015.1 Citrobacter freundii ATCC 8090 = MTCC 1658 = NBRC 12681 strain ATCC 8090 chromosome, complete genome",Citrobacter freundii
MI_KPC_331,9925838,1498801538,151,249.8,klebsiella,11,fail,pass,58.0,657.2 Mbp,4650206.0,151,141.36081519829443,48.42579203491174,40-151,pass,185395.0,5490468.0,68.0,PASS,99.13,87.93,88.44,"NZ_KN046818.1 Klebsiella pneumoniae strain ATCC 13883 scaffold1, whole genome shotgun sequence",Klebsiella pneumoniae
MI_KPC_332,14331950,2164124450,151,360.687,ecloacae,24,fail,pass,55.0,967 Mbp,6865838.0,151,140.86833042084592,41.07152430120007,40-151,pass,172452.0,5312693.0,113.0,PASS,97.99,80.75,78.05,"NZ_CP017990.1 Enterobacter cloacae complex sp. ECNIH7 chromosome, complete genome",Enterobacter cloacae
MI_KPC_333,1769776,267236176,151,44.5394,klebsiella,11,fail,pass,57.0,117.5 Mbp,843346.0,151,139.45461767767915,78.36672880993505,40-151,pass,152432.0,5879643.0,137.0,PASS,99.07,88.88,83.4,"NZ_KN046818.1 Klebsiella pneumoniae strain ATCC 13883 scaffold1, whole genome shotgun sequence",Klebsiella pneumoniae
MI_KPC_334,13464502,2033139802,151,338.857,ecloacae,200,fail,pass,55.0,903.2 Mbp,6393275.0,151,141.2999839675284,40.53407615570016,40-151,pass,302570.0,5119467.0,79.0,PASS,95.26,86.24,75.1,"NZ_CP017186.1 Enterobacter hormaechei subsp. hoffmannii strain DSM 14563 chromosome, complete genome",Enterobacter hormaechei
MI_KPC_335,10947420,1653060420,151,275.51,ecoli_achtman_4,131,fail,pass,51.0,738.9 Mbp,5246238.0,151,140.86656762426713,44.89905430606546,40-151,pass,191796.0,5001145.0,75.0,PASS,97.83,85.53,81.55,"NZ_CP033092.2 Escherichia coli DSM 30083 = JCM 1649 = ATCC 11775 chromosome, complete genome",Escherichia coli
MI_KPC_336,6936344,1047387944,151,174.565,ecloacae,171,fail,pass,55.0,462 Mbp,3300299.0,151,140.0353113460326,54.470398013314046,40-151,pass,236187.0,5126308.0,69.0,PASS,95.26,86.57,75.49,"NZ_CP017186.1 Enterobacter hormaechei subsp. hoffmannii strain DSM 14563 chromosome, complete genome",Enterobacter hormaechei
MI_KPC_337,3959990,597958490,151,99.6597,ecloacae,78,fail,pass,55.0,263.8 Mbp,1907884.0,151,138.33073761297857,65.25014666902618,40-151,pass,239075.0,5129451.0,101.0,PASS,98.75,90.74,78.28,"NZ_CP017186.1 Enterobacter hormaechei subsp. hoffmannii strain DSM 14563 chromosome, complete genome",Enterobacter hormaechei
MI_KPC_338,6658032,1005362832,151,167.56,cfreundii,396,fail,pass,52.0,448.3 Mbp,3183213.0,151,140.86973538999746,56.08576868452029,40-151,pass,178770.0,5517247.0,86.0,PASS,98.59,89.05,76.17,"NZ_CP049015.1 Citrobacter freundii ATCC 8090 = MTCC 1658 = NBRC 12681 strain ATCC 8090 chromosome, complete genome",Citrobacter freundii
MI_KPC_339,7837750,1183500250,151,197.25,ecloacae,78,fail,pass,55.0,521.7 Mbp,3776295.0,151,138.17975899658262,53.1305929597134,40-151,pass,264333.0,4926125.0,78.0,PASS,98.84,90.71,79.18,"NZ_CP017186.1 Enterobacter hormaechei subsp. hoffmannii strain DSM 14563 chromosome, complete genome",Enterobacter hormaechei
MI_KPC_33,9368874,1414699974,151,235.783,koxytoca,383,fail,pass,56.0,618.9 Mbp,4451433.0,151,139.07010079675467,47.81109641739661,40-151,pass,294553.0,6153753.0,76.0,PASS,97.9,82.11,82.16,"NZ_PRDB01000030.1 Klebsiella michiganensis strain DSM 25444 map unlocalized plasmid unnamed1 contig_30, whole genome shotgun sequence",Klebsiella michiganensis
MI_KPC_340,12580898,1899715598,151,316.619,klebsiella,258,fail,pass,57.0,852.7 Mbp,5991948.0,151,142.3293157751035,42.03572422673826,40-151,pass,137373.0,5638370.0,97.0,PASS,98.96,86.28,84.62,"NZ_KN046818.1 Klebsiella pneumoniae strain ATCC 13883 scaffold1, whole genome shotgun sequence",Klebsiella pneumoniae
MI_KPC_341,12707728,1918866928,151,319.811,klebsiella,299,fail,pass,57.0,861.1 Mbp,6064041.0,151,142.02491177088018,42.564555385800205,40-151,pass,214819.0,5380960.0,45.0,PASS,99.08,88.34,90.54,"NZ_KN046818.1 Klebsiella pneumoniae strain ATCC 13883 scaffold1, whole genome shotgun sequence",Klebsiella pneumoniae
MI_KPC_342,8553522,1291581822,151,215.264,klebsiella,273,fail,pass,57.0,579 Mbp,4051863.0,151,142.92277799125984,48.53331262926129,40-151,pass,278764.0,5429934.0,56.0,PASS,99.02,85.32,86.76,"NZ_KN046818.1 Klebsiella pneumoniae strain ATCC 13883 scaffold1, whole genome shotgun sequence",Klebsiella pneumoniae
MI_KPC_343,7286106,1100202006,151,183.367,ecoli_achtman_4,410,fail,pass,51.0,488.3 Mbp,3497570.0,151,139.65799083363592,53.1753680513332,40-151,pass,115123.0,5300533.0,138.0,PASS,96.3,79.98,70.9,"NZ_CP033092.2 Escherichia coli DSM 30083 = JCM 1649 = ATCC 11775 chromosome, complete genome",Escherichia coli
MI_KPC_344,18638984,2814486584,151,469.081,klebsiella,234,fail,pass,58.0,1.2 Gbp,8797412.0,151,142.58385795731743,36.201826877772014,40-151,pass,276119.0,5627718.0,59.0,PASS,99.08,87.87,86.28,"NZ_KN046818.1 Klebsiella pneumoniae strain ATCC 13883 scaffold1, whole genome shotgun sequence",Klebsiella pneumoniae
MI_KPC_345,8362948,1262805148,151,210.468,cfreundii,328,fail,pass,52.0,562.7 Mbp,4003971.0,151,140.5698013297299,51.83703168830907,40-151,pass,190947.0,5540345.0,94.0,PASS,97.78,88.91,74.4,"NZ_MVFY01000010.1 Citrobacter portucalensis strain A60 A60_S7_L001_NODE_10_length_199066_cov_22.3255, whole genome shotgun sequence",Citrobacter portucalensis
MI_KPC_346,10321922,1558610222,151,259.768,klebsiella,258,fail,pass,57.0,699.3 Mbp,4946809.0,151,141.38929863675756,47.88283107941385,40-151,pass,107595.0,5618517.0,100.0,PASS,98.9,86.67,85.16,"NZ_KN046818.1 Klebsiella pneumoniae strain ATCC 13883 scaffold1, whole genome shotgun sequence",Klebsiella pneumoniae
MI_KPC_347,17576980,2654123980,151,442.354,ecloacae,78,fail,pass,55.0,1.1 Gbp,8382292.0,151,142.26558714490022,35.157817156063714,40-151,pass,343430.0,4889119.0,41.0,PASS,98.89,90.83,83.82,"NZ_CP017186.1 Enterobacter hormaechei subsp. hoffmannii strain DSM 14563 chromosome, complete genome",Enterobacter hormaechei
MI_KPC_348,17143728,2588702928,151,431.451,klebsiella,258,fail,pass,57.0,1.1 Gbp,8164588.0,151,142.43936436229237,37.00952009991709,40-151,pass,137373.0,5442480.0,82.0,PASS,99.0,85.61,86.82,"NZ_KN046818.1 Klebsiella pneumoniae strain ATCC 13883 scaffold1, whole genome shotgun sequence",Klebsiella pneumoniae
MI_KPC_349,12511102,1889176402,151,314.863,ecloacae,461,fail,pass,55.0,843.3 Mbp,5946836.0,151,141.8346497196156,41.07432804165613,40-151,pass,233699.0,4935045.0,51.0,PASS,95.26,85.82,77.93,"NZ_CP017186.1 Enterobacter hormaechei subsp. hoffmannii strain DSM 14563 chromosome, complete genome",Enterobacter hormaechei
MI_KPC_34,26731132,4036400932,151,672.733,koxytoca,88,fail,pass,56.0,1.7 Gbp,12657433.0,151,138.00402877897912,31.57596003340601,40-151,pass,98600.0,6338073.0,153.0,PASS,98.6,86.29,83.79,"NZ_PRDB01000030.1 Klebsiella michiganensis strain DSM 25444 map unlocalized plasmid unnamed1 contig_30, whole genome shotgun sequence",Klebsiella michiganensis
MI_KPC_350,7242550,1093625050,151,182.271,klebsiella,258,fail,pass,58.0,485.6 Mbp,3420147.0,151,142.02244026353253,53.92246983260662,40-151,pass,129470.0,5641073.0,91.0,PASS,98.96,86.21,84.23,"NZ_KN046818.1 Klebsiella pneumoniae strain ATCC 13883 scaffold1, whole genome shotgun sequence",Klebsiella pneumoniae
MI_KPC_351,7445080,1124207080,151,187.368,abaumannii_2,2,fail,pass,47.0,499.5 Mbp,3553462.0,151,140.6020663792099,62.1673529953745,40-151,pass,125826.0,9631268.0,183.0,FAIL,99.12,88.59,50.76,"NZ_KN046818.1 Klebsiella pneumoniae strain ATCC 13883 scaffold1, whole genome shotgun sequence",Klebsiella pneumoniae
MI_KPC_352,15703304,2371198904,151,395.2,ecloacae,191,fail,pass,55.0,1 Gbp,7446900.0,151,142.2840214048799,37.078793791826,40-151,pass,181055.0,4853310.0,51.0,PASS,98.78,85.45,84.2,"NZ_CP017181.1 Enterobacter kobei strain DSM 13645 chromosome, complete genome",Enterobacter kobei
MI_KPC_353,7285446,1100102346,151,183.35,klebsiella,307,fail,pass,56.0,488.6 Mbp,3477231.0,151,140.5451219663002,54.35421696769962,40-151,pass,165345.0,5925999.0,116.0,PASS,99.01,86.35,80.25,"NZ_KN046818.1 Klebsiella pneumoniae strain ATCC 13883 scaffold1, whole genome shotgun sequence",Klebsiella pneumoniae
MI_KPC_354,10579362,1597483662,151,266.247,cfreundii,-,fail,pass,52.0,717 Mbp,5080716.0,151,141.144154878958,45.70174666285658,40-151,pass,376476.0,5254228.0,57.0,PASS,98.89,90.02,82.18,"CP083650.1 Citrobacter europaeus strain FDAARGOS_1490 chromosome, complete genome",Citrobacter europaeus
MI_KPC_355,9987148,1508059348,151,251.343,ecoli_achtman_4,410,fail,pass,51.0,674.3 Mbp,4782043.0,151,141.04063346983705,44.73053280944906,40-151,pass,105330.0,5068285.0,170.0,PASS,96.27,78.51,71.33,"NZ_CP033092.2 Escherichia coli DSM 30083 = JCM 1649 = ATCC 11775 chromosome, complete genome",Escherichia coli
MI_KPC_356,18391430,2777105930,151,462.851,klebsiella,528,fail,pass,58.0,1.2 Gbp,8731036.0,151,142.37665793612578,34.54992013127298,40-151,pass,218959.0,5242016.0,49.0,PASS,99.07,86.26,90.69,"NZ_KN046818.1 Klebsiella pneumoniae strain ATCC 13883 scaffold1, whole genome shotgun sequence",Klebsiella pneumoniae
MI_KPC_357,9340218,1410372918,151,235.062,klebsiella,23,fail,pass,58.0,626.9 Mbp,4389871.0,151,142.8363751463312,48.801059153741214,40-151,pass,247976.0,5695012.0,57.0,PASS,99.13,88.17,85.23,"NZ_KN046818.1 Klebsiella pneumoniae strain ATCC 13883 scaffold1, whole genome shotgun sequence",Klebsiella pneumoniae
MI_KPC_358,5225438,789041138,151,131.507,klebsiella,37,fail,pass,57.0,351.3 Mbp,2462582.0,151,142.69403739652122,57.98336261661839,40-151,pass,172458.0,5639029.0,83.0,PASS,98.96,87.04,85.0,"NZ_KN046818.1 Klebsiella pneumoniae strain ATCC 13883 scaffold1, whole genome shotgun sequence",Klebsiella pneumoniae
MI_KPC_359,12469988,1882968188,151,313.828,klebsiella,6059,fail,pass,58.0,834.2 Mbp,5860548.0,151,142.37476939016625,42.84561851842664,40-151,pass,304731.0,5428566.0,45.0,PASS,96.57,84.76,85.13,"NZ_CP084876.1 Klebsiella quasipneumoniae subsp. quasipneumoniae strain 01A030T chromosome, complete genome",Klebsiella quasipneumoniae
MI_KPC_35,18589562,2807023862,151,467.837,ecloacae,171,fail,pass,55.0,1.2 Gbp,8810524.0,151,137.35153289407077,33.63828381042121,40-151,pass,199251.0,4859829.0,57.0,PASS,95.73,85.99,82.36,"NZ_CP017186.1 Enterobacter hormaechei subsp. hoffmannii strain DSM 14563 chromosome, complete genome",Enterobacter hormaechei
MI_KPC_360,8774668,1324974868,151,220.829,ecoli_achtman_4,88,fail,pass,51.0,592.5 Mbp,4212423.0,151,140.68158658330373,49.48501944575746,40-151,pass,116598.0,5175213.0,101.0,PASS,96.35,79.77,73.35,"NZ_CP033092.2 Escherichia coli DSM 30083 = JCM 1649 = ATCC 11775 chromosome, complete genome",Escherichia coli
MI_KPC_361,13613854,2055691954,151,342.615,klebsiella,258,fail,pass,57.0,919.4 Mbp,6456400.0,151,142.4300669103525,41.59390294690386,40-151,pass,123721.0,5570217.0,90.0,PASS,98.96,85.77,85.06,"NZ_KN046818.1 Klebsiella pneumoniae strain ATCC 13883 scaffold1, whole genome shotgun sequence",Klebsiella pneumoniae
MI_KPC_362,15959540,2409890540,151,401.648,klebsiella,253,fail,pass,56.0,1 Gbp,7534614.0,151,142.33115312874688,37.94110026943362,40-151,pass,136251.0,5650898.0,122.0,PASS,98.96,84.84,82.83,"NZ_KN046818.1 Klebsiella pneumoniae strain ATCC 13883 scaffold1, whole genome shotgun sequence",Klebsiella pneumoniae
MI_KPC_363,20673294,3121667394,151,520.278,klebsiella,987,fail,pass,57.0,1.3 Gbp,9776575.0,151,142.61246632895467,34.922531979929175,40-151,pass,174398.0,5727655.0,69.0,PASS,99.08,85.91,82.77,"NZ_KN046818.1 Klebsiella pneumoniae strain ATCC 13883 scaffold1, whole genome shotgun sequence",Klebsiella pneumoniae
MI_KPC_364,11409122,1722777422,151,287.13,ecoli_achtman_4,224,fail,pass,51.0,767.3 Mbp,5445514.0,151,140.9388847407242,42.99782849031385,40-151,pass,204436.0,5022727.0,95.0,PASS,96.27,78.39,73.57,"NZ_CP033092.2 Escherichia coli DSM 30083 = JCM 1649 = ATCC 11775 chromosome, complete genome",Escherichia coli
MI_KPC_365,6952148,1049774348,151,174.962,cfreundii,22,fail,pass,52.0,467.3 Mbp,3313561.0,151,141.06565172634515,55.56371699957481,40-151,pass,124733.0,7958790.0,1519.0,FAIL,98.63,89.99,47.63,"NZ_CP049015.1 Citrobacter freundii ATCC 8090 = MTCC 1658 = NBRC 12681 strain ATCC 8090 chromosome, complete genome",Citrobacter freundii
MI_KPC_366,7458996,1126308396,151,187.718,klebsiella,234,fail,pass,57.0,501.8 Mbp,3561935.0,151,140.91201299293783,53.92177392378408,40-151,pass,261929.0,5392193.0,58.0,PASS,99.07,87.24,89.13,"NZ_KN046818.1 Klebsiella pneumoniae strain ATCC 13883 scaffold1, whole genome shotgun sequence",Klebsiella pneumoniae
MI_KPC_367,9608342,1450859642,151,241.81,klebsiella,11,fail,pass,57.0,639.3 Mbp,4510849.0,151,141.75517469106148,48.66850236124874,40-151,pass,214473.0,5530539.0,73.0,PASS,99.12,88.36,88.07,"NZ_KN046818.1 Klebsiella pneumoniae strain ATCC 13883 scaffold1, whole genome shotgun sequence",Klebsiella pneumoniae
MI_KPC_368,12120408,1830181608,151,305.03,ecloacae,88,fail,pass,55.0,817.2 Mbp,5776644.0,151,141.48759383475942,43.727230781362366,40-151,pass,249257.0,5340195.0,75.0,PASS,95.26,86.69,72.59,"NZ_CP017186.1 Enterobacter hormaechei subsp. hoffmannii strain DSM 14563 chromosome, complete genome",Enterobacter hormaechei
MI_KPC_369,11789812,1780261612,151,296.71,cfreundii,169,fail,pass,52.0,799.3 Mbp,5663459.0,151,141.1693009519447,42.55367052319283,40-151,pass,257549.0,4996219.0,65.0,PASS,98.26,85.99,81.0,"NZ_CP049015.1 Citrobacter freundii ATCC 8090 = MTCC 1658 = NBRC 12681 strain ATCC 8090 chromosome, complete genome",Citrobacter freundii
MI_KPC_36,22009194,3323388294,151,553.898,ecloacae,200,fail,pass,55.0,1.4 Gbp,10301601.0,151,137.46829992736082,31.00506171683169,40-151,pass,237077.0,5114983.0,72.0,PASS,95.71,86.12,78.37,"NZ_CP017186.1 Enterobacter hormaechei subsp. hoffmannii strain DSM 14563 chromosome, complete genome",Enterobacter hormaechei
MI_KPC_370,20271084,3060933684,151,510.156,klebsiella,11,fail,pass,57.0,1.3 Gbp,9710558.0,151,143.06063781298664,34.84907813527936,40-151,pass,152432.0,5904062.0,119.0,PASS,99.11,88.95,83.06,"NZ_KN046818.1 Klebsiella pneumoniae strain ATCC 13883 scaffold1, whole genome shotgun sequence",Klebsiella pneumoniae
MI_KPC_371,14043566,2120578466,151,353.43,klebsiella,11,fail,pass,57.0,951.1 Mbp,6664404.0,151,142.7483138777301,41.025726262203136,40-151,pass,203714.0,5582242.0,89.0,PASS,99.11,88.37,87.26,"NZ_KN046818.1 Klebsiella pneumoniae strain ATCC 13883 scaffold1, whole genome shotgun sequence",Klebsiella pneumoniae
MI_KPC_372,5054142,763175442,151,127.196,ecoli_achtman_4,-,fail,pass,57.0,340.3 Mbp,2389457.0,151,142.4558023015271,59.62024861961993,40-151,pass,152202.0,5510377.0,98.0,PASS,99.07,85.8,85.36,"NZ_KN046818.1 Klebsiella pneumoniae strain ATCC 13883 scaffold1, whole genome shotgun sequence",Klebsiella pneumoniae
MI_KPC_373,8861856,1338140256,151,223.023,ecloacae,171,fail,pass,55.0,601.3 Mbp,4234862.0,151,142.00890111649446,48.59036820648507,40-151,pass,177930.0,5277420.0,94.0,PASS,95.39,86.47,73.23,"NZ_CP017186.1 Enterobacter hormaechei subsp. hoffmannii strain DSM 14563 chromosome, complete genome",Enterobacter hormaechei
MI_KPC_374,13478760,2035292760,151,339.215,ecloacae,78,fail,pass,55.0,911.4 Mbp,6421144.0,151,141.9608593110511,39.10394029727903,40-151,pass,282426.0,4915750.0,67.0,PASS,98.84,90.75,82.04,"NZ_CP017186.1 Enterobacter hormaechei subsp. hoffmannii strain DSM 14563 chromosome, complete genome",Enterobacter hormaechei
MI_KPC_375,11765288,1776558488,151,296.093,ecloacae,50,fail,pass,55.0,801.4 Mbp,5634141.0,151,142.2607460480666,42.2215460880262,40-151,pass,222018.0,4898488.0,70.0,PASS,95.26,84.95,74.86,"NZ_CP017186.1 Enterobacter hormaechei subsp. hoffmannii strain DSM 14563 chromosome, complete genome",Enterobacter hormaechei
MI_KPC_376,17232922,2602171222,151,433.695,klebsiella,697,fail,pass,57.0,1.1 Gbp,8162775.0,151,142.41650762148902,38.96941668868806,40-151,pass,321115.0,5850316.0,64.0,PASS,99.01,91.31,85.37,"NZ_CP010523.2 Klebsiella variicola strain DSM 15968 chromosome, complete genome",Klebsiella variicola
MI_KPC_377,16685332,2519485132,151,419.914,klebsiella,11,fail,pass,57.0,1.1 Gbp,7840010.0,151,142.31882714435312,38.58540044870536,40-151,pass,151258.0,5549147.0,89.0,PASS,99.17,88.45,87.86,"NZ_KN046818.1 Klebsiella pneumoniae strain ATCC 13883 scaffold1, whole genome shotgun sequence",Klebsiella pneumoniae
MI_KPC_378,20724426,3129388326,151,521.565,ecoli_achtman_4,14464,fail,pass,57.0,1.4 Gbp,9919922.0,151,143.01657129965335,34.07814311228169,40-151,pass,181903.0,5894142.0,109.0,PASS,99.01,88.98,83.24,"NZ_KN046818.1 Klebsiella pneumoniae strain ATCC 13883 scaffold1, whole genome shotgun sequence",Klebsiella pneumoniae
MI_KPC_379,12716542,1920197842,151,320.033,klebsiella,307,fail,pass,56.0,864.3 Mbp,6056905.0,151,142.72870962975315,42.41019945247667,40-151,pass,141216.0,5921653.0,117.0,PASS,99.0,86.49,80.53,"NZ_KN046818.1 Klebsiella pneumoniae strain ATCC 13883 scaffold1, whole genome shotgun sequence",Klebsiella pneumoniae
MI_KPC_37,18890504,2852466104,151,475.411,ecloacae,171,fail,pass,55.0,1.2 Gbp,9103408.0,151,137.62965375164993,32.51732482123006,40-151,pass,188093.0,4750738.0,53.0,PASS,95.74,84.79,83.15,"NZ_CP017186.1 Enterobacter hormaechei subsp. hoffmannii strain DSM 14563 chromosome, complete genome",Enterobacter hormaechei
MI_KPC_380,10573210,1596554710,151,266.092,ecoli_achtman_4,131,fail,pass,51.0,709.8 Mbp,5020065.0,151,141.42346344121043,45.80158383971668,40-151,pass,181088.0,5108255.0,159.0,PASS,97.89,85.85,73.91,"NZ_CP033092.2 Escherichia coli DSM 30083 = JCM 1649 = ATCC 11775 chromosome, complete genome",Escherichia coli
MI_KPC_381,7583804,1145154404,151,190.859,klebsiella,37,fail,pass,57.0,513.1 Mbp,3615687.0,151,141.93195677612582,52.77542404743648,40-151,pass,176324.0,5642918.0,90.0,PASS,98.85,87.08,82.85,"NZ_KN046818.1 Klebsiella pneumoniae strain ATCC 13883 scaffold1, whole genome shotgun sequence",Klebsiella pneumoniae
MI_KPC_382,7524804,1136245404,151,189.374,ecloacae,78,fail,pass,55.0,507.9 Mbp,3592261.0,151,141.42267251739224,52.05711358415447,40-151,pass,237302.0,4902305.0,60.0,PASS,98.78,90.79,82.45,"NZ_CP017186.1 Enterobacter hormaechei subsp. hoffmannii strain DSM 14563 chromosome, complete genome",Enterobacter hormaechei
MI_KPC_383,6637246,1002224146,151,167.037,ecloacae,78,fail,pass,55.0,449.8 Mbp,3182646.0,151,141.3578403001779,54.14363232648161,40-151,pass,282426.0,4902695.0,54.0,PASS,98.89,90.71,82.66,"NZ_CP017186.1 Enterobacter hormaechei subsp. hoffmannii strain DSM 14563 chromosome, complete genome",Enterobacter hormaechei
MI_KPC_384,11997134,1811567234,151,301.928,kaerogenes,426,fail,pass,55.0,813.6 Mbp,5743184.0,151,141.7001675377282,44.33744378478975,40-151,pass,163812.0,5355933.0,65.0,PASS,95.31,85.89,81.23,"NC_015663.1 Klebsiella aerogenes KCTC 2190, complete sequence",Klebsiella aerogenes
MI_KPC_385,11887998,1795087698,151,299.181,koxytoca,-,fail,pass,55.0,810.5 Mbp,5686236.0,151,142.56833800074426,45.57570355235466,40-151,pass,177558.0,5953394.0,83.0,PASS,99.36,92.83,84.1,"NZ_BCYR01000001.1 Raoultella ornithinolytica NBRC 105727 = ATCC 31898 strain NBRC 105727, whole genome shotgun sequence",Raoultella ornithinolytica
MI_KPC_386,11304390,1706962890,151,284.494,ecloacae,461,fail,pass,55.0,766.3 Mbp,5400187.0,151,141.9345339337323,43.854086522650896,40-151,pass,221462.0,5128059.0,128.0,PASS,95.27,85.68,69.15,"NZ_CP017186.1 Enterobacter hormaechei subsp. hoffmannii strain DSM 14563 chromosome, complete genome",Enterobacter hormaechei
MI_KPC_387,13850148,2091372348,151,348.562,klebsiella,17,fail,pass,57.0,944.3 Mbp,6626299.0,151,142.53523935457787,40.58170210465919,40-151,pass,249580.0,5365899.0,55.0,PASS,99.08,86.4,88.37,"NZ_KN046818.1 Klebsiella pneumoniae strain ATCC 13883 scaffold1, whole genome shotgun sequence",Klebsiella pneumoniae
MI_KPC_388,12763812,1927335612,151,321.223,ecloacae,198,fail,pass,55.0,869.5 Mbp,6110094.0,151,142.328850750905,40.417396433266255,40-151,pass,113883.0,5048243.0,120.0,PASS,95.62,84.67,75.27,"NZ_CP017186.1 Enterobacter hormaechei subsp. hoffmannii strain DSM 14563 chromosome, complete genome",Enterobacter hormaechei
MI_KPC_389,9479328,1431378528,151,238.563,ecloacae,141,fail,pass,55.0,643.3 Mbp,4539870.0,151,141.72217001808423,46.35215802732978,40-151,pass,301486.0,4928045.0,54.0,PASS,95.03,86.48,78.15,"NZ_CP017186.1 Enterobacter hormaechei subsp. hoffmannii strain DSM 14563 chromosome, complete genome",Enterobacter hormaechei
MI_KPC_38,18626512,2812603312,151,468.767,ecloacae,171,fail,pass,55.0,1.2 Gbp,8949008.0,151,136.95079901593562,34.8481801360799,40-151,pass,269528.0,5191379.0,72.0,PASS,95.83,86.48,77.69,"NZ_CP017186.1 Enterobacter hormaechei subsp. hoffmannii strain DSM 14563 chromosome, complete genome",Enterobacter hormaechei
MI_KPC_390,12644406,1909305306,151,318.218,ecloacae,279,fail,pass,55.0,858.5 Mbp,6065183.0,151,141.56739013480714,41.44174782293773,40-151,pass,445615.0,4883861.0,54.0,PASS,95.26,86.85,78.25,"NZ_CP017186.1 Enterobacter hormaechei subsp. hoffmannii strain DSM 14563 chromosome, complete genome",Enterobacter hormaechei
MI_KPC_391,14411888,2176195088,151,362.699,klebsiella,258,fail,pass,57.0,966 Mbp,6826707.0,151,141.52819609806016,40.36104735245566,40-151,pass,129409.0,5598529.0,105.0,PASS,98.96,84.71,83.06,"NZ_KN046818.1 Klebsiella pneumoniae strain ATCC 13883 scaffold1, whole genome shotgun sequence",Klebsiella pneumoniae
MI_KPC_392,13006832,1964031632,151,327.339,klebsiella,23,fail,pass,57.0,871.7 Mbp,6157109.0,151,141.60377589547304,43.83575941115212,40-151,pass,258279.0,5698656.0,60.0,PASS,99.03,88.31,85.31,"NZ_KN046818.1 Klebsiella pneumoniae strain ATCC 13883 scaffold1, whole genome shotgun sequence",Klebsiella pneumoniae
MI_KPC_393,13698494,2068472594,151,344.745,klebsiella,258,fail,pass,57.0,931.9 Mbp,6548175.0,151,142.347414203194,41.69732665180638,40-151,pass,137373.0,5636126.0,93.0,PASS,99.0,86.31,84.52,"NZ_KN046818.1 Klebsiella pneumoniae strain ATCC 13883 scaffold1, whole genome shotgun sequence",Klebsiella pneumoniae
MI_KPC_394,9978384,1506735984,151,251.123,ecoli_achtman_4,69,fail,pass,51.0,675 Mbp,4818849.0,151,140.11398302789732,48.76157338478522,40-151,pass,95097.0,5440858.0,137.0,PASS,96.24,82.39,71.44,"NZ_CP033092.2 Escherichia coli DSM 30083 = JCM 1649 = ATCC 11775 chromosome, complete genome",Escherichia coli
MI_KPC_395,8552442,1291418742,151,215.236,cfreundii,11,fail,pass,51.0,581.2 Mbp,4111932.0,151,141.3661415120678,50.65062237981345,40-151,pass,210364.0,5530252.0,106.0,PASS,97.96,86.91,73.46,"NZ_CP049015.1 Citrobacter freundii ATCC 8090 = MTCC 1658 = NBRC 12681 strain ATCC 8090 chromosome, complete genome",Citrobacter freundii
MI_KPC_396,758186,114486086,151,19.081,-,-,fail,pass,57.0,43.1 Mbp,360143.0,137,119.86323488169975,88.35304396255796,40-151,pass,14251.0,5359161.0,621.0,FAIL,98.65,88.77,83.72,"NZ_VOUX01000007.1 Serratia bockelmannii strain S3 NODE_10_length_142946_cov_63.032722, whole genome shotgun sequence",Serratia bockelmannii
MI_KPC_397,15906682,2401908982,151,400.318,klebsiella,307,fail,pass,56.0,1 Gbp,7594434.0,151,142.14927656228232,39.05459154331595,40-151,pass,130439.0,5891330.0,127.0,PASS,99.07,85.83,80.16,"NZ_KN046818.1 Klebsiella pneumoniae strain ATCC 13883 scaffold1, whole genome shotgun sequence",Klebsiella pneumoniae
MI_KPC_398,11767374,1776873474,151,296.146,ecoli_achtman_4,69,fail,pass,51.0,801.5 Mbp,5643051.0,151,142.06341551759854,42.61434394212324,40-151,pass,110157.0,5202850.0,122.0,PASS,96.32,79.86,72.4,"NZ_CP033092.2 Escherichia coli DSM 30083 = JCM 1649 = ATCC 11775 chromosome, complete genome",Escherichia coli
MI_KPC_399,16609992,2508108792,151,418.018,koxytoca,-,fail,pass,55.0,1.1 Gbp,7869243.0,151,142.36629813058258,39.68201781045116,40-151,pass,177798.0,5956693.0,78.0,PASS,99.36,92.79,83.9,"NZ_BCYR01000001.1 Raoultella ornithinolytica NBRC 105727 = ATCC 31898 strain NBRC 105727, whole genome shotgun sequence",Raoultella ornithinolytica
MI_KPC_39,15025078,2268786778,151,378.131,koxytoca,-,fail,pass,54.0,1 Gbp,7219178.0,151,138.59931393851213,38.47770493542866,40-151,pass,164270.0,6320483.0,122.0,PASS,97.95,82.57,80.4,"NZ_PRDB01000030.1 Klebsiella michiganensis strain DSM 25444 map unlocalized plasmid unnamed1 contig_30, whole genome shotgun sequence",Klebsiella michiganensis
MI_KPC_3,13833704,2088889304,151,348.148,klebsiella,11,fail,pass,58.0,614.9 Mbp,6372563.0,92,96.51662666967748,44.792626632779466,40-151,pass,172915.0,5514742.0,66.0,PASS,99.08,88.45,88.83,"NZ_KN046818.1 Klebsiella pneumoniae strain ATCC 13883 scaffold1, whole genome shotgun sequence",Klebsiella pneumoniae
MI_KPC_400,13471028,2034125228,151,339.021,ecloacae,171,fail,pass,55.0,913 Mbp,6438710.0,151,141.82042350098078,40.44239358452778,40-151,pass,269528.0,4919540.0,60.0,PASS,95.27,86.74,78.47,"NZ_CP017186.1 Enterobacter hormaechei subsp. hoffmannii strain DSM 14563 chromosome, complete genome",Enterobacter hormaechei
MI_KPC_401,10648136,1607868536,151,267.978,ecoli_achtman_4,95,fail,pass,51.0,723.5 Mbp,5107684.0,151,141.67073413312178,45.50183084112146,40-151,pass,268972.0,5209034.0,93.0,PASS,99.49,92.75,84.32,"NZ_CP033092.2 Escherichia coli DSM 30083 = JCM 1649 = ATCC 11775 chromosome, complete genome",Escherichia coli
MI_KPC_402,12646202,1909576502,151,318.263,klebsiella,258,fail,pass,57.0,853 Mbp,5979341.0,151,142.69401360450925,42.90627558311912,40-151,pass,126086.0,5620000.0,92.0,PASS,99.0,87.61,85.99,"NZ_KN046818.1 Klebsiella pneumoniae strain ATCC 13883 scaffold1, whole genome shotgun sequence",Klebsiella pneumoniae
MI_KPC_403,7882864,1190312464,151,198.385,klebsiella,20,fail,pass,57.0,533.1 Mbp,3779131.0,151,141.10813835244133,53.66159840073962,40-151,pass,260409.0,5533445.0,73.0,PASS,99.06,85.72,85.23,"NZ_KN046818.1 Klebsiella pneumoniae strain ATCC 13883 scaffold1, whole genome shotgun sequence",Klebsiella pneumoniae
MI_KPC_404,10764504,1625440104,151,270.907,cfreundii,22,fail,pass,51.0,736.6 Mbp,5187217.0,151,142.0241441605393,45.299147265816856,40-151,pass,193201.0,5522313.0,97.0,PASS,98.54,90.13,77.25,"NZ_CP049015.1 Citrobacter freundii ATCC 8090 = MTCC 1658 = NBRC 12681 strain ATCC 8090 chromosome, complete genome",Citrobacter freundii
MI_KPC_405,13887750,2097050250,151,349.508,klebsiella,258,fail,pass,57.0,940.9 Mbp,6600764.0,151,142.56791395662682,40.629247184214194,40-151,pass,117136.0,5701564.0,104.0,PASS,98.9,86.4,83.44,"NZ_KN046818.1 Klebsiella pneumoniae strain ATCC 13883 scaffold1, whole genome shotgun sequence",Klebsiella pneumoniae
MI_KPC_406,14560526,2198639426,151,366.44,klebsiella,258,fail,pass,57.0,988.1 Mbp,6949393.0,151,142.21211406521405,40.511733885296366,40-151,pass,137371.0,5541940.0,87.0,PASS,98.96,86.65,86.34,"NZ_KN046818.1 Klebsiella pneumoniae strain ATCC 13883 scaffold1, whole genome shotgun sequence",Klebsiella pneumoniae
MI_KPC_407,16843326,2543342226,151,423.89,klebsiella,258,fail,pass,57.0,1.1 Gbp,8052420.0,151,142.65366510937085,36.471414571153,40-151,pass,129409.0,5529102.0,87.0,PASS,99.0,85.37,85.16,"NZ_KN046818.1 Klebsiella pneumoniae strain ATCC 13883 scaffold1, whole genome shotgun sequence",Klebsiella pneumoniae
MI_KPC_408,11152202,1683982502,151,280.664,klebsiella,307,fail,pass,56.0,760.9 Mbp,5342855.0,151,142.44262795827325,45.02188865444659,40-151,pass,136235.0,5891131.0,117.0,PASS,99.01,85.99,80.5,"NZ_KN046818.1 Klebsiella pneumoniae strain ATCC 13883 scaffold1, whole genome shotgun sequence",Klebsiella pneumoniae
MI_KPC_409,19429322,2933827622,151,488.971,klebsiella,258,fail,pass,57.0,1.3 Gbp,9288975.0,151,142.13065876482605,36.31044924114854,40-151,pass,131077.0,5745013.0,93.0,PASS,98.95,89.31,85.64,"NZ_KN046818.1 Klebsiella pneumoniae strain ATCC 13883 scaffold1, whole genome shotgun sequence",Klebsiella pneumoniae
MI_KPC_40,20901330,3156100830,151,526.017,cfreundii,668,fail,pass,52.0,1.3 Gbp,10052432.0,151,136.48468221421444,32.52208467469052,40-151,pass,252844.0,5563468.0,89.0,PASS,98.72,87.89,77.67,"NZ_CP049015.1 Citrobacter freundii ATCC 8090 = MTCC 1658 = NBRC 12681 strain ATCC 8090 chromosome, complete genome",Citrobacter freundii
MI_KPC_410,8099008,1222950208,151,203.825,cfreundii,22,fail,pass,52.0,545.9 Mbp,3899445.0,151,140.02950548090817,52.94209162826973,40-151,pass,176876.0,5548235.0,114.0,PASS,98.34,90.13,74.04,"NZ_CP049015.1 Citrobacter freundii ATCC 8090 = MTCC 1658 = NBRC 12681 strain ATCC 8090 chromosome, complete genome",Citrobacter freundii
MI_KPC_411,7901550,1193134050,151,198.856,ecoli_achtman_4,131,fail,pass,51.0,535.9 Mbp,3795235.0,151,141.24476139158708,50.375684455696735,40-151,pass,138170.0,5253658.0,108.0,PASS,98.04,86.04,77.0,"NZ_CP033092.2 Escherichia coli DSM 30083 = JCM 1649 = ATCC 11775 chromosome, complete genome",Escherichia coli
MI_KPC_412,8182316,1235529716,151,205.922,kaerogenes,426,fail,pass,55.0,552.6 Mbp,3921915.0,151,140.92792271122653,52.32716778368934,40-151,pass,192551.0,5370472.0,70.0,PASS,95.26,85.97,80.49,"NC_015663.1 Klebsiella aerogenes KCTC 2190, complete sequence",Klebsiella aerogenes
MI_KPC_413,22215490,3354538990,151,559.09,klebsiella,23,fail,pass,57.0,1.5 Gbp,10566485.0,151,142.60792448955354,33.40263408580725,40-151,pass,248535.0,5695567.0,55.0,PASS,99.03,88.3,85.37,"NZ_KN046818.1 Klebsiella pneumoniae strain ATCC 13883 scaffold1, whole genome shotgun sequence",Klebsiella pneumoniae
MI_KPC_414,16855060,2545114060,151,424.186,klebsiella,11,fail,pass,57.0,1.1 Gbp,8043420.0,151,141.95234029803242,39.0233917550118,40-151,pass,185395.0,5783825.0,102.0,PASS,99.12,88.38,84.38,"NZ_KN046818.1 Klebsiella pneumoniae strain ATCC 13883 scaffold1, whole genome shotgun sequence",Klebsiella pneumoniae
MI_KPC_415,6283354,948786454,151,158.131,ecloacae,997,fail,pass,56.0,425.7 Mbp,3010831.0,151,141.43319136809737,55.67141163233524,40-151,pass,91802.0,4819168.0,164.0,PASS,98.26,83.76,77.72,"NZ_CP017184.1 Enterobacter roggenkampii strain DSM 16690 chromosome, complete genome",Enterobacter roggenkampii
MI_KPC_416,13795950,2083188450,151,347.198,klebsiella,258,fail,pass,57.0,939.6 Mbp,6564152.0,151,143.17249082592846,42.93562218756252,40-151,pass,129409.0,5686237.0,109.0,PASS,99.0,86.7,83.88,"NZ_KN046818.1 Klebsiella pneumoniae strain ATCC 13883 scaffold1, whole genome shotgun sequence",Klebsiella pneumoniae
MI_KPC_417,10315858,1557694558,151,259.616,klebsiella,11,fail,pass,57.0,708.3 Mbp,4934670.0,151,143.56841369331687,47.91650063448411,40-151,pass,185395.0,5789662.0,92.0,PASS,99.07,88.51,84.18,"NZ_KN046818.1 Klebsiella pneumoniae strain ATCC 13883 scaffold1, whole genome shotgun sequence",Klebsiella pneumoniae
MI_KPC_418,10980280,1658022280,151,276.337,klebsiella,359,fail,pass,56.0,746.7 Mbp,5221072.0,151,143.0462039213403,45.79768753149473,40-151,pass,88618.0,5692360.0,293.0,PASS,98.64,83.65,69.92,"NZ_KN046818.1 Klebsiella pneumoniae strain ATCC 13883 scaffold1, whole genome shotgun sequence",Klebsiella pneumoniae
MI_KPC_419,13486844,2036513444,151,339.419,kaerogenes,93,fail,pass,55.0,913.5 Mbp,6356724.0,151,143.72832153794943,42.011974635236776,40-151,pass,269285.0,5412290.0,57.0,PASS,98.42,89.46,84.26,"NC_015663.1 Klebsiella aerogenes KCTC 2190, complete sequence",Klebsiella aerogenes
MI_KPC_41,16110766,2432725666,151,405.454,ecoli_achtman_4,227,fail,pass,51.0,1 Gbp,7659918.0,151,136.3771240109881,36.03440600231792,40-151,pass,88303.0,4792549.0,111.0,PASS,96.91,75.94,79.01,"NZ_CP033092.2 Escherichia coli DSM 30083 = JCM 1649 = ATCC 11775 chromosome, complete genome",Escherichia coli
MI_KPC_420,14040256,2120078656,151,353.346,ecoli_achtman_4,224,fail,pass,51.0,959.9 Mbp,6719841.0,151,142.88104629261318,39.574640447637,40-151,pass,203240.0,5038573.0,99.0,PASS,96.28,78.2,72.33,"NZ_CP033092.2 Escherichia coli DSM 30083 = JCM 1649 = ATCC 11775 chromosome, complete genome",Escherichia coli
MI_KPC_421,10815422,1633128722,151,272.188,klebsiella,258,fail,pass,57.0,724.2 Mbp,5053345.0,151,143.34637908157865,46.97581645686673,40-151,pass,129409.0,5554059.0,89.0,PASS,99.0,85.7,85.0,"NZ_KN046818.1 Klebsiella pneumoniae strain ATCC 13883 scaffold1, whole genome shotgun sequence",Klebsiella pneumoniae
MI_KPC_422,16497900,2491182900,151,415.197,klebsiella,11,fail,pass,57.0,1.1 Gbp,7843520.0,151,143.57067515605237,39.77204667455808,40-151,pass,139046.0,5902620.0,125.0,PASS,99.07,88.93,82.79,"NZ_KN046818.1 Klebsiella pneumoniae strain ATCC 13883 scaffold1, whole genome shotgun sequence",Klebsiella pneumoniae
MI_KPC_423,11390146,1719912046,151,286.652,klebsiella,258,fail,pass,57.0,770.3 Mbp,5346090.0,151,144.12028865956242,43.696428373728,40-151,pass,111076.0,5431897.0,104.0,PASS,99.0,84.76,85.77,"NZ_KN046818.1 Klebsiella pneumoniae strain ATCC 13883 scaffold1, whole genome shotgun sequence",Klebsiella pneumoniae
MI_KPC_424,12866822,1942890122,151,323.815,klebsiella,258,fail,pass,57.0,877.5 Mbp,6096246.0,151,143.97438505598365,42.705450118972045,40-151,pass,137373.0,5523735.0,89.0,PASS,98.95,86.69,86.68,"NZ_KN046818.1 Klebsiella pneumoniae strain ATCC 13883 scaffold1, whole genome shotgun sequence",Klebsiella pneumoniae
MI_KPC_425,13091690,1976845190,151,329.474,klebsiella,11,fail,pass,57.0,898.6 Mbp,6248002.0,151,143.8499363476516,43.42010555480229,40-151,pass,195395.0,5790671.0,98.0,PASS,99.11,88.43,83.9,"NZ_KN046818.1 Klebsiella pneumoniae strain ATCC 13883 scaffold1, whole genome shotgun sequence",Klebsiella pneumoniae
MI_KPC_426,14027170,2118102670,151,353.017,ecloacae,2259,fail,pass,56.0,957.1 Mbp,6662136.0,151,143.68904177278878,38.32926993183053,40-151,pass,180910.0,5123647.0,89.0,PASS,98.16,86.78,79.84,"NZ_CP017184.1 Enterobacter roggenkampii strain DSM 16690 chromosome, complete genome",Enterobacter roggenkampii
MI_KPC_427,14043928,2120633128,151,353.439,klebsiella,258,fail,pass,57.0,952.2 Mbp,6642558.0,151,143.37511979571724,41.95001475387201,40-151,pass,129470.0,5622616.0,97.0,PASS,98.96,86.39,84.26,"NZ_KN046818.1 Klebsiella pneumoniae strain ATCC 13883 scaffold1, whole genome shotgun sequence",Klebsiella pneumoniae
MI_KPC_428,9346824,1411370424,151,235.228,klebsiella,11,fail,pass,57.0,635.9 Mbp,4415337.0,151,144.06195065065248,49.46427448097832,40-151,pass,185395.0,5724922.0,77.0,PASS,99.08,88.45,85.21,"NZ_KN046818.1 Klebsiella pneumoniae strain ATCC 13883 scaffold1, whole genome shotgun sequence",Klebsiella pneumoniae
MI_KPC_429,11329966,1710824866,151,285.137,ecloacae,78,fail,pass,55.0,770.6 Mbp,5373312.0,151,143.43411028430882,43.12925958387011,40-151,pass,316931.0,4869827.0,49.0,PASS,98.84,90.88,82.37,"NZ_CP017186.1 Enterobacter hormaechei subsp. hoffmannii strain DSM 14563 chromosome, complete genome",Enterobacter hormaechei
MI_KPC_42,11903590,1797442090,151,299.574,ecoli_achtman_4,70,fail,pass,50.0,778.6 Mbp,5719577.0,151,136.1563533457107,43.31095475954492,40-151,pass,190022.0,5336157.0,73.0,PASS,96.84,81.23,75.88,"NZ_CP033092.2 Escherichia coli DSM 30083 = JCM 1649 = ATCC 11775 chromosome, complete genome",Escherichia coli
MI_KPC_430,9530232,1439065032,151,239.844,koxytoca,216,fail,pass,55.0,651.7 Mbp,4565811.0,151,142.77447708632704,51.93786704255194,40-151,pass,187056.0,6556140.0,100.0,PASS,99.1,86.17,78.17,"NZ_FZTC01000054.1 Klebsiella grimontii strain 06D021, whole genome shotgun sequence",Klebsiella grimontii
MI_KPC_431,12950868,1955581068,151,325.93,koxytoca,95,fail,pass,55.0,887.2 Mbp,6157432.0,151,144.1201452163824,44.38880125346312,40-151,pass,143810.0,6232410.0,95.0,PASS,97.62,82.74,79.7,"NZ_PRDB01000030.1 Klebsiella michiganensis strain DSM 25444 map unlocalized plasmid unnamed1 contig_30, whole genome shotgun sequence",Klebsiella michiganensis
MI_KPC_432,7860314,1186907414,151,197.818,klebsiella,11,fail,pass,57.0,537.1 Mbp,3726448.0,151,144.16040744430086,52.73386681192369,40-151,pass,155955.0,5895885.0,102.0,PASS,99.11,88.55,82.83,"NZ_KN046818.1 Klebsiella pneumoniae strain ATCC 13883 scaffold1, whole genome shotgun sequence",Klebsiella pneumoniae
MI_KPC_433,13510862,2040140162,151,340.023,klebsiella,359,fail,pass,56.0,920.4 Mbp,6401496.0,151,143.80125426931454,39.10717364284539,40-151,pass,89386.0,5411070.0,120.0,PASS,99.11,83.06,84.09,"NZ_KN046818.1 Klebsiella pneumoniae strain ATCC 13883 scaffold1, whole genome shotgun sequence",Klebsiella pneumoniae
MI_KPC_434,10811418,1632524118,151,272.087,ecoli_achtman_4,88,fail,pass,51.0,740.9 Mbp,5173497.0,151,143.24622706846066,45.02524260168792,40-151,pass,116598.0,5166596.0,111.0,PASS,96.45,79.36,73.02,"NZ_CP033092.2 Escherichia coli DSM 30083 = JCM 1649 = ATCC 11775 chromosome, complete genome",Escherichia coli
MI_KPC_435,9542194,1440871294,151,240.145,klebsiella,11,fail,pass,57.0,644.9 Mbp,4488869.0,151,143.69061048562563,49.31816177379781,40-151,pass,134486.0,5671468.0,99.0,PASS,99.0,88.09,85.61,"NZ_KN046818.1 Klebsiella pneumoniae strain ATCC 13883 scaffold1, whole genome shotgun sequence",Klebsiella pneumoniae
MI_KPC_436,15479036,2337334436,151,389.556,klebsiella,678,fail,pass,57.0,1 Gbp,7307102.0,151,143.7981020382636,39.99720458036647,40-151,pass,193456.0,5606830.0,71.0,PASS,98.91,84.76,83.31,"NZ_KN046818.1 Klebsiella pneumoniae strain ATCC 13883 scaffold1, whole genome shotgun sequence",Klebsiella pneumoniae
MI_KPC_437,15556154,2348979254,151,391.497,ecloacae,171,fail,pass,55.0,1 Gbp,7435423.0,151,143.59928426398875,37.92949138718755,40-151,pass,289509.0,4909291.0,49.0,PASS,95.39,86.49,78.59,"NZ_CP017186.1 Enterobacter hormaechei subsp. hoffmannii strain DSM 14563 chromosome, complete genome",Enterobacter hormaechei
MI_KPC_438,8876514,1340353614,151,223.392,koxytoca,-,fail,pass,56.0,605.9 Mbp,4214874.0,151,143.78790137024262,50.19062617516028,40-151,pass,482218.0,5456933.0,53.0,PASS,99.45,92.39,89.46,"NZ_BCYR01000001.1 Raoultella ornithinolytica NBRC 105727 = ATCC 31898 strain NBRC 105727, whole genome shotgun sequence",Raoultella ornithinolytica
MI_KPC_439,8472924,1279411524,151,213.235,ecloacae,597,fail,pass,55.0,577.5 Mbp,4015579.0,151,143.85921905657938,48.97012232337438,40-151,pass,300739.0,5005129.0,74.0,PASS,95.26,86.01,76.88,"NZ_CP017186.1 Enterobacter hormaechei subsp. hoffmannii strain DSM 14563 chromosome, complete genome",Enterobacter hormaechei
MI_KPC_43,13730526,2073309426,151,345.552,cfreundii,22,fail,pass,52.0,894.4 Mbp,6620597.0,151,135.11476971034486,41.30553217859556,40-151,pass,190365.0,5376507.0,76.0,PASS,98.9,90.12,82.46,"NZ_CP049015.1 Citrobacter freundii ATCC 8090 = MTCC 1658 = NBRC 12681 strain ATCC 8090 chromosome, complete genome",Citrobacter freundii
MI_KPC_440,9895474,1494216574,151,249.036,ecloacae,114,fail,pass,55.0,676.8 Mbp,4749039.0,151,142.54495277886747,47.81185357548964,40-151,pass,301589.0,5236586.0,75.0,PASS,95.26,87.2,73.19,"NZ_CP017186.1 Enterobacter hormaechei subsp. hoffmannii strain DSM 14563 chromosome, complete genome",Enterobacter hormaechei
MI_KPC_441,10475572,1581811372,151,263.635,ecloacae,114,fail,pass,55.0,715.7 Mbp,5003351.0,151,143.0718814250689,45.562268955942734,40-151,pass,236107.0,5073661.0,85.0,PASS,95.31,86.59,76.25,"NZ_CP017186.1 Enterobacter hormaechei subsp. hoffmannii strain DSM 14563 chromosome, complete genome",Enterobacter hormaechei
MI_KPC_442,6052032,913856832,151,152.309,klebsiella,258,fail,pass,57.0,410.9 Mbp,2850786.0,151,144.18159868892295,56.66516372138203,40-151,pass,137350.0,5618638.0,93.0,PASS,98.96,85.64,84.03,"NZ_KN046818.1 Klebsiella pneumoniae strain ATCC 13883 scaffold1, whole genome shotgun sequence",Klebsiella pneumoniae
MI_KPC_443,10186346,1538138246,151,256.356,ecloacae,45,fail,pass,55.0,692.4 Mbp,4831394.0,151,143.35071886085052,45.36536427382132,40-151,pass,237610.0,4864072.0,55.0,PASS,95.15,85.7,79.28,"NZ_CP017186.1 Enterobacter hormaechei subsp. hoffmannii strain DSM 14563 chromosome, complete genome",Enterobacter hormaechei
MI_KPC_444,13073830,1974148330,151,329.025,klebsiella,11,fail,pass,57.0,894.4 Mbp,6208961.0,151,144.08542508158772,42.79162202580607,40-151,pass,235178.0,5726378.0,76.0,PASS,99.07,88.44,85.12,"NZ_KN046818.1 Klebsiella pneumoniae strain ATCC 13883 scaffold1, whole genome shotgun sequence",Klebsiella pneumoniae
MI_KPC_445,11580006,1748580906,151,291.43,ecoli_achtman_4,131,fail,pass,51.0,795.6 Mbp,5544172.0,151,143.5401959030131,42.8071507018759,40-151,pass,165342.0,5158977.0,113.0,PASS,97.75,87.4,80.63,"NZ_CP033092.2 Escherichia coli DSM 30083 = JCM 1649 = ATCC 11775 chromosome, complete genome",Escherichia coli
MI_KPC_446,10432988,1575381188,151,262.564,klebsiella,1783,fail,pass,57.0,703.7 Mbp,4887383.0,151,144.0076646336086,48.08791969365166,40-151,pass,267666.0,5778511.0,120.0,PASS,98.7,91.97,80.15,"NZ_CP010523.2 Klebsiella variicola strain DSM 15968 chromosome, complete genome",Klebsiella variicola
MI_KPC_447,17752664,2680652264,151,446.775,koxytoca,85,fail,pass,56.0,1.2 Gbp,8471718.0,151,144.25111636152195,39.24125146131518,40-151,pass,117632.0,6305759.0,100.0,PASS,98.54,86.08,82.53,"NZ_PRDB01000030.1 Klebsiella michiganensis strain DSM 25444 map unlocalized plasmid unnamed1 contig_30, whole genome shotgun sequence",Klebsiella michiganensis
MI_KPC_448,5003284,755495884,151,125.916,klebsiella,20,fail,pass,56.0,341 Mbp,2375648.0,151,143.57966710556445,59.36845549714744,40-151,pass,172517.0,5539150.0,81.0,PASS,99.06,85.44,84.9,"NZ_KN046818.1 Klebsiella pneumoniae strain ATCC 13883 scaffold1, whole genome shotgun sequence",Klebsiella pneumoniae
MI_KPC_449,11173122,1687141422,151,281.19,ecoli_achtman_4,131,fail,pass,51.0,765.4 Mbp,5347297.0,151,143.16722822764473,44.35302176942098,40-151,pass,158855.0,5222312.0,124.0,PASS,97.82,87.36,79.04,"NZ_CP033092.2 Escherichia coli DSM 30083 = JCM 1649 = ATCC 11775 chromosome, complete genome",Escherichia coli
MI_KPC_44,12829908,1937316108,151,322.886,cfreundii,-,fail,pass,52.0,832.8 Mbp,6143135.0,151,135.60620220783036,43.358992254908536,40-151,pass,102810.0,5664187.0,126.0,PASS,98.71,89.39,77.66,"NZ_CP049015.1 Citrobacter freundii ATCC 8090 = MTCC 1658 = NBRC 12681 strain ATCC 8090 chromosome, complete genome",Citrobacter freundii
MI_KPC_450,13069410,1973480910,151,328.913,klebsiella,461,fail,pass,57.0,884.9 Mbp,6143829.0,151,144.05348586362024,40.93617028822768,40-151,pass,268624.0,5697832.0,74.0,PASS,99.0,86.42,83.53,"NZ_KN046818.1 Klebsiella pneumoniae strain ATCC 13883 scaffold1, whole genome shotgun sequence",Klebsiella pneumoniae
MI_KPC_451,11645130,1758414630,151,293.069,koxytoca,168,fail,pass,55.0,799.2 Mbp,5552230.0,151,143.97451456441826,46.69184936378819,40-151,pass,166261.0,6505484.0,123.0,PASS,99.2,86.6,79.75,"NZ_FZTC01000054.1 Klebsiella grimontii strain 06D021, whole genome shotgun sequence",Klebsiella grimontii
MI_KPC_452,13196858,1992725558,151,332.121,ecloacae,116,fail,pass,56.0,905.1 Mbp,6288174.0,151,143.9637039305846,39.72388136668483,40-151,pass,478490.0,4745182.0,37.0,PASS,95.26,86.61,81.88,"NZ_CP017186.1 Enterobacter hormaechei subsp. hoffmannii strain DSM 14563 chromosome, complete genome",Enterobacter hormaechei
MI_KPC_453,11174808,1687396008,151,281.233,ecoli_achtman_4,2017,fail,pass,51.0,764.3 Mbp,5325163.0,151,143.55726688553946,44.23768684264618,40-151,pass,217629.0,5090319.0,59.0,PASS,98.48,87.3,81.76,"NZ_CP033092.2 Escherichia coli DSM 30083 = JCM 1649 = ATCC 11775 chromosome, complete genome",Escherichia coli
MI_KPC_454,21408344,3232659944,151,538.777,ecloacae,461,fail,pass,55.0,1.4 Gbp,10178253.0,151,143.52075822835215,32.59086650168713,40-151,pass,233699.0,4890806.0,56.0,PASS,95.27,84.26,77.83,"NZ_CP017186.1 Enterobacter hormaechei subsp. hoffmannii strain DSM 14563 chromosome, complete genome",Enterobacter hormaechei
MI_KPC_455,9801594,1480040694,151,246.673,klebsiella,43,fail,pass,57.0,668.3 Mbp,4675234.0,151,142.97836151088907,48.888380429174816,40-151,pass,268944.0,5509279.0,73.0,PASS,99.06,84.31,84.08,"NZ_KN046818.1 Klebsiella pneumoniae strain ATCC 13883 scaffold1, whole genome shotgun sequence",Klebsiella pneumoniae
MI_KPC_456,9351836,1412127236,151,235.355,klebsiella,11,fail,pass,57.0,636.8 Mbp,4427557.0,151,143.85967566312527,49.54015195742426,40-151,pass,203700.0,5790787.0,94.0,PASS,99.01,88.48,84.16,"NZ_KN046818.1 Klebsiella pneumoniae strain ATCC 13883 scaffold1, whole genome shotgun sequence",Klebsiella pneumoniae
MI_KPC_458,11168512,1686445312,151,281.074,koxytoca,360,fail,pass,56.0,758.6 Mbp,5288042.0,151,143.49014342170506,48.10337963307042,40-151,pass,196204.0,6055402.0,72.0,PASS,98.92,88.52,87.86,"NZ_PRDB01000030.1 Klebsiella michiganensis strain DSM 25444 map unlocalized plasmid unnamed1 contig_30, whole genome shotgun sequence",Klebsiella michiganensis
MI_KPC_459,11125252,1679913052,151,279.986,klebsiella,461,fail,pass,57.0,752 Mbp,5225901.0,151,143.91929162071764,44.84766785522296,40-151,pass,268624.0,5703746.0,70.0,PASS,99.07,86.37,83.38,"NZ_KN046818.1 Klebsiella pneumoniae strain ATCC 13883 scaffold1, whole genome shotgun sequence",Klebsiella pneumoniae
MI_KPC_45,26421264,3989610864,151,664.935,klebsiella,258,fail,pass,58.0,1.7 Gbp,12720654.0,151,138.54170296590095,29.99502758555572,40-151,pass,137311.0,5649501.0,100.0,PASS,98.95,86.69,84.49,"NZ_KN046818.1 Klebsiella pneumoniae strain ATCC 13883 scaffold1, whole genome shotgun sequence",Klebsiella pneumoniae
MI_KPC_460,13560820,2047683820,151,341.281,klebsiella,461,fail,pass,57.0,929.2 Mbp,6454879.0,151,143.97988606757772,41.17565240523304,40-151,pass,146295.0,5575498.0,96.0,PASS,98.95,84.4,83.07,"NZ_KN046818.1 Klebsiella pneumoniae strain ATCC 13883 scaffold1, whole genome shotgun sequence",Klebsiella pneumoniae
MI_KPC_461,16270784,2456888384,151,409.481,ecloacae,171,fail,pass,55.0,1.1 Gbp,7839783.0,151,141.96081116020684,35.7771751496231,40-151,pass,172455.0,4887536.0,71.0,PASS,95.46,86.19,79.13,"NZ_CP017186.1 Enterobacter hormaechei subsp. hoffmannii strain DSM 14563 chromosome, complete genome",Enterobacter hormaechei
MI_KPC_462,6853208,1034834408,151,172.472,ecloacae,855,fail,pass,55.0,465.9 Mbp,3283905.0,151,141.89701437769972,51.52367765528535,40-151,pass,239740.0,5058077.0,67.0,PASS,98.89,88.03,82.26,"NZ_CP017181.1 Enterobacter kobei strain DSM 13645 chromosome, complete genome",Enterobacter kobei
MI_KPC_463,11748740,1774059740,151,295.677,koxytoca,193,fail,pass,55.0,794.6 Mbp,5598098.0,151,141.97069915532026,46.08479025395319,40-151,pass,203874.0,6400165.0,80.0,PASS,95.24,80.7,74.43,"NZ_FZTC01000054.1 Klebsiella grimontii strain 06D021, whole genome shotgun sequence",Klebsiella grimontii
MI_KPC_464,11586744,1749598344,151,291.6,klebsiella,15,fail,pass,57.0,786.8 Mbp,5533458.0,151,142.21517828453744,43.35509511810617,40-151,pass,188413.0,5489420.0,70.0,PASS,98.95,85.49,85.64,"NZ_KN046818.1 Klebsiella pneumoniae strain ATCC 13883 scaffold1, whole genome shotgun sequence",Klebsiella pneumoniae
MI_KPC_465,18447062,2785506362,151,464.251,klebsiella,258,fail,pass,57.0,1.2 Gbp,8800743.0,151,141.95740757342875,36.237069631181896,40-151,pass,139046.0,5793399.0,106.0,PASS,98.96,88.72,84.2,"NZ_KN046818.1 Klebsiella pneumoniae strain ATCC 13883 scaffold1, whole genome shotgun sequence",Klebsiella pneumoniae
MI_KPC_466,13774454,2079942554,151,346.657,klebsiella,11,fail,pass,57.0,930.6 Mbp,6575834.0,151,141.5495632949372,41.49974903568634,40-151,pass,153577.0,5670275.0,93.0,PASS,99.11,88.01,85.51,"NZ_KN046818.1 Klebsiella pneumoniae strain ATCC 13883 scaffold1, whole genome shotgun sequence",Klebsiella pneumoniae
MI_KPC_467,14711620,2221454620,151,370.242,ecloacae,116,fail,pass,56.0,1 Gbp,7076414.0,151,141.78339438591354,37.53498893078521,40-151,pass,478336.0,4731432.0,28.0,PASS,95.15,86.36,81.63,"NZ_CP017186.1 Enterobacter hormaechei subsp. hoffmannii strain DSM 14563 chromosome, complete genome",Enterobacter hormaechei
MI_KPC_468,14938200,2255668200,151,375.945,klebsiella,11,fail,pass,57.0,1 Gbp,7148590.0,151,141.10588591596385,40.95085851802377,40-151,pass,198148.0,5665848.0,97.0,PASS,99.01,89.0,86.59,"NZ_KN046818.1 Klebsiella pneumoniae strain ATCC 13883 scaffold1, whole genome shotgun sequence",Klebsiella pneumoniae
MI_KPC_469,18528238,2797763938,151,466.294,ecloacae,171,fail,pass,55.0,1.2 Gbp,8951459.0,151,141.87423938376972,33.71281733801872,40-151,pass,272651.0,4900080.0,65.0,PASS,95.26,86.31,78.68,"NZ_CP017186.1 Enterobacter hormaechei subsp. hoffmannii strain DSM 14563 chromosome, complete genome",Enterobacter hormaechei
MI_KPC_46,10285968,1553181168,151,258.864,cfreundii,396,fail,pass,52.0,674.2 Mbp,4932913.0,151,136.6972819103033,44.6653406493205,40-151,pass,178355.0,5335573.0,73.0,PASS,98.89,88.78,81.83,"NZ_CP049015.1 Citrobacter freundii ATCC 8090 = MTCC 1658 = NBRC 12681 strain ATCC 8090 chromosome, complete genome",Citrobacter freundii
MI_KPC_470,9939930,1500929430,151,250.155,ecoli_achtman_4,69,fail,pass,51.0,676.2 Mbp,4787387.0,151,141.27955187245152,46.434974998835024,40-151,pass,95097.0,5431590.0,120.0,PASS,96.26,82.59,72.29,"NZ_CP033092.2 Escherichia coli DSM 30083 = JCM 1649 = ATCC 11775 chromosome, complete genome",Escherichia coli
MI_KPC_471,13783632,2081328432,151,346.888,klebsiella,348,fail,pass,57.0,934.1 Mbp,6575863.0,151,142.07906064952996,41.288605723696456,40-151,pass,330859.0,5570608.0,52.0,PASS,99.02,85.86,85.09,"NZ_KN046818.1 Klebsiella pneumoniae strain ATCC 13883 scaffold1, whole genome shotgun sequence",Klebsiella pneumoniae
MI_KPC_472,10920780,1649037780,151,274.84,klebsiella,461,fail,pass,56.0,742.6 Mbp,5234846.0,151,141.88237476326907,46.22118669751893,40-151,pass,123126.0,6017747.0,126.0,PASS,98.9,85.1,77.64,"NZ_KN046818.1 Klebsiella pneumoniae strain ATCC 13883 scaffold1, whole genome shotgun sequence",Klebsiella pneumoniae
MI_KPC_473,9635388,1454943588,151,242.491,ecloacae,114,fail,pass,55.0,651.5 Mbp,4626656.0,151,140.84999792506727,46.48927982921801,40-151,pass,172991.0,5057792.0,81.0,PASS,95.3,86.38,76.29,"NZ_CP017186.1 Enterobacter hormaechei subsp. hoffmannii strain DSM 14563 chromosome, complete genome",Enterobacter hormaechei
MI_KPC_474,12600852,1902728652,151,317.121,ecoli_achtman_4,106,fail,pass,51.0,857.5 Mbp,6085774.0,151,140.9265330917645,42.05721180885569,40-151,pass,162505.0,4986569.0,70.0,PASS,96.27,79.55,74.77,"NZ_CP033092.2 Escherichia coli DSM 30083 = JCM 1649 = ATCC 11775 chromosome, complete genome",Escherichia coli
MI_KPC_475,17387652,2625535452,151,437.589,klebsiella,11,fail,pass,57.0,1.1 Gbp,8319773.0,151,142.00343350714016,37.59147538156318,40-151,pass,185395.0,5716156.0,76.0,PASS,99.08,88.45,85.39,"NZ_KN046818.1 Klebsiella pneumoniae strain ATCC 13883 scaffold1, whole genome shotgun sequence",Klebsiella pneumoniae
MI_KPC_476,11969314,1807366414,151,301.228,klebsiella,11,fail,pass,57.0,814.8 Mbp,5739093.0,151,142.00472409142003,43.71092396194099,40-151,pass,183376.0,5597851.0,94.0,PASS,99.06,88.37,86.96,"NZ_KN046818.1 Klebsiella pneumoniae strain ATCC 13883 scaffold1, whole genome shotgun sequence",Klebsiella pneumoniae
MI_KPC_477,10813364,1632817964,151,272.136,ecloacae,114,fail,pass,55.0,734.8 Mbp,5197664.0,151,141.40263837754807,43.81716348515332,40-151,pass,149192.0,5068159.0,100.0,PASS,95.27,86.72,75.62,"NZ_CP017186.1 Enterobacter hormaechei subsp. hoffmannii strain DSM 14563 chromosome, complete genome",Enterobacter hormaechei
MI_KPC_478,13615854,2055993954,151,342.666,klebsiella,348,fail,pass,57.0,928.8 Mbp,6537137.0,151,142.11191290621568,41.55906108450059,40-151,pass,249489.0,5624731.0,58.0,PASS,99.0,86.27,84.5,"NZ_KN046818.1 Klebsiella pneumoniae strain ATCC 13883 scaffold1, whole genome shotgun sequence",Klebsiella pneumoniae
MI_KPC_479,14418108,2177134308,151,362.856,klebsiella,258,fail,pass,57.0,980.3 Mbp,6900502.0,151,142.08328191195366,40.22743556639086,40-151,pass,129409.0,5466584.0,81.0,PASS,99.01,84.96,85.68,"NZ_KN046818.1 Klebsiella pneumoniae strain ATCC 13883 scaffold1, whole genome shotgun sequence",Klebsiella pneumoniae
MI_KPC_47,20931976,3160728376,151,526.788,cfreundii,396,fail,pass,53.0,1.3 Gbp,10078473.0,151,137.0347827493312,40.12806680048394,40-151,pass,65200.0,10496027.0,372.0,FAIL,98.85,88.59,40.92,"NZ_CP049015.1 Citrobacter freundii ATCC 8090 = MTCC 1658 = NBRC 12681 strain ATCC 8090 chromosome, complete genome",Citrobacter freundii
MI_KPC_480,13695974,2068092074,151,344.682,klebsiella,11,fail,pass,57.0,924.3 Mbp,6530501.0,151,141.5645404540938,42.92437590855705,40-151,pass,159118.0,5893490.0,177.0,PASS,98.84,88.45,75.27,"NZ_KN046818.1 Klebsiella pneumoniae strain ATCC 13883 scaffold1, whole genome shotgun sequence",Klebsiella pneumoniae
MI_KPC_481,14942074,2256253174,151,376.042,klebsiella,37,fail,pass,57.0,1 Gbp,7169567.0,151,141.94547913423503,38.08839746473906,40-151,pass,196056.0,5371552.0,56.0,PASS,98.91,85.96,88.03,"NZ_KN046818.1 Klebsiella pneumoniae strain ATCC 13883 scaffold1, whole genome shotgun sequence",Klebsiella pneumoniae
MI_KPC_482,11070038,1671575738,151,278.596,klebsiella,11,fail,pass,57.0,744.3 Mbp,5289037.0,151,140.75753639084016,46.94916924257542,40-151,pass,185395.0,5782794.0,92.0,PASS,99.06,88.5,84.06,"NZ_KN046818.1 Klebsiella pneumoniae strain ATCC 13883 scaffold1, whole genome shotgun sequence",Klebsiella pneumoniae
MI_KPC_483,14378354,2171131454,151,361.855,cfreundii,8,fail,pass,52.0,973.5 Mbp,6906990.0,151,140.9687195145787,39.956379248098514,40-151,pass,168839.0,5378398.0,119.0,PASS,98.38,90.33,77.69,"NZ_CP049015.1 Citrobacter freundii ATCC 8090 = MTCC 1658 = NBRC 12681 strain ATCC 8090 chromosome, complete genome",Citrobacter freundii
MI_KPC_484,8266302,1248211602,151,208.035,ecloacae,114,fail,pass,55.0,557.9 Mbp,3991753.0,151,139.79399852646193,50.820286970186416,40-151,pass,264644.0,5072295.0,89.0,PASS,95.26,86.63,75.09,"NZ_CP017186.1 Enterobacter hormaechei subsp. hoffmannii strain DSM 14563 chromosome, complete genome",Enterobacter hormaechei
MI_KPC_485,7338,1108038,151,0.184673,-,-,fail,pass,53.0,462.3 kbp,3360.0,151,137.62291666666667,95.98214285714286,40-151,pass,559.0,1115.0,552.0,FAIL,,,,,
MI_KPC_486,14134342,2134285642,151,355.714,klebsiella,258,fail,pass,57.0,958.9 Mbp,6744774.0,151,142.19368847644117,39.84629953917247,40-151,pass,129470.0,5470997.0,84.0,PASS,99.06,84.84,85.4,"NZ_KN046818.1 Klebsiella pneumoniae strain ATCC 13883 scaffold1, whole genome shotgun sequence",Klebsiella pneumoniae
MI_KPC_487,12299912,1857286712,151,309.548,klebsiella,11,fail,pass,57.0,832.5 Mbp,5885616.0,151,141.47336047747592,43.41978017652018,40-151,pass,168289.0,5478898.0,96.0,PASS,99.11,84.3,84.5,"NZ_KN046818.1 Klebsiella pneumoniae strain ATCC 13883 scaffold1, whole genome shotgun sequence",Klebsiella pneumoniae
MI_KPC_488,15323990,2313922490,151,385.654,klebsiella,950,fail,pass,57.0,1 Gbp,7323380.0,151,141.83024505078257,40.146977705517806,40-151,pass,145392.0,5758995.0,269.0,PASS,98.78,87.3,80.23,"NZ_KN046818.1 Klebsiella pneumoniae strain ATCC 13883 scaffold1, whole genome shotgun sequence",Klebsiella pneumoniae
MI_KPC_489,13585378,2051392078,151,341.899,klebsiella,219,fail,pass,57.0,920.5 Mbp,6485334.0,151,141.95973283719852,41.06267076011397,40-151,pass,178516.0,5461516.0,67.0,PASS,99.07,85.0,85.56,"NZ_KN046818.1 Klebsiella pneumoniae strain ATCC 13883 scaffold1, whole genome shotgun sequence",Klebsiella pneumoniae
MI_KPC_48,18151434,2740866534,151,456.811,ecoli_achtman_4,393,fail,pass,51.0,1.1 Gbp,8695237.0,151,136.82639806137544,34.44442161611274,40-151,pass,154878.0,5087419.0,69.0,PASS,96.56,79.98,78.37,"NZ_CP033092.2 Escherichia coli DSM 30083 = JCM 1649 = ATCC 11775 chromosome, complete genome",Escherichia coli
MI_KPC_490,14392088,2173205288,151,362.201,klebsiella,258,fail,pass,57.0,974.6 Mbp,6874916.0,151,141.7932825651979,40.29929548347993,40-151,pass,115818.0,5370759.0,87.0,PASS,99.07,86.4,88.48,"NZ_KN046818.1 Klebsiella pneumoniae strain ATCC 13883 scaffold1, whole genome shotgun sequence",Klebsiella pneumoniae
MI_KPC_491,8572368,1294427568,151,215.738,ecloacae,171,fail,pass,55.0,579 Mbp,4128555.0,151,140.28290697350525,49.74037414723389,40-151,pass,288501.0,4967704.0,81.0,PASS,95.26,86.33,76.63,"NZ_CP017186.1 Enterobacter hormaechei subsp. hoffmannii strain DSM 14563 chromosome, complete genome",Enterobacter hormaechei
MI_KPC_492,14457552,2183090352,151,363.848,klebsiella,11,fail,pass,57.0,982.6 Mbp,6909085.0,151,142.24756925121054,40.31887591479455,40-151,pass,185395.0,5717968.0,74.0,PASS,99.07,88.51,85.26,"NZ_KN046818.1 Klebsiella pneumoniae strain ATCC 13883 scaffold1, whole genome shotgun sequence",Klebsiella pneumoniae
MI_KPC_493,10184752,1537897552,151,256.316,koxytoca,105,fail,pass,54.0,690.4 Mbp,4898057.0,151,140.98178216382536,48.53769074511648,40-151,pass,118350.0,6335050.0,138.0,PASS,99.35,90.33,75.68,"NZ_BCYR01000001.1 Raoultella ornithinolytica NBRC 105727 = ATCC 31898 strain NBRC 105727, whole genome shotgun sequence",Raoultella ornithinolytica
MI_KPC_494,12713970,1919809470,151,319.968,ecloacae,252,fail,pass,56.0,869.6 Mbp,6127756.0,151,141.93920090813015,40.76551173081919,40-151,pass,172529.0,4949255.0,79.0,PASS,97.74,78.97,82.35,"NZ_CP017990.1 Enterobacter cloacae complex sp. ECNIH7 chromosome, complete genome",Enterobacter cloacae
MI_KPC_495,11399302,1721294602,151,286.882,ecoli_achtman_4,-,fail,pass,51.0,773.4 Mbp,5496413.0,151,140.74939819842504,46.7136535640132,40-151,pass,20373.0,9633481.0,1817.0,FAIL,98.48,87.82,43.24,"NZ_CP033092.2 Escherichia coli DSM 30083 = JCM 1649 = ATCC 11775 chromosome, complete genome",Escherichia coli
MI_KPC_496,14505060,2190264060,151,365.044,klebsiella,11,fail,pass,57.0,978.4 Mbp,6936283.0,151,141.07635429523276,41.01046825907149,40-151,pass,183376.0,5614753.0,94.0,PASS,99.07,88.52,86.77,"NZ_KN046818.1 Klebsiella pneumoniae strain ATCC 13883 scaffold1, whole genome shotgun sequence",Klebsiella pneumoniae
MI_KPC_497,6451744,974213344,151,162.369,klebsiella,258,fail,pass,57.0,435.3 Mbp,3115347.0,151,139.74603695832278,57.35296383929018,40-151,pass,129409.0,5566807.0,90.0,PASS,99.0,86.11,84.87,"NZ_KN046818.1 Klebsiella pneumoniae strain ATCC 13883 scaffold1, whole genome shotgun sequence",Klebsiella pneumoniae
MI_KPC_498,10089728,1523548928,151,253.925,klebsiella,258,fail,pass,57.0,687 Mbp,4848587.0,151,141.72719247896345,46.43433854952777,40-151,pass,133704.0,5405858.0,90.0,PASS,98.99,85.5,85.61,"NZ_KN046818.1 Klebsiella pneumoniae strain ATCC 13883 scaffold1, whole genome shotgun sequence",Klebsiella pneumoniae
MI_KPC_499,16616724,2509125324,151,418.188,ecloacae,997,fail,pass,56.0,1.1 Gbp,8012096.0,151,141.28521438085613,35.917337502510314,40-151,pass,89213.0,4790121.0,138.0,PASS,98.48,83.86,80.39,"NZ_CP017184.1 Enterobacter roggenkampii strain DSM 16690 chromosome, complete genome",Enterobacter roggenkampii
MI_KPC_49,22350770,3374966270,151,562.494,koxytoca,-,fail,pass,55.0,1.4 Gbp,10723482.0,151,138.02290571290183,33.29166803111,40-151,pass,149087.0,6322856.0,125.0,PASS,97.94,82.52,80.31,"NZ_PRDB01000030.1 Klebsiella michiganensis strain DSM 25444 map unlocalized plasmid unnamed1 contig_30, whole genome shotgun sequence",Klebsiella michiganensis
MI_KPC_4,21850520,3299428520,151,549.905,klebsiella,258,fail,pass,57.0,1 Gbp,10024285.0,97,100.90155158198316,35.21711930816532,40-151,pass,137513.0,5559445.0,97.0,PASS,98.95,86.7,86.31,"NZ_KN046818.1 Klebsiella pneumoniae strain ATCC 13883 scaffold1, whole genome shotgun sequence",Klebsiella pneumoniae
MI_KPC_500,13071574,1973807674,151,328.968,ecloacae,114,fail,pass,55.0,889.1 Mbp,6305091.0,151,141.04184666010372,40.95745952207429,40-151,pass,267056.0,5069067.0,86.0,PASS,95.26,86.51,75.85,"NZ_CP017186.1 Enterobacter hormaechei subsp. hoffmannii strain DSM 14563 chromosome, complete genome",Enterobacter hormaechei
MI_KPC_501,6033646,911080546,151,151.847,koxytoca,105,fail,pass,53.0,403.9 Mbp,2897406.0,151,139.44502806993566,59.02758104524426,40-151,pass,118350.0,6341112.0,151.0,PASS,99.19,90.35,73.74,"NZ_BCYR01000001.1 Raoultella ornithinolytica NBRC 105727 = ATCC 31898 strain NBRC 105727, whole genome shotgun sequence",Raoultella ornithinolytica
MI_KPC_502,7009648,1058456848,151,176.409,ecoli_achtman_4,224,fail,pass,51.0,470.6 Mbp,3385737.0,151,139.03687321253835,54.581639608171706,40-151,pass,189302.0,5046740.0,114.0,PASS,96.28,78.31,70.68,"NZ_CP033092.2 Escherichia coli DSM 30083 = JCM 1649 = ATCC 11775 chromosome, complete genome",Escherichia coli
MI_KPC_503,12472896,1883407296,151,313.901,ecloacae,461,fail,pass,55.0,837.6 Mbp,6004851.0,151,139.51980906770208,44.05015808314417,40-151,pass,232900.0,5290056.0,92.0,PASS,95.26,85.95,70.62,"NZ_CP017186.1 Enterobacter hormaechei subsp. hoffmannii strain DSM 14563 chromosome, complete genome",Enterobacter hormaechei
MI_KPC_504,19182482,2896554782,151,482.759,klebsiella,11,fail,pass,57.0,1.2 Gbp,9115269.0,151,140.710802281315,36.730928997085,40-151,pass,153577.0,5667114.0,91.0,PASS,99.01,87.97,85.46,"NZ_KN046818.1 Klebsiella pneumoniae strain ATCC 13883 scaffold1, whole genome shotgun sequence",Klebsiella pneumoniae
MI_KPC_505,14371104,2170036704,151,361.673,klebsiella,258,fail,pass,57.0,957.8 Mbp,6916923.0,151,138.5041491715319,41.39973753911722,40-151,pass,137373.0,5564651.0,91.0,PASS,99.0,86.11,85.22,"NZ_KN046818.1 Klebsiella pneumoniae strain ATCC 13883 scaffold1, whole genome shotgun sequence",Klebsiella pneumoniae
MI_KPC_506,18385280,2776177280,151,462.696,ecloacae,597,fail,pass,55.0,1.2 Gbp,8899192.0,151,138.21567564785656,35.9863951687633,40-151,pass,300741.0,4913325.0,76.0,PASS,95.26,85.74,78.37,"NZ_CP017186.1 Enterobacter hormaechei subsp. hoffmannii strain DSM 14563 chromosome, complete genome",Enterobacter hormaechei
MI_KPC_507,16591604,2505332204,151,417.555,klebsiella,11,fail,pass,57.0,1.1 Gbp,8030233.0,151,139.8679550145058,38.61903325975712,40-151,pass,203699.0,5772324.0,96.0,PASS,99.06,88.54,84.64,"NZ_KN046818.1 Klebsiella pneumoniae strain ATCC 13883 scaffold1, whole genome shotgun sequence",Klebsiella pneumoniae
MI_KPC_508,16185606,2444026506,151,407.338,koxytoca,-,fail,pass,56.0,1 Gbp,7774809.0,151,139.65845566109726,40.55755018358235,40-151,pass,167262.0,6058786.0,78.0,PASS,98.54,85.21,85.2,"NZ_PRDB01000030.1 Klebsiella michiganensis strain DSM 25444 map unlocalized plasmid unnamed1 contig_30, whole genome shotgun sequence",Klebsiella michiganensis
MI_KPC_509,15255566,2303590466,151,383.932,klebsiella,11,fail,pass,57.0,1 Gbp,7322795.0,151,139.38690117639507,40.87153359346953,40-151,pass,180649.0,5857930.0,81.0,PASS,99.07,88.49,83.54,"NZ_KN046818.1 Klebsiella pneumoniae strain ATCC 13883 scaffold1, whole genome shotgun sequence",Klebsiella pneumoniae
MI_KPC_50,18157264,2741746864,151,456.958,ecloacae,125,fail,pass,55.0,1.2 Gbp,8752820.0,151,137.17649671762928,34.06345582900376,40-151,pass,190032.0,4967377.0,77.0,PASS,98.9,87.62,86.39,"NZ_CP017181.1 Enterobacter kobei strain DSM 13645 chromosome, complete genome",Enterobacter kobei
MI_KPC_510,10117686,1527770586,151,254.628,ecoli_achtman_4,1642,fail,pass,51.0,673.4 Mbp,4925242.0,151,136.75497203995255,46.827095444159006,40-151,pass,220319.0,4921378.0,65.0,PASS,96.11,78.31,75.07,"NZ_CP033092.2 Escherichia coli DSM 30083 = JCM 1649 = ATCC 11775 chromosome, complete genome",Escherichia coli
MI_KPC_511,3865644,583712244,151,97.2854,ecloacae,597,fail,pass,55.0,252.3 Mbp,1868953.0,151,135.06457144722205,66.65686905988727,40-151,pass,300741.0,4917805.0,70.0,PASS,95.26,86.18,76.97,"NZ_CP017186.1 Enterobacter hormaechei subsp. hoffmannii strain DSM 14563 chromosome, complete genome",Enterobacter hormaechei
MI_KPC_512,13515558,2040849258,151,340.142,cfreundii,22,fail,pass,52.0,902.6 Mbp,6575623.0,151,137.29115689874556,42.49608255508664,40-151,pass,121418.0,5400636.0,129.0,PASS,98.5,90.16,78.32,"NZ_CP049015.1 Citrobacter freundii ATCC 8090 = MTCC 1658 = NBRC 12681 strain ATCC 8090 chromosome, complete genome",Citrobacter freundii
MI_KPC_513,10794964,1630039564,151,271.673,klebsiella,11,fail,pass,57.0,728 Mbp,5225620.0,151,139.34295298931036,46.47536092033548,40-151,pass,183229.0,5775782.0,86.0,PASS,99.07,88.5,84.7,"NZ_KN046818.1 Klebsiella pneumoniae strain ATCC 13883 scaffold1, whole genome shotgun sequence",Klebsiella pneumoniae
MI_KPC_514,14328642,2163624942,151,360.604,klebsiella,11,fail,pass,57.0,960.4 Mbp,6890125.0,151,139.41952577057745,41.00219008417385,40-151,pass,172915.0,5838627.0,111.0,PASS,98.96,88.28,83.33,"NZ_KN046818.1 Klebsiella pneumoniae strain ATCC 13883 scaffold1, whole genome shotgun sequence",Klebsiella pneumoniae
MI_KPC_515,17644488,2664317688,151,444.053,klebsiella,11,fail,pass,57.0,1.1 Gbp,8521683.0,151,140.32648433413917,36.82969972059923,40-151,pass,198141.0,5715776.0,69.0,PASS,99.07,88.52,85.63,"NZ_KN046818.1 Klebsiella pneumoniae strain ATCC 13883 scaffold1, whole genome shotgun sequence",Klebsiella pneumoniae
MI_KPC_516,2187370,330292870,151,55.0488,klebsiella,258,fail,pass,57.0,142.5 Mbp,1036146.0,151,137.62141242643412,77.59338186679472,40-151,pass,110178.0,6391596.0,699.0,FAIL,98.7,87.66,62.1,"NZ_KN046818.1 Klebsiella pneumoniae strain ATCC 13883 scaffold1, whole genome shotgun sequence",Klebsiella pneumoniae
MI_KPC_517,11807488,1782930688,151,297.155,klebsiella,219,fail,pass,58.0,802.2 Mbp,5710396.0,151,140.50538421503518,43.10648444006068,40-151,pass,187324.0,5458441.0,62.0,PASS,98.97,84.82,85.83,"NZ_KN046818.1 Klebsiella pneumoniae strain ATCC 13883 scaffold1, whole genome shotgun sequence",Klebsiella pneumoniae
MI_KPC_518,9289104,1402654704,151,233.776,ecoli_achtman_4,7581,fail,pass,51.0,620.4 Mbp,4482583.0,151,138.43069431173947,48.18934963588246,40-151,pass,136296.0,5089437.0,87.0,PASS,96.43,78.23,73.74,"NZ_CP033092.2 Escherichia coli DSM 30083 = JCM 1649 = ATCC 11775 chromosome, complete genome",Escherichia coli
MI_KPC_519,4519766,682484666,151,113.747,klebsiella,11,fail,pass,58.0,295.1 Mbp,2191172.0,151,134.7236912483365,66.04953156736939,40-151,pass,182361.0,5643771.0,114.0,PASS,99.06,88.99,86.87,"NZ_KN046818.1 Klebsiella pneumoniae strain ATCC 13883 scaffold1, whole genome shotgun sequence",Klebsiella pneumoniae
MI_KPC_51,19220506,2902296406,151,483.716,ecloacae,93,fail,pass,55.0,1.2 Gbp,9260465.0,151,139.71333912497914,34.431534711306284,40-151,pass,212444.0,5106044.0,81.0,PASS,95.7,85.63,77.88,"NZ_CP017186.1 Enterobacter hormaechei subsp. hoffmannii strain DSM 14563 chromosome, complete genome",Enterobacter hormaechei
MI_KPC_520,16904948,2552647148,151,425.441,klebsiella,163,fail,pass,57.0,1.1 Gbp,8199357.0,151,139.8140784698117,37.76117180423964,40-151,pass,253647.0,5514033.0,52.0,PASS,99.03,84.88,84.98,"NZ_KN046818.1 Klebsiella pneumoniae strain ATCC 13883 scaffold1, whole genome shotgun sequence",Klebsiella pneumoniae
MI_KPC_521,10491642,1584237942,151,264.04,klebsiella,11,fail,pass,57.0,703.1 Mbp,5090615.0,151,138.14757391788615,48.64724339420826,40-151,pass,184841.0,5766093.0,98.0,PASS,99.12,88.32,84.58,"NZ_KN046818.1 Klebsiella pneumoniae strain ATCC 13883 scaffold1, whole genome shotgun sequence",Klebsiella pneumoniae
MI_KPC_522,11848762,1789163062,151,298.194,klebsiella,219,fail,pass,57.0,804.7 Mbp,5734460.0,151,140.35171541871424,43.17546060714715,40-151,pass,203915.0,5455808.0,63.0,PASS,99.08,85.02,86.0,"NZ_KN046818.1 Klebsiella pneumoniae strain ATCC 13883 scaffold1, whole genome shotgun sequence",Klebsiella pneumoniae
MI_KPC_523,18853090,2846816590,151,474.469,kaerogenes,93,fail,pass,55.0,1.2 Gbp,9103039.0,151,139.81747611978813,35.544297111665685,40-151,pass,229188.0,5433855.0,48.0,PASS,98.79,89.48,84.95,"NC_015663.1 Klebsiella aerogenes KCTC 2190, complete sequence",Klebsiella aerogenes
MI_KPC_524,13764000,2078364000,151,346.394,klebsiella,219,fail,pass,57.0,920.8 Mbp,6625818.0,151,139.0013580210021,41.60656718024008,40-151,pass,210853.0,5453407.0,60.0,PASS,99.03,84.93,85.89,"NZ_KN046818.1 Klebsiella pneumoniae strain ATCC 13883 scaffold1, whole genome shotgun sequence",Klebsiella pneumoniae
MI_KPC_525,11179172,1688054972,151,281.342,klebsiella,11,fail,pass,57.0,750.6 Mbp,5401578.0,151,138.98537964276366,46.73403210643525,40-151,pass,171958.0,5655862.0,97.0,PASS,99.08,89.07,87.02,"NZ_KN046818.1 Klebsiella pneumoniae strain ATCC 13883 scaffold1, whole genome shotgun sequence",Klebsiella pneumoniae
MI_KPC_526,1409168,212784368,151,35.4641,klebsiella,11,fail,pass,58.0,90.7 Mbp,677072.0,151,134.0813842545549,82.44970695488936,40-151,pass,89344.0,5449878.0,124.0,PASS,99.12,87.1,88.41,"NZ_KN046818.1 Klebsiella pneumoniae strain ATCC 13883 scaffold1, whole genome shotgun sequence",Klebsiella pneumoniae
MI_KPC_527,18653984,2816751584,151,469.459,ecloacae,93,fail,pass,55.0,1.2 Gbp,9068666.0,151,139.09812490613282,34.672541593169484,40-151,pass,218614.0,4981605.0,80.0,PASS,95.32,85.79,78.08,"NZ_CP017186.1 Enterobacter hormaechei subsp. hoffmannii strain DSM 14563 chromosome, complete genome",Enterobacter hormaechei
MI_KPC_528,7997670,1207648170,151,201.275,klebsiella,11,fail,pass,57.0,530.1 Mbp,3888200.0,151,136.35592742142893,55.192430114003024,40-151,pass,183662.0,5776695.0,98.0,PASS,99.06,88.37,84.5,"NZ_KN046818.1 Klebsiella pneumoniae strain ATCC 13883 scaffold1, whole genome shotgun sequence",Klebsiella pneumoniae
MI_KPC_529,18278272,2760019072,151,460.003,klebsiella,11,fail,pass,58.0,1.2 Gbp,8787215.0,151,139.43165269086964,36.66661770192409,40-151,pass,182361.0,5655488.0,101.0,PASS,99.07,88.97,86.9,"NZ_KN046818.1 Klebsiella pneumoniae strain ATCC 13883 scaffold1, whole genome shotgun sequence",Klebsiella pneumoniae
MI_KPC_52,14946716,2256954116,151,376.159,ecloacae,1578,fail,pass,56.0,1 Gbp,7187572.0,151,140.1757587958771,37.347690256610925,40-151,pass,116320.0,5200303.0,108.0,PASS,98.36,90.63,82.44,"NZ_AP019632.1 Enterobacter asburiae strain 1808-013 chromosome, complete genome",Enterobacter asburiae
MI_KPC_530,16776026,2533179926,151,422.197,cfreundii,22,fail,pass,52.0,1.1 Gbp,8157129.0,151,138.90158620759829,36.09947585839242,40-151,pass,164148.0,5669041.0,120.0,PASS,98.64,90.14,76.03,"NZ_CP049015.1 Citrobacter freundii ATCC 8090 = MTCC 1658 = NBRC 12681 strain ATCC 8090 chromosome, complete genome",Citrobacter freundii
MI_KPC_531,14679038,2216534738,151,369.422,klebsiella,258,fail,pass,57.0,981.3 Mbp,7041411.0,151,139.3871341979612,40.2438277287443,40-151,pass,137513.0,5609531.0,91.0,PASS,98.88,85.75,84.31,"NZ_KN046818.1 Klebsiella pneumoniae strain ATCC 13883 scaffold1, whole genome shotgun sequence",Klebsiella pneumoniae
MI_KPC_532,7206432,1088171232,151,181.362,ecoli_achtman_4,410,fail,pass,51.0,478.5 Mbp,3494893.0,151,136.95112897590857,53.26080533073242,40-151,pass,76671.0,5081899.0,159.0,PASS,96.53,78.7,74.17,"NZ_CP033092.2 Escherichia coli DSM 30083 = JCM 1649 = ATCC 11775 chromosome, complete genome",Escherichia coli
MI_KPC_533,14976242,2261412542,151,376.902,klebsiella,258,fail,pass,57.0,995.2 Mbp,7141405.0,151,139.38439816814758,41.05266840977103,40-151,pass,137343.0,5777376.0,84.0,PASS,98.96,86.7,82.8,"NZ_KN046818.1 Klebsiella pneumoniae strain ATCC 13883 scaffold1, whole genome shotgun sequence",Klebsiella pneumoniae
MI_KPC_534,18460352,2787513152,151,464.586,klebsiella,1694,fail,pass,57.0,1.2 Gbp,8855270.0,151,139.47395900971964,36.774155813848445,40-151,pass,174498.0,5814888.0,96.0,PASS,99.0,86.13,81.64,"NZ_KN046818.1 Klebsiella pneumoniae strain ATCC 13883 scaffold1, whole genome shotgun sequence",Klebsiella pneumoniae
MI_KPC_535,15339652,2316287452,151,386.048,cfreundii,1078,fail,pass,52.0,1 Gbp,7412196.0,151,138.3587357916601,37.78890133368148,40-151,pass,165169.0,5190567.0,86.0,PASS,98.26,88.71,80.03,"NZ_MVFY01000010.1 Citrobacter portucalensis strain A60 A60_S7_L001_NODE_10_length_199066_cov_22.3255, whole genome shotgun sequence",Citrobacter portucalensis
MI_KPC_536,8614172,1300739972,151,216.79,klebsiella,11,fail,pass,58.0,581.3 Mbp,4148172.0,151,140.16417327921792,50.31989595556205,40-151,pass,183063.0,5778240.0,97.0,PASS,99.07,88.48,84.72,"NZ_KN046818.1 Klebsiella pneumoniae strain ATCC 13883 scaffold1, whole genome shotgun sequence",Klebsiella pneumoniae
MI_KPC_537,10275756,1551639156,151,258.607,ecoli_achtman_4,1193,fail,pass,51.0,688.1 Mbp,4946701.0,151,139.13725955945185,44.21268891701077,40-151,pass,197057.0,5031293.0,80.0,PASS,98.34,88.53,84.82,"NZ_CP033092.2 Escherichia coli DSM 30083 = JCM 1649 = ATCC 11775 chromosome, complete genome",Escherichia coli
MI_KPC_538,17161438,2591377138,151,431.896,klebsiella,258,fail,pass,58.0,1.1 Gbp,8282178.0,151,139.78195252504835,37.07859733066618,40-151,pass,152306.0,5437164.0,72.0,PASS,99.08,86.79,88.09,"NZ_KN046818.1 Klebsiella pneumoniae strain ATCC 13883 scaffold1, whole genome shotgun sequence",Klebsiella pneumoniae
MI_KPC_539,13839404,2089750004,151,348.292,ecloacae,1015,fail,pass,55.0,934.2 Mbp,6700075.0,151,139.45919888956468,38.279688326665415,40-151,pass,306016.0,4872911.0,68.0,PASS,94.92,86.15,78.81,"NZ_CP017186.1 Enterobacter hormaechei subsp. hoffmannii strain DSM 14563 chromosome, complete genome",Enterobacter hormaechei
MI_KPC_53,10955626,1654299526,151,275.717,ecloacae,93,fail,pass,55.0,724.3 Mbp,5242726.0,151,138.18473061533257,46.58869958640499,40-151,pass,148491.0,6173981.0,855.0,FAIL,95.26,85.26,49.81,"NZ_CP017186.1 Enterobacter hormaechei subsp. hoffmannii strain DSM 14563 chromosome, complete genome",Enterobacter hormaechei
MI_KPC_540,14372200,2170202200,151,361.7,klebsiella,258,fail,pass,57.0,960.7 Mbp,6896623.0,151,139.331270246322,40.70300594602496,40-151,pass,129409.0,5531754.0,89.0,PASS,98.9,85.45,85.18,"NZ_KN046818.1 Klebsiella pneumoniae strain ATCC 13883 scaffold1, whole genome shotgun sequence",Klebsiella pneumoniae
MI_KPC_541,5748362,868002662,151,144.667,klebsiella,11,fail,pass,58.0,391.7 Mbp,2785027.0,151,140.67238450471038,57.16545287671991,40-151,pass,185395.0,5600461.0,96.0,PASS,99.08,88.54,87.39,"NZ_KN046818.1 Klebsiella pneumoniae strain ATCC 13883 scaffold1, whole genome shotgun sequence",Klebsiella pneumoniae
MI_KPC_542,7322586,1105710486,151,184.285,klebsiella,258,fail,pass,57.0,490.4 Mbp,3544246.0,151,138.39019949518178,55.08347590127863,40-151,pass,144539.0,5570734.0,88.0,PASS,98.96,86.71,86.03,"NZ_KN046818.1 Klebsiella pneumoniae strain ATCC 13883 scaffold1, whole genome shotgun sequence",Klebsiella pneumoniae
MI_KPC_543,20337900,3071022900,151,511.837,ecloacae,461,fail,pass,55.0,1.3 Gbp,9879605.0,151,138.61774372558418,33.26640435550835,40-151,pass,255942.0,4879842.0,54.0,PASS,95.26,86.0,79.91,"NZ_CP017186.1 Enterobacter hormaechei subsp. hoffmannii strain DSM 14563 chromosome, complete genome",Enterobacter hormaechei
MI_KPC_544,10221472,1543442272,151,257.24,klebsiella,13,fail,pass,57.0,687.1 Mbp,4939047.0,151,139.1376978190327,47.25475421089045,40-151,pass,223644.0,5626390.0,75.0,PASS,99.01,85.47,83.73,"NZ_KN046818.1 Klebsiella pneumoniae strain ATCC 13883 scaffold1, whole genome shotgun sequence",Klebsiella pneumoniae
MI_KPC_545,12294950,1856537450,151,309.423,klebsiella,17,fail,pass,57.0,833.1 Mbp,5964216.0,151,139.7155577531062,42.56218141019959,40-151,pass,294061.0,5315278.0,48.0,PASS,99.08,84.62,87.94,"NZ_KN046818.1 Klebsiella pneumoniae strain ATCC 13883 scaffold1, whole genome shotgun sequence",Klebsiella pneumoniae
MI_KPC_546,15203668,2295753868,151,382.626,klebsiella,258,fail,pass,57.0,1 Gbp,7323727.0,151,139.56723578036156,39.54412928335064,40-151,pass,129797.0,5486172.0,79.0,PASS,99.07,85.54,86.08,"NZ_KN046818.1 Klebsiella pneumoniae strain ATCC 13883 scaffold1, whole genome shotgun sequence",Klebsiella pneumoniae
MI_KPC_547,9467720,1429625720,151,238.271,klebsiella,17,fail,pass,58.0,634.3 Mbp,4530042.0,151,140.05023794481374,47.571103603753805,40-151,pass,253538.0,5454266.0,72.0,PASS,99.13,85.9,87.02,"NZ_KN046818.1 Klebsiella pneumoniae strain ATCC 13883 scaffold1, whole genome shotgun sequence",Klebsiella pneumoniae
MI_KPC_548,18154198,2741283898,151,456.881,ecloacae,-,fail,pass,55.0,1.2 Gbp,8808633.0,151,139.4911762131536,35.07247652284678,40-151,pass,251599.0,5229976.0,74.0,PASS,95.26,86.91,75.32,"NZ_CP017186.1 Enterobacter hormaechei subsp. hoffmannii strain DSM 14563 chromosome, complete genome",Enterobacter hormaechei
MI_KPC_549,18784182,2836411482,151,472.735,ecloacae,461,fail,pass,55.0,1.3 Gbp,9101824.0,151,143.9057931684902,33.829198280698336,40-151,pass,232884.0,4878916.0,52.0,PASS,95.31,85.86,80.09,"NZ_CP017186.1 Enterobacter hormaechei subsp. hoffmannii strain DSM 14563 chromosome, complete genome",Enterobacter hormaechei
MI_KPC_54,11851814,1789623914,151,298.271,cfreundii,396,fail,pass,52.0,790.3 Mbp,5691939.0,151,138.88186257793697,42.34410381780705,40-151,pass,152092.0,5364072.0,92.0,PASS,98.88,88.57,81.15,"NZ_CP049015.1 Citrobacter freundii ATCC 8090 = MTCC 1658 = NBRC 12681 strain ATCC 8090 chromosome, complete genome",Citrobacter freundii
MI_KPC_550,12131508,1831857708,151,305.31,ecoli_achtman_4,131,fail,pass,51.0,833.9 Mbp,5821977.0,151,143.26247802078228,42.7276253297349,40-151,pass,159030.0,5174825.0,112.0,PASS,97.83,87.38,80.9,"NZ_CP033092.2 Escherichia coli DSM 30083 = JCM 1649 = ATCC 11775 chromosome, complete genome",Escherichia coli
MI_KPC_551,12643914,1909231014,151,318.205,koxytoca,234,fail,pass,55.0,874.5 Mbp,6068819.0,151,144.12652478183975,43.58932645266188,40-151,pass,125460.0,6016611.0,119.0,PASS,98.94,87.17,86.83,"NZ_PRDB01000030.1 Klebsiella michiganensis strain DSM 25444 map unlocalized plasmid unnamed1 contig_30, whole genome shotgun sequence",Klebsiella michiganensis
MI_KPC_552,10884518,1643562218,151,273.927,klebsiella,11,fail,pass,57.0,757.1 Mbp,5242865.0,151,144.43676844625983,44.95553509528645,40-151,pass,182231.0,5599786.0,93.0,PASS,99.12,88.57,87.31,"NZ_KN046818.1 Klebsiella pneumoniae strain ATCC 13883 scaffold1, whole genome shotgun sequence",Klebsiella pneumoniae
MI_KPC_553,9708750,1466021250,151,244.337,ecloacae,597,fail,pass,55.0,671 Mbp,4679205.0,151,143.42656391416918,46.793102657248895,40-151,pass,311011.0,5048956.0,74.0,PASS,95.31,85.94,76.74,"NZ_CP017186.1 Enterobacter hormaechei subsp. hoffmannii strain DSM 14563 chromosome, complete genome",Enterobacter hormaechei
MI_KPC_554,6017052,908574852,151,151.429,klebsiella,258,fail,pass,57.0,414.7 Mbp,2881931.0,151,143.94066408945946,56.08175316267364,40-151,pass,130125.0,5692735.0,108.0,PASS,99.0,88.23,85.31,"NZ_KN046818.1 Klebsiella pneumoniae strain ATCC 13883 scaffold1, whole genome shotgun sequence",Klebsiella pneumoniae
MI_KPC_555,11432394,1726291494,151,287.715,klebsiella,11,fail,pass,58.0,794.6 Mbp,5493362.0,151,144.67018394200127,43.74671023476432,40-151,pass,153577.0,5656013.0,94.0,PASS,99.07,88.11,86.05,"NZ_KN046818.1 Klebsiella pneumoniae strain ATCC 13883 scaffold1, whole genome shotgun sequence",Klebsiella pneumoniae
MI_KPC_556,15156852,2288684652,151,381.447,ecloacae,597,fail,pass,55.0,1 Gbp,7307007.0,151,143.95614716121116,37.9024110450674,40-151,pass,337148.0,4984362.0,78.0,PASS,95.26,86.38,77.76,"NZ_CP017186.1 Enterobacter hormaechei subsp. hoffmannii strain DSM 14563 chromosome, complete genome",Enterobacter hormaechei
MI_KPC_557,15472300,2336317300,151,389.386,koxytoca,50,fail,pass,56.0,1 Gbp,7496828.0,151,143.7297922534704,41.74675772106768,40-151,pass,159885.0,6092765.0,96.0,PASS,98.95,87.49,86.73,"NZ_PRDB01000030.1 Klebsiella michiganensis strain DSM 25444 map unlocalized plasmid unnamed1 contig_30, whole genome shotgun sequence",Klebsiella michiganensis
MI_KPC_558,5994958,905238658,151,150.873,ecloacae,597,fail,pass,55.0,411.2 Mbp,2892763.0,151,142.1843925686273,57.41491781518613,40-151,pass,300741.0,4932502.0,83.0,PASS,95.26,85.75,76.73,"NZ_CP017186.1 Enterobacter hormaechei subsp. hoffmannii strain DSM 14563 chromosome, complete genome",Enterobacter hormaechei
MI_KPC_559,10423188,1573901388,151,262.317,ecloacae,78,fail,pass,55.0,719.9 Mbp,5015409.0,151,143.57177490410055,44.99279317647433,40-151,pass,274644.0,4928029.0,60.0,PASS,98.86,90.68,82.92,"NZ_CP017186.1 Enterobacter hormaechei subsp. hoffmannii strain DSM 14563 chromosome, complete genome",Enterobacter hormaechei
MI_KPC_55,16753784,2529821384,151,421.637,koxytoca,-,fail,pass,55.0,1.1 Gbp,8001570.0,151,140.24363981068714,38.42629311285747,40-151,pass,146347.0,6379825.0,130.0,PASS,97.88,82.63,79.86,"NZ_PRDB01000030.1 Klebsiella michiganensis strain DSM 25444 map unlocalized plasmid unnamed1 contig_30, whole genome shotgun sequence",Klebsiella michiganensis
MI_KPC_560,11363050,1715820550,151,285.97,ecloacae,-,fail,pass,54.0,787.7 Mbp,5481920.0,151,143.71286136973907,43.31817451395564,40-151,pass,496518.0,5190903.0,77.0,PASS,95.27,85.66,74.35,"NZ_CP017186.1 Enterobacter hormaechei subsp. hoffmannii strain DSM 14563 chromosome, complete genome",Enterobacter hormaechei
MI_KPC_561,13695620,2068038620,151,344.673,koxytoca,50,fail,pass,56.0,947.7 Mbp,6551177.0,151,144.69057865479746,42.67632997534743,40-151,pass,159885.0,6061729.0,95.0,PASS,99.0,87.19,87.39,"NZ_PRDB01000030.1 Klebsiella michiganensis strain DSM 25444 map unlocalized plasmid unnamed1 contig_30, whole genome shotgun sequence",Klebsiella michiganensis
MI_KPC_562,6356762,959871062,151,159.979,koxytoca,-,fail,pass,56.0,442.4 Mbp,3057872.0,151,144.70535751659978,55.00511095720931,40-151,pass,228715.0,5746979.0,74.0,PASS,99.32,93.64,87.46,"NZ_BCYR01000001.1 Raoultella ornithinolytica NBRC 105727 = ATCC 31898 strain NBRC 105727, whole genome shotgun sequence",Raoultella ornithinolytica
MI_KPC_563,14411532,2176141332,151,362.69,klebsiella,11,fail,pass,57.0,995.4 Mbp,6913647.0,151,143.99674860460766,41.381732592183546,40-151,pass,198148.0,5660341.0,108.0,PASS,99.01,89.08,86.73,"NZ_KN046818.1 Klebsiella pneumoniae strain ATCC 13883 scaffold1, whole genome shotgun sequence",Klebsiella pneumoniae
MI_KPC_564,18640350,2814692850,151,469.115,klebsiella,258,fail,pass,57.0,1.2 Gbp,8973020.0,151,144.33193127843245,35.99101068313348,40-151,pass,126258.0,5585633.0,89.0,PASS,98.95,86.66,85.65,"NZ_KN046818.1 Klebsiella pneumoniae strain ATCC 13883 scaffold1, whole genome shotgun sequence",Klebsiella pneumoniae
MI_KPC_565,14395650,2173743150,151,362.291,klebsiella,258,fail,pass,57.0,994.1 Mbp,6907275.0,151,143.94049940099387,41.115191509795785,40-151,pass,137371.0,5589155.0,83.0,PASS,98.9,86.79,85.6,"NZ_KN046818.1 Klebsiella pneumoniae strain ATCC 13883 scaffold1, whole genome shotgun sequence",Klebsiella pneumoniae
MI_KPC_566,12126,1831026,151,0.305171,-,-,fail,pass,56.0,748.4 kbp,5390.0,151,138.88144712430426,94.8051948051948,40-151,pass,586.0,7931.0,980.0,FAIL,100.0,0.03,19.06,"NZ_AP019007.1 Enterobacter oligotrophicus strain CCA6 chromosome, complete genome",Enterobacter oligotrophicus
MI_KPC_567,19497952,2944190752,151,490.698,klebsiella,258,fail,pass,57.0,1.3 Gbp,9412424.0,151,144.2984168583991,34.92793849035961,40-151,pass,123725.0,5691461.0,93.0,PASS,98.95,86.48,83.76,"NZ_KN046818.1 Klebsiella pneumoniae strain ATCC 13883 scaffold1, whole genome shotgun sequence",Klebsiella pneumoniae
MI_KPC_568,5049600,762489600,151,127.082,klebsiella,258,fail,pass,57.0,340.8 Mbp,2405920.0,151,141.7069511870719,62.77546024368335,40-151,pass,137373.0,5602446.0,107.0,PASS,98.68,86.89,82.05,"NZ_KN046818.1 Klebsiella pneumoniae strain ATCC 13883 scaffold1, whole genome shotgun sequence",Klebsiella pneumoniae
MI_KPC_569,3162270,477502770,151,79.5838,koxytoca,-,fail,pass,56.0,219.3 Mbp,1519886.0,151,144.37233187225883,67.56353321374824,40-151,pass,176872.0,5771977.0,69.0,PASS,99.46,92.46,87.48,"NZ_BCYR01000001.1 Raoultella ornithinolytica NBRC 105727 = ATCC 31898 strain NBRC 105727, whole genome shotgun sequence",Raoultella ornithinolytica
MI_KPC_56,14026878,2118058578,151,353.01,ecoli_achtman_4,131,fail,pass,51.0,935.4 Mbp,6750689.0,151,138.59190032306333,39.18592034065121,40-151,pass,186390.0,4922983.0,78.0,PASS,98.43,85.26,86.23,"NZ_CP033092.2 Escherichia coli DSM 30083 = JCM 1649 = ATCC 11775 chromosome, complete genome",Escherichia coli
MI_KPC_570,12188666,1840488566,151,306.748,klebsiella,258,fail,pass,57.0,846.3 Mbp,5878789.0,151,143.9896915844403,45.2724891885924,40-151,pass,115777.0,7140072.0,1105.0,FAIL,98.59,86.44,55.97,"NZ_KN046818.1 Klebsiella pneumoniae strain ATCC 13883 scaffold1, whole genome shotgun sequence",Klebsiella pneumoniae
MI_KPC_571,8777072,1325337872,151,220.89,ecloacae,597,fail,pass,55.0,600.3 Mbp,4220497.0,151,142.27652098793104,49.264145454599,40-151,pass,311011.0,5011466.0,98.0,PASS,95.26,86.2,73.96,"NZ_CP017186.1 Enterobacter hormaechei subsp. hoffmannii strain DSM 14563 chromosome, complete genome",Enterobacter hormaechei
MI_KPC_572,19984856,3017713256,151,502.952,ecloacae,191,fail,pass,55.0,1.3 Gbp,9586100.0,151,144.3366510885553,32.22770263353137,40-151,pass,279623.0,4859537.0,61.0,PASS,98.89,85.46,84.22,"NZ_CP017181.1 Enterobacter kobei strain DSM 13645 chromosome, complete genome",Enterobacter kobei
MI_KPC_573,11436562,1726920862,151,287.82,klebsiella,11,fail,pass,57.0,784.3 Mbp,5489138.0,151,142.91646958046965,46.528300494917005,40-151,pass,198141.0,5716521.0,71.0,PASS,99.07,88.37,85.12,"NZ_KN046818.1 Klebsiella pneumoniae strain ATCC 13883 scaffold1, whole genome shotgun sequence",Klebsiella pneumoniae
MI_KPC_574,4940482,746012782,151,124.335,klebsiella,258,fail,pass,56.0,338.8 Mbp,2385547.0,151,142.0716820921994,61.79994505828973,40-151,pass,144539.0,5683617.0,97.0,PASS,98.88,85.79,82.61,"NZ_KN046818.1 Klebsiella pneumoniae strain ATCC 13883 scaffold1, whole genome shotgun sequence",Klebsiella pneumoniae
MI_KPC_575,12383252,1869871052,151,311.645,klebsiella,461,fail,pass,57.0,857.4 Mbp,5942910.0,151,144.29224336225855,42.22930378423733,40-151,pass,250956.0,5676731.0,77.0,PASS,99.01,86.09,83.33,"NZ_KN046818.1 Klebsiella pneumoniae strain ATCC 13883 scaffold1, whole genome shotgun sequence",Klebsiella pneumoniae
MI_KPC_576,13692608,2067583808,151,344.597,ecoli_achtman_4,410,fail,pass,51.0,943.4 Mbp,6585594.0,151,143.27892715524217,38.77007918108535,40-151,pass,87499.0,5196970.0,146.0,PASS,96.57,79.75,73.81,"NZ_CP033092.2 Escherichia coli DSM 30083 = JCM 1649 = ATCC 11775 chromosome, complete genome",Escherichia coli
MI_KPC_577,14051742,2121813042,151,353.635,ecoli_achtman_4,12,fail,pass,51.0,975.7 Mbp,6786529.0,151,143.80093550031245,38.36620703524226,40-151,pass,261954.0,5072987.0,51.0,PASS,98.54,88.46,84.1,"NZ_CP033092.2 Escherichia coli DSM 30083 = JCM 1649 = ATCC 11775 chromosome, complete genome",Escherichia coli
MI_KPC_578,14489842,2187966142,151,364.661,klebsiella,14,fail,pass,57.0,998.4 Mbp,6928033.0,151,144.14016330464938,40.574255760392106,40-151,pass,183658.0,5591658.0,86.0,PASS,99.02,84.74,83.49,"NZ_KN046818.1 Klebsiella pneumoniae strain ATCC 13883 scaffold1, whole genome shotgun sequence",Klebsiella pneumoniae
MI_KPC_579,14773004,2230723604,151,371.787,klebsiella,258,fail,pass,57.0,1 Gbp,7088196.0,151,144.1445616063664,40.38647250113407,40-151,pass,130428.0,5586462.0,83.0,PASS,99.0,86.66,85.54,"NZ_KN046818.1 Klebsiella pneumoniae strain ATCC 13883 scaffold1, whole genome shotgun sequence",Klebsiella pneumoniae
MI_KPC_57,12267990,1852466490,151,308.744,cfreundii,18,fail,pass,51.0,821.1 Mbp,5909271.0,151,138.97651639263117,42.007402198876505,40-151,pass,200800.0,5434885.0,76.0,PASS,98.78,90.07,81.71,"NZ_CP049015.1 Citrobacter freundii ATCC 8090 = MTCC 1658 = NBRC 12681 strain ATCC 8090 chromosome, complete genome",Citrobacter freundii
MI_KPC_580,2445006,369195906,151,61.5326,klebsiella,11,fail,pass,58.0,169.8 Mbp,1172473.0,151,144.85259191469655,71.39157580951101,40-151,pass,183844.0,5705075.0,69.0,PASS,99.07,88.51,85.92,"NZ_KN046818.1 Klebsiella pneumoniae strain ATCC 13883 scaffold1, whole genome shotgun sequence",Klebsiella pneumoniae
MI_KPC_581,12686206,1915617106,151,319.27,ecloacae,544,fail,pass,55.0,879.8 Mbp,6114863.0,151,143.89958123346344,41.22370525973099,40-151,pass,295539.0,5153709.0,68.0,PASS,95.26,86.36,75.65,"NZ_CP017186.1 Enterobacter hormaechei subsp. hoffmannii strain DSM 14563 chromosome, complete genome",Enterobacter hormaechei
MI_KPC_582,13136238,1983571938,151,330.595,ecloacae,92,fail,pass,55.0,915.2 Mbp,6346933.0,151,144.22927987423216,39.857931854053504,40-151,pass,295247.0,4901085.0,34.0,PASS,95.26,86.36,80.27,"NZ_CP017186.1 Enterobacter hormaechei subsp. hoffmannii strain DSM 14563 chromosome, complete genome",Enterobacter hormaechei
MI_KPC_583,15387718,2323545418,151,387.258,ecloacae,855,fail,pass,55.0,1 Gbp,7391244.0,151,143.82805844320657,37.022196705528174,40-151,pass,211144.0,4985556.0,71.0,PASS,99.01,87.61,83.8,"NZ_CP017181.1 Enterobacter kobei strain DSM 13645 chromosome, complete genome",Enterobacter kobei
MI_KPC_584,18391604,2777132204,151,462.855,klebsiella,258,fail,pass,57.0,1.2 Gbp,8838802.0,151,144.2057687229559,35.680223928100936,40-151,pass,128659.0,5538596.0,97.0,PASS,99.01,86.1,85.8,"NZ_KN046818.1 Klebsiella pneumoniae strain ATCC 13883 scaffold1, whole genome shotgun sequence",Klebsiella pneumoniae
MI_KPC_585,17240518,2603318218,151,433.886,koxytoca,146,fail,pass,56.0,1.1 Gbp,8315539.0,151,144.28801632702343,38.28177283092224,40-151,pass,160495.0,6124296.0,93.0,PASS,98.63,85.46,84.43,"NZ_PRDB01000030.1 Klebsiella michiganensis strain DSM 25444 map unlocalized plasmid unnamed1 contig_30, whole genome shotgun sequence",Klebsiella michiganensis
MI_KPC_586,8130866,1227760766,151,204.627,ecoli_achtman_4,410,fail,pass,51.0,563.9 Mbp,3944323.0,151,142.98918496279336,49.70176405212492,40-151,pass,125630.0,5213827.0,160.0,PASS,96.3,79.78,68.58,"NZ_CP033092.2 Escherichia coli DSM 30083 = JCM 1649 = ATCC 11775 chromosome, complete genome",Escherichia coli
MI_KPC_587,9675226,1460959126,151,243.493,klebsiella,11,fail,pass,57.0,672.9 Mbp,4660562.0,151,144.41944083138472,47.7579670910451,40-151,pass,198141.0,5777105.0,90.0,PASS,99.06,88.54,84.41,"NZ_KN046818.1 Klebsiella pneumoniae strain ATCC 13883 scaffold1, whole genome shotgun sequence",Klebsiella pneumoniae
MI_KPC_588,21513156,3248486556,151,541.414,klebsiella,234,fail,pass,57.0,1.4 Gbp,10300684.0,151,143.98277599817644,34.23673599195064,40-151,pass,281256.0,5598145.0,54.0,PASS,99.01,87.89,86.08,"NZ_KN046818.1 Klebsiella pneumoniae strain ATCC 13883 scaffold1, whole genome shotgun sequence",Klebsiella pneumoniae
MI_KPC_589,11138192,1681866992,151,280.311,klebsiella,258,fail,pass,57.0,772 Mbp,5345731.0,151,144.45204182552396,44.62148457480954,40-151,pass,129409.0,5688500.0,92.0,PASS,98.96,85.34,82.51,"NZ_KN046818.1 Klebsiella pneumoniae strain ATCC 13883 scaffold1, whole genome shotgun sequence",Klebsiella pneumoniae
MI_KPC_58,12735234,1923020334,151,320.503,cfreundii,396,fail,pass,52.0,845.8 Mbp,6114304.0,151,138.35791105578002,42.84591221546712,40-151,pass,158385.0,5621484.0,91.0,PASS,98.88,88.74,77.44,"NZ_CP049015.1 Citrobacter freundii ATCC 8090 = MTCC 1658 = NBRC 12681 strain ATCC 8090 chromosome, complete genome",Citrobacter freundii
MI_KPC_590,11950094,1804464194,151,300.744,klebsiella,14,fail,pass,57.0,827.1 Mbp,5754166.0,151,143.76915977050368,44.72168988751218,40-151,pass,183658.0,5598489.0,85.0,PASS,98.9,84.71,83.21,"NZ_KN046818.1 Klebsiella pneumoniae strain ATCC 13883 scaffold1, whole genome shotgun sequence",Klebsiella pneumoniae
MI_KPC_591,12285510,1855112010,151,309.185,klebsiella,11,fail,pass,57.0,838.6 Mbp,5883514.0,151,142.56622521846637,45.65253709204548,40-151,pass,185395.0,5660448.0,100.0,PASS,99.06,89.09,86.53,"NZ_KN046818.1 Klebsiella pneumoniae strain ATCC 13883 scaffold1, whole genome shotgun sequence",Klebsiella pneumoniae
MI_KPC_592,17156930,2590696430,151,431.783,koxytoca,135,fail,pass,55.0,1.1 Gbp,8153223.0,151,143.65113881958092,41.04996133411546,40-151,pass,103943.0,6516228.0,143.0,PASS,98.57,87.07,80.94,"NZ_PRDB01000030.1 Klebsiella michiganensis strain DSM 25444 map unlocalized plasmid unnamed1 contig_30, whole genome shotgun sequence",Klebsiella michiganensis
MI_KPC_593,19971098,3015635798,151,502.606,klebsiella,13,fail,pass,57.0,1.3 Gbp,9256762.0,151,145.82943063676046,35.28449932332695,40-151,pass,178390.0,5447896.0,82.0,PASS,99.0,85.68,85.84,"NZ_KN046818.1 Klebsiella pneumoniae strain ATCC 13883 scaffold1, whole genome shotgun sequence",Klebsiella pneumoniae
MI_KPC_594,22822782,3446240082,151,574.373,klebsiella,1109,fail,pass,58.0,1.5 Gbp,10756004.0,151,145.8069304362475,34.16110066559409,40-151,pass,240331.0,5502217.0,86.0,PASS,98.84,86.59,84.1,"NZ_KN046818.1 Klebsiella pneumoniae strain ATCC 13883 scaffold1, whole genome shotgun sequence",Klebsiella pneumoniae
MI_KPC_595,13116706,1980622606,151,330.104,klebsiella,29,fail,pass,57.0,892.9 Mbp,6124770.0,151,145.82814783249003,42.82870032820868,40-151,pass,268332.0,5592230.0,71.0,PASS,99.07,85.63,84.19,"NZ_KN046818.1 Klebsiella pneumoniae strain ATCC 13883 scaffold1, whole genome shotgun sequence",Klebsiella pneumoniae
MI_KPC_596,21831630,3296576130,151,549.429,klebsiella,258,fail,pass,57.0,1.4 Gbp,10244986.0,151,145.95031208436987,35.23862247726634,40-151,pass,109649.0,6541470.0,639.0,FAIL,98.89,35.51,13.26,"NZ_KB944588.1 Enterococcus faecalis ATCC 19433 acAqW-supercont1.1, whole genome shotgun sequence",Enterococcus faecalis
MI_KPC_597,18928232,2858163032,151,476.361,klebsiella,258,fail,pass,56.0,1.2 Gbp,8780815.0,151,145.78497815977218,35.589008853331244,40-151,pass,142206.0,5649707.0,104.0,PASS,99.0,85.72,83.1,"NZ_KN046818.1 Klebsiella pneumoniae strain ATCC 13883 scaffold1, whole genome shotgun sequence",Klebsiella pneumoniae
MI_KPC_598,20237490,3055860990,151,509.31,ecloacae,303,fail,pass,55.0,1.3 Gbp,9530140.0,151,145.68561101935543,35.34731483485521,40-151,pass,279763.0,5313095.0,340.0,PASS,95.38,86.6,62.52,"NZ_CP017186.1 Enterobacter hormaechei subsp. hoffmannii strain DSM 14563 chromosome, complete genome",Enterobacter hormaechei
MI_KPC_599,32170146,4857692046,151,809.615,klebsiella,459,fail,pass,57.0,2.1 Gbp,15194621.0,151,143.08949950117216,29.94224202162527,40-151,pass,144712.0,5993446.0,343.0,PASS,98.7,88.83,79.75,"NZ_KN046818.1 Klebsiella pneumoniae strain ATCC 13883 scaffold1, whole genome shotgun sequence",Klebsiella pneumoniae
MI_KPC_59,19866840,2999892840,151,499.982,ecloacae,1926,fail,pass,55.0,1.3 Gbp,9567087.0,151,139.58533773132825,33.37896894940479,40-151,pass,325258.0,5077227.0,61.0,PASS,98.51,89.66,85.92,"NZ_CP017184.1 Enterobacter roggenkampii strain DSM 16690 chromosome, complete genome",Enterobacter roggenkampii
MI_KPC_5,18639836,2814615236,151,469.103,klebsiella,11,fail,pass,58.0,853.9 Mbp,8536429.0,97,100.05834875449676,38.55072267077704,40-151,pass,172850.0,5516904.0,77.0,PASS,99.13,88.35,88.7,"NZ_KN046818.1 Klebsiella pneumoniae strain ATCC 13883 scaffold1, whole genome shotgun sequence",Klebsiella pneumoniae
MI_KPC_600,21640704,3267746304,151,544.624,klebsiella,11,fail,pass,58.0,1.4 Gbp,9988210.0,151,145.87061926010767,34.814015101814974,40-151,pass,185395.0,5648866.0,76.0,PASS,99.0,88.89,86.53,"NZ_KN046818.1 Klebsiella pneumoniae strain ATCC 13883 scaffold1, whole genome shotgun sequence",Klebsiella pneumoniae
MI_KPC_601,23818542,3596599842,151,599.433,koxytoca,226,fail,pass,55.0,1.6 Gbp,11133493.0,151,145.61022268572856,34.82717640421951,40-151,pass,116792.0,6826152.0,236.0,PASS,98.54,89.23,73.57,"NZ_PRDB01000030.1 Klebsiella michiganensis strain DSM 25444 map unlocalized plasmid unnamed1 contig_30, whole genome shotgun sequence",Klebsiella michiganensis
MI_KPC_602,18598854,2808426954,151,468.071,klebsiella,219,fail,pass,57.0,1.2 Gbp,8591420.0,151,145.55939181183086,38.687754744914606,40-151,pass,144938.0,5967216.0,201.0,PASS,98.98,87.31,80.11,"NZ_KN046818.1 Klebsiella pneumoniae strain ATCC 13883 scaffold1, whole genome shotgun sequence",Klebsiella pneumoniae
MI_KPC_603,14500818,2189623518,151,364.937,klebsiella,11,fail,pass,57.0,986.5 Mbp,6771355.0,151,145.72714220418217,41.33957643975782,40-151,pass,185395.0,5678523.0,103.0,PASS,99.07,88.99,86.37,"NZ_KN046818.1 Klebsiella pneumoniae strain ATCC 13883 scaffold1, whole genome shotgun sequence",Klebsiella pneumoniae
MI_KPC_604,17950014,2710452114,151,451.742,klebsiella,678,fail,pass,57.0,1.2 Gbp,8448521.0,151,145.8411311281584,36.89694355602981,40-151,pass,192261.0,5742265.0,113.0,PASS,99.07,84.72,81.22,"NZ_KN046818.1 Klebsiella pneumoniae strain ATCC 13883 scaffold1, whole genome shotgun sequence",Klebsiella pneumoniae
MI_KPC_605,20536310,3100982810,151,516.83,klebsiella,17,fail,pass,58.0,1.4 Gbp,9610460.0,151,145.8279936652356,37.120419480536185,40-151,pass,102707.0,6222745.0,271.0,PASS,98.99,86.85,76.83,"NZ_KN046818.1 Klebsiella pneumoniae strain ATCC 13883 scaffold1, whole genome shotgun sequence",Klebsiella pneumoniae
MI_KPC_606,16792408,2535653608,151,422.609,ecloacae,855,fail,pass,55.0,1.1 Gbp,7801537.0,151,145.70543778745136,37.412444820066106,40-151,pass,239385.0,5400370.0,404.0,PASS,98.75,87.32,66.09,"NZ_CP017181.1 Enterobacter kobei strain DSM 13645 chromosome, complete genome",Enterobacter kobei
MI_KPC_607,33393546,5042425446,151,840.404,klebsiella,160,fail,pass,57.0,2.2 Gbp,15893716.0,151,142.93101267192645,27.267124234262784,40-151,pass,187301.0,5576096.0,82.0,PASS,98.9,84.83,83.67,"NZ_KN046818.1 Klebsiella pneumoniae strain ATCC 13883 scaffold1, whole genome shotgun sequence",Klebsiella pneumoniae
MI_KPC_608,49713672,7506764472,151,1251.13,klebsiella,258,fail,pass,58.0,3.3 Gbp,23579915.0,151,142.25166994876784,22.00419186173894,40-151,pass,137373.0,5489030.0,90.0,PASS,99.01,86.27,86.54,"NZ_KN046818.1 Klebsiella pneumoniae strain ATCC 13883 scaffold1, whole genome shotgun sequence",Klebsiella pneumoniae
MI_KPC_609,16617760,2509281760,151,418.214,klebsiella,13,fail,pass,57.0,1.1 Gbp,8056371.0,151,139.5963747200818,37.27600579728087,40-151,pass,201280.0,5416505.0,56.0,PASS,99.08,85.38,87.22,"NZ_KN046818.1 Klebsiella pneumoniae strain ATCC 13883 scaffold1, whole genome shotgun sequence",Klebsiella pneumoniae
MI_KPC_60,16617844,2509294444,151,418.216,koxytoca,-,fail,pass,55.0,1.1 Gbp,7948748.0,151,139.49050202623104,39.47824744246683,40-151,pass,164270.0,6325281.0,126.0,PASS,97.95,82.6,80.42,"NZ_PRDB01000030.1 Klebsiella michiganensis strain DSM 25444 map unlocalized plasmid unnamed1 contig_30, whole genome shotgun sequence",Klebsiella michiganensis
MI_KPC_610,17455644,2635802244,151,439.3,klebsiella,258,fail,pass,57.0,1.1 Gbp,8318778.0,151,139.02942836075204,38.21419341772409,40-151,pass,152204.0,5710452.0,81.0,PASS,98.91,89.08,86.22,"NZ_KN046818.1 Klebsiella pneumoniae strain ATCC 13883 scaffold1, whole genome shotgun sequence",Klebsiella pneumoniae
MI_KPC_611,12484622,1885177922,151,314.196,ecloacae,855,fail,pass,55.0,843.9 Mbp,6059761.0,151,139.28845510573768,39.87413319331228,40-151,pass,186258.0,4936573.0,63.0,PASS,99.01,87.21,84.58,"NZ_CP017181.1 Enterobacter kobei strain DSM 13645 chromosome, complete genome",Enterobacter kobei
MI_KPC_612,18542322,2799890622,151,466.648,klebsiella,678,fail,pass,57.0,1.2 Gbp,8984283.0,151,139.0097535885724,35.955569409088234,40-151,pass,169641.0,5738377.0,128.0,PASS,99.06,84.65,81.5,"NZ_KN046818.1 Klebsiella pneumoniae strain ATCC 13883 scaffold1, whole genome shotgun sequence",Klebsiella pneumoniae
MI_KPC_613,21684208,3274315408,151,545.719,klebsiella,13,fail,pass,57.0,1.4 Gbp,10339196.0,151,139.4669584559573,33.47979709338679,40-151,pass,222673.0,5418073.0,53.0,PASS,99.02,85.35,87.14,"NZ_KN046818.1 Klebsiella pneumoniae strain ATCC 13883 scaffold1, whole genome shotgun sequence",Klebsiella pneumoniae
MI_KPC_614,14032482,2118904782,151,353.151,ecoli_achtman_4,648,fail,pass,50.0,937.4 Mbp,6831218.0,151,137.2456758077403,40.9239930490885,40-151,pass,127803.0,5253842.0,115.0,PASS,97.2,83.29,76.93,"NZ_CP033092.2 Escherichia coli DSM 30083 = JCM 1649 = ATCC 11775 chromosome, complete genome",Escherichia coli
MI_KPC_615,25507278,3851598978,151,641.933,klebsiella,258,fail,pass,57.0,1.7 Gbp,12351938.0,151,139.966542173382,30.442594930211246,40-151,pass,137373.0,5476438.0,81.0,PASS,98.9,86.29,87.04,"NZ_KN046818.1 Klebsiella pneumoniae strain ATCC 13883 scaffold1, whole genome shotgun sequence",Klebsiella pneumoniae
MI_KPC_616,16678764,2518493364,151,419.749,cfreundii,22,fail,pass,52.0,1.1 Gbp,8089401.0,151,138.4156028363534,36.94694285267474,40-151,pass,109593.0,5277714.0,99.0,PASS,98.83,89.78,81.26,"NZ_CP049015.1 Citrobacter freundii ATCC 8090 = MTCC 1658 = NBRC 12681 strain ATCC 8090 chromosome, complete genome",Citrobacter freundii
MI_KPC_617,13310002,2009810302,151,334.968,ecloacae,93,fail,pass,55.0,855 Mbp,6233238.0,151,137.20043274458635,43.68276966287239,40-151,pass,273986.0,5251051.0,57.0,PASS,95.52,86.13,74.8,"NZ_CP017186.1 Enterobacter hormaechei subsp. hoffmannii strain DSM 14563 chromosome, complete genome",Enterobacter hormaechei
MI_KPC_618,16457738,2485118438,151,414.186,klebsiella,11,fail,pass,57.0,1 Gbp,7949024.0,151,138.2466564448667,39.91588673026573,40-151,pass,184841.0,5714083.0,80.0,PASS,99.07,88.48,85.33,"NZ_KN046818.1 Klebsiella pneumoniae strain ATCC 13883 scaffold1, whole genome shotgun sequence",Klebsiella pneumoniae
MI_KPC_619,13829688,2088282888,151,348.047,ecloacae,78,fail,pass,55.0,920.1 Mbp,6692164.0,151,137.52419307117995,40.25177563708947,40-151,pass,167492.0,4862651.0,60.0,PASS,98.82,90.66,83.37,"NZ_CP017186.1 Enterobacter hormaechei subsp. hoffmannii strain DSM 14563 chromosome, complete genome",Enterobacter hormaechei
MI_KPC_61,17440222,2633473522,151,438.912,koxytoca,-,fail,pass,55.0,1.1 Gbp,8293430.0,151,139.7108918746526,38.25695836927317,40-151,pass,164270.0,6375693.0,132.0,PASS,97.9,82.39,79.65,"NZ_PRDB01000030.1 Klebsiella michiganensis strain DSM 25444 map unlocalized plasmid unnamed1 contig_30, whole genome shotgun sequence",Klebsiella michiganensis
MI_KPC_620,11828136,1786048536,151,297.675,ecoli_achtman_4,38,fail,pass,51.0,784.2 Mbp,5719217.0,151,137.13846703141357,44.5811780097326,40-151,pass,125028.0,5414224.0,131.0,PASS,96.65,81.56,73.48,"NZ_CP033092.2 Escherichia coli DSM 30083 = JCM 1649 = ATCC 11775 chromosome, complete genome",Escherichia coli
MI_KPC_621,17075592,2578414392,151,429.736,ecoli_achtman_4,131,fail,pass,51.0,1.1 Gbp,8263699.0,151,137.9987667750241,36.72586314693881,40-151,pass,218227.0,5061848.0,98.0,PASS,97.91,86.22,81.79,"NZ_CP033092.2 Escherichia coli DSM 30083 = JCM 1649 = ATCC 11775 chromosome, complete genome",Escherichia coli
MI_KPC_622,17116518,2584594218,151,430.766,klebsiella,11,fail,pass,58.0,1.1 Gbp,8234353.0,151,139.82548088477623,37.17460723216712,40-151,pass,196867.0,5601715.0,75.0,PASS,99.02,88.94,87.8,"NZ_KN046818.1 Klebsiella pneumoniae strain ATCC 13883 scaffold1, whole genome shotgun sequence",Klebsiella pneumoniae
MI_KPC_623,17419732,2630379532,151,438.397,klebsiella,2118,fail,pass,58.0,1.1 Gbp,8278992.0,151,139.44235783776577,36.76298374010607,40-151,pass,218234.0,5333889.0,50.0,PASS,99.08,86.07,89.12,"NZ_KN046818.1 Klebsiella pneumoniae strain ATCC 13883 scaffold1, whole genome shotgun sequence",Klebsiella pneumoniae
MI_KPC_624,12047312,1819144112,151,303.191,ecloacae,93,fail,pass,55.0,801.4 Mbp,5869111.0,151,136.56702147906216,44.948242668189806,40-151,pass,251830.0,5064047.0,142.0,PASS,95.26,85.8,68.66,"NZ_CP017186.1 Enterobacter hormaechei subsp. hoffmannii strain DSM 14563 chromosome, complete genome",Enterobacter hormaechei
MI_KPC_625,12915610,1950257110,151,325.043,koxytoca,-,fail,pass,56.0,857.3 Mbp,6136283.0,151,139.7331347005997,44.013060002310326,40-151,pass,157019.0,6228096.0,88.0,PASS,98.6,86.99,85.01,"NZ_PRDB01000030.1 Klebsiella michiganensis strain DSM 25444 map unlocalized plasmid unnamed1 contig_30, whole genome shotgun sequence",Klebsiella michiganensis
MI_KPC_626,19305750,2915168250,151,485.861,ecloacae,421,fail,pass,55.0,1.3 Gbp,9363597.0,151,139.03691551441182,33.119553054652165,40-151,pass,231917.0,4866891.0,57.0,PASS,95.52,86.81,80.9,"NZ_CP017186.1 Enterobacter hormaechei subsp. hoffmannii strain DSM 14563 chromosome, complete genome",Enterobacter hormaechei
MI_KPC_627,18077278,2729668978,151,454.945,cfreundii,758,fail,pass,53.0,1.2 Gbp,8749507.0,151,139.03457463374792,35.107908977282335,40-151,pass,152289.0,5248577.0,102.0,PASS,98.98,86.64,81.59,"NZ_AP024585.1 Citrobacter amalonaticus strain JCM 1661 chromosome, complete genome",Citrobacter amalonaticus
MI_KPC_628,19402946,2929844846,151,488.307,klebsiella,11,fail,pass,57.0,1.2 Gbp,9358722.0,151,138.79976283086515,36.60931889446835,40-151,pass,203699.0,5743686.0,68.0,PASS,99.08,88.47,84.97,"NZ_KN046818.1 Klebsiella pneumoniae strain ATCC 13883 scaffold1, whole genome shotgun sequence",Klebsiella pneumoniae
MI_KPC_629,14776584,2231264184,151,371.877,ecloacae,421,fail,pass,55.0,989.2 Mbp,7146466.0,151,138.443049053896,38.75368971111063,40-151,pass,179628.0,5124169.0,79.0,PASS,95.56,86.93,77.44,"NZ_CP017186.1 Enterobacter hormaechei subsp. hoffmannii strain DSM 14563 chromosome, complete genome",Enterobacter hormaechei
MI_KPC_62,17262106,2606578006,151,434.43,cfreundii,396,fail,pass,52.0,1.1 Gbp,8299293.0,151,138.50422993862247,36.74779660262587,40-151,pass,158381.0,5443724.0,81.0,PASS,98.88,88.88,80.04,"NZ_CP049015.1 Citrobacter freundii ATCC 8090 = MTCC 1658 = NBRC 12681 strain ATCC 8090 chromosome, complete genome",Citrobacter freundii
MI_KPC_630,15569282,2350961582,151,391.827,ecoli_achtman_4,1193,fail,pass,51.0,1 Gbp,7553167.0,151,138.39886434392355,37.841172157772064,40-151,pass,197093.0,5188001.0,87.0,PASS,98.69,87.97,82.82,"NZ_CP033092.2 Escherichia coli DSM 30083 = JCM 1649 = ATCC 11775 chromosome, complete genome",Escherichia coli
MI_KPC_631,18788384,2837045984,151,472.841,cfreundii,-,fail,pass,52.0,1.2 Gbp,9126429.0,151,138.01033372417623,46.32462782519866,40-151,pass,19325.0,9917303.0,953.0,FAIL,97.94,87.84,42.58,"NZ_CP049015.1 Citrobacter freundii ATCC 8090 = MTCC 1658 = NBRC 12681 strain ATCC 8090 chromosome, complete genome",Citrobacter freundii
MI_KPC_632,19451062,2937110362,151,489.518,ecloacae,477,fail,pass,55.0,1.3 Gbp,9412498.0,151,138.81146131452033,33.7006160655293,40-151,pass,239737.0,4990564.0,44.0,PASS,98.63,80.87,88.06,"NC_014121.1 Enterobacter cloacae subsp. cloacae ATCC 13047, complete sequence",Enterobacter cloacae
MI_KPC_633,13738412,2074500212,151,345.75,klebsiella,6757,fail,pass,57.0,925 Mbp,6639870.0,151,139.3391777248651,41.066233390097935,40-151,pass,238260.0,5402066.0,52.0,PASS,99.03,84.89,86.9,"NZ_KN046818.1 Klebsiella pneumoniae strain ATCC 13883 scaffold1, whole genome shotgun sequence",Klebsiella pneumoniae
MI_KPC_634,19053534,2877083634,151,479.514,kaerogenes,-,fail,pass,55.0,1.2 Gbp,9230707.0,151,139.8711304562045,34.6709548815879,40-151,pass,235736.0,5253512.0,51.0,PASS,98.77,88.87,87.66,"NC_015663.1 Klebsiella aerogenes KCTC 2190, complete sequence",Klebsiella aerogenes
MI_KPC_635,20782080,3138094080,151,523.016,klebsiella,11,fail,pass,57.0,1.4 Gbp,10060362.0,151,139.674011233393,34.5911168131286,40-151,pass,185395.0,5654936.0,102.0,PASS,99.08,88.99,86.95,"NZ_KN046818.1 Klebsiella pneumoniae strain ATCC 13883 scaffold1, whole genome shotgun sequence",Klebsiella pneumoniae
MI_KPC_636,16005006,2416755906,151,402.793,klebsiella,13,fail,pass,57.0,1 Gbp,7604497.0,151,139.36436256073216,38.54520545833974,40-151,pass,201885.0,5473421.0,58.0,PASS,99.02,85.81,86.75,"NZ_KN046818.1 Klebsiella pneumoniae strain ATCC 13883 scaffold1, whole genome shotgun sequence",Klebsiella pneumoniae
MI_KPC_637,19042564,2875427164,151,479.238,klebsiella,502,fail,pass,57.0,1.2 Gbp,9222087.0,151,138.8326628235019,35.595074141121,40-151,pass,147841.0,5505067.0,127.0,PASS,99.06,81.75,81.94,"NZ_KN046818.1 Klebsiella pneumoniae strain ATCC 13883 scaffold1, whole genome shotgun sequence",Klebsiella pneumoniae
MI_KPC_638,15221720,2298479720,151,383.08,klebsiella,14,fail,pass,57.0,1 Gbp,7333860.0,151,139.12876002541637,40.565067087065614,40-151,pass,183658.0,5586821.0,78.0,PASS,99.02,84.67,83.61,"NZ_KN046818.1 Klebsiella pneumoniae strain ATCC 13883 scaffold1, whole genome shotgun sequence",Klebsiella pneumoniae
MI_KPC_639,11410832,1723035632,151,287.173,ecloacae,597,fail,pass,55.0,763.6 Mbp,5491761.0,151,139.07918989919628,43.63240148117893,40-151,pass,311011.0,4984915.0,81.0,PASS,95.26,86.31,75.55,"NZ_CP017186.1 Enterobacter hormaechei subsp. hoffmannii strain DSM 14563 chromosome, complete genome",Enterobacter hormaechei
MI_KPC_63,15804132,2386423932,151,397.737,klebsiella,258,fail,pass,64.0,1 Gbp,7519659.0,151,141.42999596125304,51.59780090046105,40-151,pass,143337.0,12519790.0,309.0,FAIL,99.34,95.06,47.74,"NZ_LN831024.1 Pseudomonas aeruginosa strain NCTC10332 chromosome 1, complete sequence",Pseudomonas aeruginosa
MI_KPC_640,11419084,1724281684,151,287.38,klebsiella,234,fail,pass,57.0,765.8 Mbp,5481874.0,151,139.73027070669627,45.16228016097201,40-151,pass,281256.0,5594988.0,57.0,PASS,99.08,87.87,86.69,"NZ_KN046818.1 Klebsiella pneumoniae strain ATCC 13883 scaffold1, whole genome shotgun sequence",Klebsiella pneumoniae
MI_KPC_641,17789664,2686239264,151,447.707,klebsiella,11,fail,pass,57.0,1.1 Gbp,8494319.0,151,139.0500083644139,37.70446333725795,40-151,pass,185395.0,5664734.0,105.0,PASS,99.12,89.02,86.81,"NZ_KN046818.1 Klebsiella pneumoniae strain ATCC 13883 scaffold1, whole genome shotgun sequence",Klebsiella pneumoniae
MI_KPC_642,13507500,2039632500,151,339.939,klebsiella,258,fail,pass,57.0,894.7 Mbp,6446170.0,151,138.82769256783484,42.51256872557505,40-151,pass,137349.0,5615446.0,82.0,PASS,99.0,86.71,85.07,"NZ_KN046818.1 Klebsiella pneumoniae strain ATCC 13883 scaffold1, whole genome shotgun sequence",Klebsiella pneumoniae
MI_KPC_643,15154304,2288299904,151,381.383,klebsiella,258,fail,pass,57.0,1 Gbp,7291627.0,151,138.92447488057192,40.26816768721584,40-151,pass,126381.0,5540727.0,97.0,PASS,98.95,85.85,85.24,"NZ_KN046818.1 Klebsiella pneumoniae strain ATCC 13883 scaffold1, whole genome shotgun sequence",Klebsiella pneumoniae
MI_KPC_644,15286632,2308281432,151,384.714,klebsiella,-,fail,pass,57.0,1 Gbp,7307373.0,151,139.16544084994703,39.75323487980253,40-151,pass,170778.0,5550641.0,89.0,PASS,99.0,85.26,84.65,"NZ_KN046818.1 Klebsiella pneumoniae strain ATCC 13883 scaffold1, whole genome shotgun sequence",Klebsiella pneumoniae
MI_KPC_645,16339490,2467262990,151,411.211,klebsiella,258,fail,pass,57.0,1 Gbp,7870772.0,151,139.32136529936326,38.785197544783486,40-151,pass,137373.0,5614582.0,80.0,PASS,99.0,86.7,85.29,"NZ_KN046818.1 Klebsiella pneumoniae strain ATCC 13883 scaffold1, whole genome shotgun sequence",Klebsiella pneumoniae
MI_KPC_646,10541812,1591813612,151,265.302,klebsiella,111,fail,pass,57.0,700.7 Mbp,5045537.0,151,138.8977575627728,46.89232994687569,40-151,pass,170782.0,5474062.0,87.0,PASS,98.89,84.88,85.43,"NZ_KN046818.1 Klebsiella pneumoniae strain ATCC 13883 scaffold1, whole genome shotgun sequence",Klebsiella pneumoniae
MI_KPC_647,13456410,2031917910,151,338.653,koxytoca,85,fail,pass,56.0,898.1 Mbp,6439052.0,151,139.5003849945613,44.673295615222166,40-151,pass,150125.0,6216560.0,96.0,PASS,98.53,85.98,82.92,"NZ_PRDB01000030.1 Klebsiella michiganensis strain DSM 25444 map unlocalized plasmid unnamed1 contig_30, whole genome shotgun sequence",Klebsiella michiganensis
MI_KPC_648,10077486,1521700386,151,253.617,ecloacae,425,fail,pass,55.0,653.6 Mbp,4716543.0,151,138.60188341333895,47.56199002206045,40-151,pass,163818.0,5289777.0,124.0,PASS,98.68,91.16,74.49,"NZ_CP017186.1 Enterobacter hormaechei subsp. hoffmannii strain DSM 14563 chromosome, complete genome",Enterobacter hormaechei
MI_KPC_649,11319450,1709236950,151,284.873,koxytoca,-,fail,pass,55.0,751.6 Mbp,5410946.0,151,138.9350937895148,46.18710877152064,40-151,pass,281801.0,5737651.0,71.0,PASS,99.45,92.5,85.04,"NZ_BCYR01000001.1 Raoultella ornithinolytica NBRC 105727 = ATCC 31898 strain NBRC 105727, whole genome shotgun sequence",Raoultella ornithinolytica
MI_KPC_64,12866050,1942773550,151,323.796,cfreundii,22,fail,pass,52.0,855.1 Mbp,6164211.0,151,138.74780697805446,40.89576437686278,40-151,pass,162534.0,5155234.0,68.0,PASS,98.73,90.02,85.83,"NZ_CP049015.1 Citrobacter freundii ATCC 8090 = MTCC 1658 = NBRC 12681 strain ATCC 8090 chromosome, complete genome",Citrobacter freundii
MI_KPC_650,11356990,1714905490,151,285.818,ecloacae,171,fail,pass,55.0,760.4 Mbp,5458783.0,151,139.32259571409963,42.82854078455622,40-151,pass,272650.0,4889474.0,52.0,PASS,95.27,86.42,78.15,"NZ_CP017186.1 Enterobacter hormaechei subsp. hoffmannii strain DSM 14563 chromosome, complete genome",Enterobacter hormaechei
MI_KPC_651,17158854,2590986954,151,431.831,klebsiella,11,fail,pass,57.0,1.1 Gbp,8255849.0,151,139.4160710788194,38.4211554987869,40-151,pass,198141.0,5742457.0,68.0,PASS,99.02,88.52,85.02,"NZ_KN046818.1 Klebsiella pneumoniae strain ATCC 13883 scaffold1, whole genome shotgun sequence",Klebsiella pneumoniae
MI_KPC_652,15630668,2360230868,151,393.372,ecloacae,127,fail,pass,55.0,1 Gbp,7516280.0,151,138.63783866487145,37.69621893889623,40-151,pass,220395.0,4805152.0,73.0,PASS,95.26,85.83,77.41,"NZ_CP017186.1 Enterobacter hormaechei subsp. hoffmannii strain DSM 14563 chromosome, complete genome",Enterobacter hormaechei
MI_KPC_653,9874378,1491031078,151,248.505,cfreundii,22,fail,pass,52.0,631.7 Mbp,4568448.0,151,138.30688912295818,47.35670674061116,40-151,pass,165933.0,5297056.0,113.0,PASS,98.42,90.15,79.72,"NZ_CP049015.1 Citrobacter freundii ATCC 8090 = MTCC 1658 = NBRC 12681 strain ATCC 8090 chromosome, complete genome",Citrobacter freundii
MI_KPC_654,9940564,1501025164,151,250.171,cronobacter,6,fail,pass,54.0,660.8 Mbp,4786048.0,151,138.09628946471076,46.62448846841061,40-151,pass,322551.0,4884464.0,72.0,PASS,98.54,93.45,80.7,"UAVY01000011.1 Citrobacter koseri strain NCTC10786 genome assembly, contig: ERS513143SCcontig000011, whole genome shotgun sequence",Citrobacter koseri
MI_KPC_655,14460722,2183569022,151,363.928,ecloacae,93,fail,pass,55.0,966.4 Mbp,6981580.0,151,138.45131016188313,40.89379153823372,40-151,pass,368843.0,5369745.0,88.0,PASS,95.26,86.02,69.42,"NZ_CP017186.1 Enterobacter hormaechei subsp. hoffmannii strain DSM 14563 chromosome, complete genome",Enterobacter hormaechei
MI_KPC_656,13986702,2111992002,151,351.999,koxytoca,35,fail,pass,56.0,934.8 Mbp,6713201.0,151,139.27462100419754,44.15804341604425,40-151,pass,155848.0,6252749.0,89.0,PASS,98.88,86.04,82.06,"NZ_PRDB01000030.1 Klebsiella michiganensis strain DSM 25444 map unlocalized plasmid unnamed1 contig_30, whole genome shotgun sequence",Klebsiella michiganensis
MI_KPC_657,10928666,1650228566,151,275.038,koxytoca,43,fail,pass,56.0,725.8 Mbp,5217054.0,151,139.14255861641456,48.862030474948064,40-151,pass,239427.0,6434077.0,88.0,PASS,98.21,86.92,79.56,"NZ_PRDB01000030.1 Klebsiella michiganensis strain DSM 25444 map unlocalized plasmid unnamed1 contig_30, whole genome shotgun sequence",Klebsiella michiganensis
MI_KPC_658,15915414,2403227514,151,400.538,ecloacae,171,fail,pass,55.0,1 Gbp,7664290.0,151,138.69548947130133,37.44003760550001,40-151,pass,289509.0,4933042.0,63.0,PASS,95.39,86.56,76.85,"NZ_CP017186.1 Enterobacter hormaechei subsp. hoffmannii strain DSM 14563 chromosome, complete genome",Enterobacter hormaechei
MI_KPC_659,13722108,2072038308,151,345.34,klebsiella,11,fail,pass,57.0,906.2 Mbp,6566351.0,151,138.02613628177963,43.06147993156013,40-151,pass,198141.0,5748356.0,74.0,PASS,99.08,88.45,84.93,"NZ_KN046818.1 Klebsiella pneumoniae strain ATCC 13883 scaffold1, whole genome shotgun sequence",Klebsiella pneumoniae
MI_KPC_65,9801922,1480090222,151,246.682,koxytoca,199,fail,pass,55.0,657.6 Mbp,4688987.0,151,140.27599202130438,48.93997329758795,40-151,pass,166300.0,6190026.0,118.0,PASS,99.48,95.11,84.96,"NZ_BCZK01000001.1 Klebsiella oxytoca NBRC 105695, whole genome shotgun sequence",Klebsiella oxytoca
MI_KPC_660,13453836,2031529236,151,338.588,klebsiella,219,fail,pass,57.0,887.8 Mbp,6391792.0,151,138.92441509360756,42.36772075253693,40-151,pass,220126.0,5459175.0,56.0,PASS,99.08,83.76,84.34,"NZ_KN046818.1 Klebsiella pneumoniae strain ATCC 13883 scaffold1, whole genome shotgun sequence",Klebsiella pneumoniae
MI_KPC_661,9978134,1506698234,151,251.116,ecloacae,855,fail,pass,55.0,663.4 Mbp,4814728.0,151,137.82419526087455,46.0206280243477,40-151,pass,239385.0,4962422.0,79.0,PASS,98.84,87.33,80.44,"NZ_CP017181.1 Enterobacter kobei strain DSM 13645 chromosome, complete genome",Enterobacter kobei
MI_KPC_662,15347220,2317430220,151,386.238,klebsiella,258,fail,pass,57.0,1 Gbp,7379183.0,151,138.91124681417983,39.98831794931407,40-151,pass,137615.0,5582237.0,92.0,PASS,98.9,86.74,85.88,"NZ_KN046818.1 Klebsiella pneumoniae strain ATCC 13883 scaffold1, whole genome shotgun sequence",Klebsiella pneumoniae
MI_KPC_663,10532488,1590405688,151,265.068,klebsiella,258,fail,pass,57.0,703.2 Mbp,5050581.0,151,139.25582106296287,46.68543089102408,40-151,pass,129409.0,5565114.0,92.0,PASS,98.95,86.56,85.87,"NZ_KN046818.1 Klebsiella pneumoniae strain ATCC 13883 scaffold1, whole genome shotgun sequence",Klebsiella pneumoniae
MI_KPC_664,10586,1598486,151,0.266414,-,-,fail,pass,55.0,674.4 kbp,4950.0,151,136.27777777777777,95.17171717171718,40-151,pass,637.0,3723.0,772.0,FAIL,,,,,
MI_KPC_665,11740700,1772845700,151,295.474,cfreundii,22,fail,pass,52.0,783.6 Mbp,5664314.0,151,138.37524702903124,42.58203895774312,40-151,pass,115729.0,5756975.0,142.0,PASS,98.54,89.48,70.66,"NZ_CP049015.1 Citrobacter freundii ATCC 8090 = MTCC 1658 = NBRC 12681 strain ATCC 8090 chromosome, complete genome",Citrobacter freundii
MI_KPC_666,14601566,2204836466,151,367.473,klebsiella,1986,fail,pass,57.0,963.5 Mbp,6948296.0,151,138.69006458561927,42.17654759718502,40-151,pass,259483.0,5674465.0,64.0,PASS,99.07,91.76,88.24,"NZ_CP010523.2 Klebsiella variicola strain DSM 15968 chromosome, complete genome",Klebsiella variicola
MI_KPC_667,14588738,2202899438,151,367.15,klebsiella,234,fail,pass,57.0,936.1 Mbp,6724037.0,151,139.24241865415078,41.68935707896375,40-151,pass,281256.0,5624250.0,57.0,PASS,99.13,88.0,86.27,"NZ_KN046818.1 Klebsiella pneumoniae strain ATCC 13883 scaffold1, whole genome shotgun sequence",Klebsiella pneumoniae
MI_KPC_668,11093216,1675075616,151,279.179,klebsiella,258,fail,pass,57.0,739.6 Mbp,5320197.0,151,139.03784634290798,45.81218329842342,40-151,pass,126258.0,5653388.0,91.0,PASS,98.96,86.65,84.73,"NZ_KN046818.1 Klebsiella pneumoniae strain ATCC 13883 scaffold1, whole genome shotgun sequence",Klebsiella pneumoniae
MI_KPC_669,13201694,1993455794,151,332.243,klebsiella,11,fail,pass,57.0,881 Mbp,6316979.0,151,139.4918252854727,42.593915347643,40-151,pass,185395.0,5642270.0,113.0,PASS,99.08,88.97,86.97,"NZ_KN046818.1 Klebsiella pneumoniae strain ATCC 13883 scaffold1, whole genome shotgun sequence",Klebsiella pneumoniae
MI_KPC_66,14731364,2224435964,151,370.739,klebsiella,11,fail,pass,58.0,984.5 Mbp,7040019.0,151,139.8708813143828,40.9212779062895,40-151,pass,203714.0,5628570.0,96.0,PASS,99.01,88.57,86.65,"NZ_KN046818.1 Klebsiella pneumoniae strain ATCC 13883 scaffold1, whole genome shotgun sequence",Klebsiella pneumoniae
MI_KPC_670,10559942,1594551242,151,265.759,klebsiella,13,fail,pass,57.0,706.8 Mbp,5070714.0,151,139.42671426548608,46.03290637779596,40-151,pass,222673.0,5420837.0,57.0,PASS,99.03,85.42,87.01,"NZ_KN046818.1 Klebsiella pneumoniae strain ATCC 13883 scaffold1, whole genome shotgun sequence",Klebsiella pneumoniae
MI_KPC_671,13432314,2028279414,151,338.047,klebsiella,13,fail,pass,57.0,898.2 Mbp,6456590.0,151,139.14576998074836,41.9015181137964,40-151,pass,225062.0,5474755.0,60.0,PASS,98.97,85.93,86.54,"NZ_KN046818.1 Klebsiella pneumoniae strain ATCC 13883 scaffold1, whole genome shotgun sequence",Klebsiella pneumoniae
MI_KPC_672,10228118,1544445818,151,257.408,kaerogenes,-,fail,pass,55.0,686.3 Mbp,4931989.0,151,139.1751224505975,46.87217490795047,40-151,pass,213940.0,5617482.0,64.0,PASS,95.42,85.59,76.85,"NC_015663.1 Klebsiella aerogenes KCTC 2190, complete sequence",Klebsiella aerogenes
MI_KPC_673,12765304,1927560904,151,321.26,klebsiella,219,fail,pass,57.0,852.8 Mbp,6122591.0,151,139.3128162570389,43.23078604669031,40-151,pass,186573.0,5534847.0,64.0,PASS,99.01,85.2,84.91,"NZ_KN046818.1 Klebsiella pneumoniae strain ATCC 13883 scaffold1, whole genome shotgun sequence",Klebsiella pneumoniae
MI_KPC_674,14803600,2235343600,151,372.557,klebsiella,11,fail,pass,57.0,986 Mbp,7075770.0,151,139.37008650648622,40.97156811237648,40-151,pass,181902.0,5658366.0,97.0,PASS,99.07,88.95,86.71,"NZ_KN046818.1 Klebsiella pneumoniae strain ATCC 13883 scaffold1, whole genome shotgun sequence",Klebsiella pneumoniae
MI_KPC_675,16833830,2541908330,151,423.651,klebsiella,17,fail,pass,57.0,1.1 Gbp,8108889.0,151,139.81870118088926,37.13336697618759,40-151,pass,204863.0,5524999.0,76.0,PASS,99.18,85.46,85.18,"NZ_KN046818.1 Klebsiella pneumoniae strain ATCC 13883 scaffold1, whole genome shotgun sequence",Klebsiella pneumoniae
MI_KPC_676,9195746,1388557646,151,231.426,klebsiella,258,fail,pass,57.0,616 Mbp,4425619.0,151,139.22981146818103,49.56442439600849,40-151,pass,130430.0,5671707.0,89.0,PASS,98.95,86.47,83.13,"NZ_KN046818.1 Klebsiella pneumoniae strain ATCC 13883 scaffold1, whole genome shotgun sequence",Klebsiella pneumoniae
MI_KPC_677,14127146,2133199046,151,355.533,klebsiella,11,fail,pass,57.0,946.1 Mbp,6812616.0,151,138.90205319072732,42.3379926226584,40-151,pass,198148.0,5655969.0,108.0,PASS,99.13,89.05,86.88,"NZ_KN046818.1 Klebsiella pneumoniae strain ATCC 13883 scaffold1, whole genome shotgun sequence",Klebsiella pneumoniae
MI_KPC_678,12304726,1858013626,151,309.669,klebsiella,258,fail,pass,57.0,823.1 Mbp,5923184.0,151,138.99247634380427,44.26294748429058,40-151,pass,125953.0,5576877.0,91.0,PASS,98.88,86.66,85.77,"NZ_KN046818.1 Klebsiella pneumoniae strain ATCC 13883 scaffold1, whole genome shotgun sequence",Klebsiella pneumoniae
MI_KPC_679,10110820,1526733820,151,254.456,klebsiella,11,fail,pass,57.0,675.7 Mbp,4853206.0,151,139.2491006975595,47.98193845249697,40-151,pass,185395.0,5663260.0,104.0,PASS,99.08,88.98,86.72,"NZ_KN046818.1 Klebsiella pneumoniae strain ATCC 13883 scaffold1, whole genome shotgun sequence",Klebsiella pneumoniae
MI_KPC_67,12796116,1932213516,151,322.036,ecoli_achtman_4,90,fail,pass,51.0,860.7 Mbp,6169732.0,151,139.53746191892938,40.448905066568365,40-151,pass,189518.0,4970500.0,72.0,PASS,96.63,78.36,78.54,"NZ_CP033092.2 Escherichia coli DSM 30083 = JCM 1649 = ATCC 11775 chromosome, complete genome",Escherichia coli
MI_KPC_680,17429946,2631921846,151,438.654,klebsiella,258,fail,pass,57.0,1.1 Gbp,8366056.0,151,138.4518864086016,38.2326952437529,40-151,pass,137373.0,5614971.0,78.0,PASS,98.9,86.6,85.18,"NZ_KN046818.1 Klebsiella pneumoniae strain ATCC 13883 scaffold1, whole genome shotgun sequence",Klebsiella pneumoniae
MI_KPC_681,18567042,2803623342,151,467.271,klebsiella,219,fail,pass,57.0,1.2 Gbp,8895470.0,151,139.05958144988404,36.85750163581037,40-151,pass,203993.0,5414360.0,62.0,PASS,99.13,84.52,86.08,"NZ_KN046818.1 Klebsiella pneumoniae strain ATCC 13883 scaffold1, whole genome shotgun sequence",Klebsiella pneumoniae
MI_KPC_682,16339738,2467300438,151,411.217,klebsiella,348,fail,pass,57.0,1 Gbp,7846884.0,151,139.3538033695923,39.24417656289742,40-151,pass,322960.0,5561327.0,47.0,PASS,99.02,85.84,85.3,"NZ_KN046818.1 Klebsiella pneumoniae strain ATCC 13883 scaffold1, whole genome shotgun sequence",Klebsiella pneumoniae
MI_KPC_683,10975032,1657229832,151,276.205,klebsiella,258,fail,pass,57.0,749.8 Mbp,5177428.0,151,144.8584532706201,46.95958885263819,40-151,pass,152196.0,5593686.0,87.0,PASS,99.11,87.04,85.42,"NZ_KN046818.1 Klebsiella pneumoniae strain ATCC 13883 scaffold1, whole genome shotgun sequence",Klebsiella pneumoniae
MI_KPC_684,9632952,1454575752,151,242.429,ecloacae,269,fail,pass,55.0,659.7 Mbp,4556653.0,151,144.8092832612007,47.43619412281364,40-151,pass,192551.0,5073895.0,131.0,PASS,99.67,89.01,77.88,"NZ_MKEQ01000004.1 Enterobacter hormaechei ATCC 49162 map unlocalized plasmid pATCC_49162, whole genome shotgun sequence",Enterobacter hormaechei
MI_KPC_685,9532852,1439460652,151,239.91,klebsiella,11,fail,pass,57.0,656.2 Mbp,4529397.0,151,144.9186134489867,49.534850932012766,40-151,pass,172915.0,5695748.0,95.0,PASS,99.0,88.89,85.78,"NZ_KN046818.1 Klebsiella pneumoniae strain ATCC 13883 scaffold1, whole genome shotgun sequence",Klebsiella pneumoniae
MI_KPC_686,11580040,1748586040,151,291.431,klebsiella,15,fail,pass,57.0,787.4 Mbp,5435131.0,151,144.90374675421808,46.06661174872633,40-151,pass,135081.0,5714877.0,96.0,PASS,99.07,85.68,82.19,"NZ_KN046818.1 Klebsiella pneumoniae strain ATCC 13883 scaffold1, whole genome shotgun sequence",Klebsiella pneumoniae
MI_KPC_687,9917314,1497514414,151,249.586,klebsiella,253,fail,pass,55.0,670.4 Mbp,4641106.0,151,144.48833403072456,60.76561925401377,40-151,pass,141265.0,10759808.0,216.0,FAIL,98.88,85.02,43.47,"NZ_KN046818.1 Klebsiella pneumoniae strain ATCC 13883 scaffold1, whole genome shotgun sequence",Klebsiella pneumoniae
MI_KPC_688,13299228,2008183428,151,334.697,klebsiella,11,fail,pass,57.0,908.5 Mbp,6284952.0,151,144.58475721055626,43.61635035856835,40-151,pass,155984.0,5607052.0,93.0,PASS,99.07,88.9,87.06,"NZ_KN046818.1 Klebsiella pneumoniae strain ATCC 13883 scaffold1, whole genome shotgun sequence",Klebsiella pneumoniae
MI_KPC_689,8971394,1354680494,151,225.78,klebsiella,258,fail,pass,57.0,605.7 Mbp,4188392.0,151,144.6572233449018,51.07312229742816,40-151,pass,123725.0,5701249.0,102.0,PASS,99.0,86.45,83.08,"NZ_KN046818.1 Klebsiella pneumoniae strain ATCC 13883 scaffold1, whole genome shotgun sequence",Klebsiella pneumoniae
MI_KPC_68,14800218,2234832918,151,372.472,ecoli_achtman_4,69,fail,pass,51.0,990.4 Mbp,7121945.0,151,139.0823591027451,38.03268534947353,40-151,pass,110870.0,5178345.0,102.0,PASS,97.06,81.11,78.05,"NZ_CP033092.2 Escherichia coli DSM 30083 = JCM 1649 = ATCC 11775 chromosome, complete genome",Escherichia coli
MI_KPC_690,11755934,1775146034,151,295.858,klebsiella,268,fail,pass,57.0,802.6 Mbp,5559587.0,151,144.3903379873361,45.42249403913566,40-151,pass,185470.0,5430398.0,85.0,PASS,99.06,86.68,86.97,"NZ_KN046818.1 Klebsiella pneumoniae strain ATCC 13883 scaffold1, whole genome shotgun sequence",Klebsiella pneumoniae
MI_KPC_691,10646496,1607620896,151,267.937,klebsiella,11,fail,pass,57.0,720.8 Mbp,4969176.0,151,145.0745507907146,47.57239947765024,40-151,pass,181902.0,5660057.0,98.0,PASS,99.11,88.97,86.58,"NZ_KN046818.1 Klebsiella pneumoniae strain ATCC 13883 scaffold1, whole genome shotgun sequence",Klebsiella pneumoniae
MI_KPC_692,8720836,1316846236,151,219.474,koxytoca,-,fail,pass,55.0,594.8 Mbp,4113121.0,151,144.63549017886905,50.62031490485938,40-151,pass,255297.0,5736891.0,101.0,PASS,99.39,92.54,83.02,"NZ_BCYR01000001.1 Raoultella ornithinolytica NBRC 105727 = ATCC 31898 strain NBRC 105727, whole genome shotgun sequence",Raoultella ornithinolytica
MI_KPC_693,13284836,2006010236,151,334.335,klebsiella,11,fail,pass,57.0,912.1 Mbp,6297428.0,151,144.87283284540928,43.63000111425438,40-151,pass,203699.0,5742427.0,78.0,PASS,99.07,88.45,84.71,"NZ_KN046818.1 Klebsiella pneumoniae strain ATCC 13883 scaffold1, whole genome shotgun sequence",Klebsiella pneumoniae
MI_KPC_694,10427672,1574578472,151,262.43,klebsiella,258,fail,pass,57.0,704.9 Mbp,4869939.0,151,144.7668652523163,47.29857719669624,40-151,pass,144539.0,5539718.0,83.0,PASS,99.0,85.43,84.51,"NZ_KN046818.1 Klebsiella pneumoniae strain ATCC 13883 scaffold1, whole genome shotgun sequence",Klebsiella pneumoniae
MI_KPC_695,10550546,1593132446,151,265.522,ecloacae,1116,fail,pass,56.0,720.2 Mbp,4983194.0,151,144.56471572248643,45.78845631536051,40-151,pass,403650.0,4843415.0,70.0,PASS,95.26,86.6,76.29,"NZ_CP017186.1 Enterobacter hormaechei subsp. hoffmannii strain DSM 14563 chromosome, complete genome",Enterobacter hormaechei
MI_KPC_696,10480282,1582522582,151,263.754,ecloacae,421,fail,pass,55.0,716.8 Mbp,4958186.0,151,144.59247212589443,45.44581324413769,40-151,pass,179465.0,5072504.0,128.0,PASS,95.04,86.95,72.61,"NZ_CP017186.1 Enterobacter hormaechei subsp. hoffmannii strain DSM 14563 chromosome, complete genome",Enterobacter hormaechei
MI_KPC_697,7428858,1121757558,151,186.96,klebsiella,258,fail,pass,57.0,505.9 Mbp,3496324.0,151,144.74110694546616,53.41304198616427,40-151,pass,129470.0,5494878.0,97.0,PASS,98.96,85.66,85.44,"NZ_KN046818.1 Klebsiella pneumoniae strain ATCC 13883 scaffold1, whole genome shotgun sequence",Klebsiella pneumoniae
MI_KPC_698,9594594,1448783694,151,241.464,ecloacae,597,fail,pass,55.0,657.2 Mbp,4562206.0,151,144.08741867421156,47.74651287993161,40-151,pass,337148.0,5025732.0,155.0,PASS,95.26,85.87,70.66,"NZ_CP017186.1 Enterobacter hormaechei subsp. hoffmannii strain DSM 14563 chromosome, complete genome",Enterobacter hormaechei
MI_KPC_699,9992598,1508882298,151,251.48,klebsiella,13,fail,pass,57.0,684.5 Mbp,4730491.0,151,144.72438928643982,48.20687859779495,40-151,pass,203600.0,5433918.0,66.0,PASS,99.02,85.45,86.51,"NZ_KN046818.1 Klebsiella pneumoniae strain ATCC 13883 scaffold1, whole genome shotgun sequence",Klebsiella pneumoniae
MI_KPC_69,10163900,1534748900,151,255.791,ecloacae,171,fail,pass,55.0,699 Mbp,4925120.0,151,141.94599461535964,45.74084571791457,40-151,pass,294715.0,4954027.0,51.0,PASS,95.84,86.37,80.97,"NZ_CP017186.1 Enterobacter hormaechei subsp. hoffmannii strain DSM 14563 chromosome, complete genome",Enterobacter hormaechei
MI_KPC_6,22783108,3440249308,151,573.375,klebsiella,258,fail,pass,58.0,1 Gbp,10468960.0,102,102.28597969616848,35.291753350024266,40-151,pass,129772.0,5603719.0,106.0,PASS,99.06,86.27,85.21,"NZ_KN046818.1 Klebsiella pneumoniae strain ATCC 13883 scaffold1, whole genome shotgun sequence",Klebsiella pneumoniae
MI_KPC_700,10355084,1563617684,151,260.603,klebsiella,192,fail,pass,57.0,709.4 Mbp,4901407.0,151,144.77483485864366,48.0317220142196,40-151,pass,230785.0,5415503.0,54.0,PASS,99.07,84.29,85.33,"NZ_KN046818.1 Klebsiella pneumoniae strain ATCC 13883 scaffold1, whole genome shotgun sequence",Klebsiella pneumoniae
MI_KPC_701,7794774,1177010874,151,196.168,klebsiella,277,fail,pass,57.0,534 Mbp,3685885.0,151,144.917038377486,54.24543115277005,40-151,pass,196020.0,5821591.0,95.0,PASS,98.96,85.93,81.07,"NZ_KN046818.1 Klebsiella pneumoniae strain ATCC 13883 scaffold1, whole genome shotgun sequence",Klebsiella pneumoniae
MI_KPC_702,10723484,1619246084,151,269.874,klebsiella,502,fail,pass,56.0,733.4 Mbp,5077474.0,151,144.4764983533151,47.566326045154895,40-151,pass,150392.0,5657836.0,141.0,PASS,99.05,83.77,80.98,"NZ_KN046818.1 Klebsiella pneumoniae strain ATCC 13883 scaffold1, whole genome shotgun sequence",Klebsiella pneumoniae
MI_KPC_703,4312784,651230384,151,108.538,ypseudotuberculosis_achtman_3,-,fail,pass,59.0,290.8 Mbp,2045555.0,151,142.21363101945437,66.33309019764292,40-151,pass,376766.0,5719217.0,391.0,PASS,98.69,90.16,69.46,"NZ_VTUS01000008.1 Serratia nevei strain S15 NODE_10_length_142733_cov_62.796157, whole genome shotgun sequence",Serratia nevei
MI_KPC_704,12899382,1947806682,151,324.634,klebsiella,258,fail,pass,57.0,888.1 Mbp,6134897.0,151,144.79114906085627,44.23497967199319,40-151,pass,126359.0,5635297.0,101.0,PASS,98.95,85.41,83.23,"NZ_KN046818.1 Klebsiella pneumoniae strain ATCC 13883 scaffold1, whole genome shotgun sequence",Klebsiella pneumoniae
MI_KPC_705,11266564,1701251164,151,283.542,koxytoca,410,fail,pass,56.0,772.8 Mbp,5337453.0,151,144.81754368609896,48.58276276144943,40-151,pass,178940.0,6156250.0,99.0,PASS,98.48,88.12,83.53,"NZ_PRDB01000030.1 Klebsiella michiganensis strain DSM 25444 map unlocalized plasmid unnamed1 contig_30, whole genome shotgun sequence",Klebsiella michiganensis
MI_KPC_706,12364262,1867003562,151,311.167,klebsiella,219,fail,pass,57.0,846.6 Mbp,5849571.0,151,144.76020463722895,45.024513662653,40-151,pass,171835.0,5550566.0,76.0,PASS,99.0,85.28,84.25,"NZ_KN046818.1 Klebsiella pneumoniae strain ATCC 13883 scaffold1, whole genome shotgun sequence",Klebsiella pneumoniae
MI_KPC_707,10030252,1514568052,151,252.428,koxytoca,-,fail,pass,55.0,682.6 Mbp,4719624.0,151,144.66751800567164,47.79304075911072,40-151,pass,255314.0,5810194.0,109.0,PASS,99.23,92.55,81.76,"NZ_BCYR01000001.1 Raoultella ornithinolytica NBRC 105727 = ATCC 31898 strain NBRC 105727, whole genome shotgun sequence",Raoultella ornithinolytica
MI_KPC_708,13093010,1977044510,151,329.507,klebsiella,11,fail,pass,57.0,895.9 Mbp,6180572.0,151,144.97707380481936,43.97877169653947,40-151,pass,185377.0,5677419.0,101.0,PASS,99.07,89.01,86.24,"NZ_KN046818.1 Klebsiella pneumoniae strain ATCC 13883 scaffold1, whole genome shotgun sequence",Klebsiella pneumoniae
MI_KPC_709,12599752,1902562552,151,317.094,klebsiella,219,fail,pass,57.0,859.7 Mbp,5940288.0,151,144.75567278892876,44.39100079495066,40-151,pass,268651.0,5484891.0,62.0,PASS,99.06,83.75,83.55,"NZ_KN046818.1 Klebsiella pneumoniae strain ATCC 13883 scaffold1, whole genome shotgun sequence",Klebsiella pneumoniae
MI_KPC_70,11382192,1718710992,151,286.452,ecloacae,350,fail,pass,55.0,783.6 Mbp,5514631.0,151,142.12356910190366,41.67881812282568,40-151,pass,177129.0,4904017.0,66.0,PASS,95.47,84.89,80.1,"NZ_CP017186.1 Enterobacter hormaechei subsp. hoffmannii strain DSM 14563 chromosome, complete genome",Enterobacter hormaechei
MI_KPC_710,10573736,1596634136,151,266.106,ecloacae,597,fail,pass,55.0,722.6 Mbp,4996314.0,151,144.65627940918046,45.292629792108016,40-151,pass,326975.0,5002683.0,135.0,PASS,95.26,86.01,71.9,"NZ_CP017186.1 Enterobacter hormaechei subsp. hoffmannii strain DSM 14563 chromosome, complete genome",Enterobacter hormaechei
MI_KPC_711,12004100,1812619100,151,302.103,klebsiella,11,fail,pass,57.0,818.2 Mbp,5656295.0,151,144.69012471944976,45.155324015745954,40-151,pass,173119.0,5586611.0,87.0,PASS,99.11,88.83,87.5,"NZ_KN046818.1 Klebsiella pneumoniae strain ATCC 13883 scaffold1, whole genome shotgun sequence",Klebsiella pneumoniae
MI_KPC_712,10259274,1549150374,151,258.192,klebsiella,258,fail,pass,57.0,701.7 Mbp,4852465.0,151,144.63513595667357,48.77255994016255,40-151,pass,137371.0,5643243.0,95.0,PASS,98.95,85.31,82.56,"NZ_KN046818.1 Klebsiella pneumoniae strain ATCC 13883 scaffold1, whole genome shotgun sequence",Klebsiella pneumoniae
MI_KPC_713,10468172,1580693972,151,263.449,klebsiella,258,fail,pass,57.0,716.7 Mbp,4959395.0,151,144.54879637536433,47.75451717739406,40-151,pass,112450.0,5699686.0,113.0,PASS,99.01,86.42,83.24,"NZ_KN046818.1 Klebsiella pneumoniae strain ATCC 13883 scaffold1, whole genome shotgun sequence",Klebsiella pneumoniae
MI_KPC_714,8704428,1314368628,151,219.061,ecloacae,421,fail,pass,55.0,596 Mbp,4117616.0,151,144.78027212833834,48.93128036736643,40-151,pass,201781.0,5204024.0,137.0,PASS,95.04,86.84,70.91,"NZ_CP017186.1 Enterobacter hormaechei subsp. hoffmannii strain DSM 14563 chromosome, complete genome",Enterobacter hormaechei
MI_KPC_715,12791646,1931538546,151,321.923,klebsiella,258,fail,pass,57.0,882.5 Mbp,6093601.0,151,144.84974664406153,44.02247126566971,40-151,pass,130441.0,5587852.0,98.0,PASS,98.95,86.69,85.31,"NZ_KN046818.1 Klebsiella pneumoniae strain ATCC 13883 scaffold1, whole genome shotgun sequence",Klebsiella pneumoniae
MI_KPC_716,7971192,1203649992,151,200.608,klebsiella,11,fail,pass,57.0,546.6 Mbp,3772416.0,151,144.9153979836794,52.92630800116274,40-151,pass,203036.0,5661270.0,106.0,PASS,99.11,89.04,86.27,"NZ_KN046818.1 Klebsiella pneumoniae strain ATCC 13883 scaffold1, whole genome shotgun sequence",Klebsiella pneumoniae
MI_KPC_717,10948614,1653240714,151,275.54,ecloacae,171,fail,pass,55.0,746.7 Mbp,5165438.0,151,144.58359136243627,45.85699556775967,40-151,pass,420662.0,5165016.0,104.0,PASS,95.27,86.63,71.89,"NZ_CP017186.1 Enterobacter hormaechei subsp. hoffmannii strain DSM 14563 chromosome, complete genome",Enterobacter hormaechei
MI_KPC_718,9895772,1494261572,151,249.044,ecloacae,597,fail,pass,55.0,670.2 Mbp,4636332.0,151,144.57976995607734,47.0241250433384,40-151,pass,225195.0,5023862.0,147.0,PASS,95.26,85.98,71.36,"NZ_CP017186.1 Enterobacter hormaechei subsp. hoffmannii strain DSM 14563 chromosome, complete genome",Enterobacter hormaechei
MI_KPC_719,11817542,1784448842,151,297.408,klebsiella,15,fail,pass,57.0,810.3 Mbp,5608293.0,151,144.50699847529364,46.01503368158053,40-151,pass,150675.0,5760262.0,100.0,PASS,99.06,85.55,81.29,"NZ_KN046818.1 Klebsiella pneumoniae strain ATCC 13883 scaffold1, whole genome shotgun sequence",Klebsiella pneumoniae
MI_KPC_71,10550508,1593126708,151,265.521,ecloacae,171,fail,pass,55.0,730.6 Mbp,5124082.0,151,142.61283621144236,43.45723194900473,40-151,pass,188203.0,4915597.0,59.0,PASS,95.72,86.58,81.82,"NZ_CP017186.1 Enterobacter hormaechei subsp. hoffmannii strain DSM 14563 chromosome, complete genome",Enterobacter hormaechei
MI_KPC_720,10478094,1582192194,151,263.699,ecloacae,303,fail,pass,55.0,719.4 Mbp,4969421.0,151,144.80297563840938,46.43536689363961,40-151,pass,279917.0,5231319.0,107.0,PASS,95.42,86.69,71.18,"NZ_CP017186.1 Enterobacter hormaechei subsp. hoffmannii strain DSM 14563 chromosome, complete genome",Enterobacter hormaechei
MI_KPC_721,8031674,1212782774,151,202.13,cfreundii,114,fail,pass,52.0,550 Mbp,3810984.0,151,144.35959531711495,53.92260956869917,40-151,pass,145397.0,5762206.0,161.0,PASS,98.54,90.89,70.45,"NZ_CP049015.1 Citrobacter freundii ATCC 8090 = MTCC 1658 = NBRC 12681 strain ATCC 8090 chromosome, complete genome",Citrobacter freundii
MI_KPC_722,11568330,1746817830,151,291.136,ecloacae,78,fail,pass,55.0,789.7 Mbp,5464193.0,151,144.5486857803156,44.28987188525495,40-151,pass,314036.0,4923278.0,68.0,PASS,98.82,90.78,79.46,"NZ_CP017186.1 Enterobacter hormaechei subsp. hoffmannii strain DSM 14563 chromosome, complete genome",Enterobacter hormaechei
MI_KPC_723,10966566,1655951466,151,275.992,klebsiella,359,fail,pass,56.0,748.5 Mbp,5175865.0,151,144.63835764649966,44.7950360266392,40-151,pass,87703.0,5696011.0,135.0,PASS,98.95,83.34,79.98,"NZ_KN046818.1 Klebsiella pneumoniae strain ATCC 13883 scaffold1, whole genome shotgun sequence",Klebsiella pneumoniae
MI_KPC_724,7313250,1104300750,151,184.05,ecloacae,421,fail,pass,55.0,500.2 Mbp,3460625.0,151,144.57776933357414,52.033027870066064,40-151,pass,201789.0,5210657.0,137.0,PASS,95.15,86.67,69.74,"NZ_CP017186.1 Enterobacter hormaechei subsp. hoffmannii strain DSM 14563 chromosome, complete genome",Enterobacter hormaechei
MI_KPC_725,10030162,1514554462,151,252.426,ecloacae,171,fail,pass,54.0,690.6 Mbp,4771332.0,151,144.77978832745237,47.42214596079925,40-151,pass,273517.0,5169376.0,105.0,PASS,95.26,86.81,72.07,"NZ_CP017186.1 Enterobacter hormaechei subsp. hoffmannii strain DSM 14563 chromosome, complete genome",Enterobacter hormaechei
MI_KPC_726,8389850,1266867350,151,211.145,ecloacae,252,fail,pass,55.0,570.1 Mbp,3935276.0,151,144.90933444058308,50.13479793277702,40-151,pass,174327.0,4976057.0,110.0,PASS,97.68,79.04,77.89,"NZ_CP017990.1 Enterobacter cloacae complex sp. ECNIH7 chromosome, complete genome",Enterobacter cloacae
MI_KPC_727,13426520,2027404520,151,337.901,klebsiella,17,fail,pass,57.0,919.5 Mbp,6354685.0,151,144.73282704020735,42.67157472111855,40-151,pass,204866.0,5479081.0,87.0,PASS,99.01,85.69,85.6,"NZ_KN046818.1 Klebsiella pneumoniae strain ATCC 13883 scaffold1, whole genome shotgun sequence",Klebsiella pneumoniae
MI_KPC_728,14308294,2160552394,151,360.092,klebsiella,348,fail,pass,57.0,981.3 Mbp,6778598.0,151,144.79145687648094,41.98668214993484,40-151,pass,323279.0,5466747.0,52.0,PASS,99.06,85.95,86.17,"NZ_KN046818.1 Klebsiella pneumoniae strain ATCC 13883 scaffold1, whole genome shotgun sequence",Klebsiella pneumoniae
MI_KPC_729,12508084,1888720684,151,314.787,ecoli_achtman_4,-,fail,pass,57.0,852.3 Mbp,5990080.0,151,142.3091920308243,44.993225239437336,40-151,pass,137371.0,5894777.0,107.0,PASS,98.95,88.29,81.95,"NZ_KN046818.1 Klebsiella pneumoniae strain ATCC 13883 scaffold1, whole genome shotgun sequence",Klebsiella pneumoniae
MI_KPC_72,7574188,1143702388,151,190.617,ecloacae,242,fail,pass,55.0,517.6 Mbp,3663103.0,151,141.33939204002726,53.74894563652472,40-151,pass,123409.0,5467612.0,121.0,PASS,97.99,90.38,75.17,"NZ_AP019632.1 Enterobacter asburiae strain 1808-013 chromosome, complete genome",Enterobacter asburiae
MI_KPC_730,9317914,1407005014,151,234.501,klebsiella,258,fail,pass,57.0,633.7 Mbp,4451713.0,151,142.38481681096692,49.07628457158204,40-151,pass,144539.0,5621544.0,91.0,PASS,99.01,85.61,84.03,"NZ_KN046818.1 Klebsiella pneumoniae strain ATCC 13883 scaffold1, whole genome shotgun sequence",Klebsiella pneumoniae
MI_KPC_731,8149660,1230598660,151,205.1,klebsiella,11,fail,pass,58.0,550.6 Mbp,3879185.0,151,141.9729435435536,52.21938321029975,40-151,pass,173944.0,5653468.0,101.0,PASS,99.07,89.05,86.77,"NZ_KN046818.1 Klebsiella pneumoniae strain ATCC 13883 scaffold1, whole genome shotgun sequence",Klebsiella pneumoniae
MI_KPC_732,7877768,1189542968,151,198.257,koxytoca,29,fail,pass,55.0,533.9 Mbp,3756908.0,151,142.13280362468285,54.86576959859711,40-151,pass,166040.0,6381789.0,103.0,PASS,97.11,82.77,76.92,"NZ_PRDB01000030.1 Klebsiella michiganensis strain DSM 25444 map unlocalized plasmid unnamed1 contig_30, whole genome shotgun sequence",Klebsiella michiganensis
MI_KPC_733,11571998,1747371698,151,291.229,ecloacae,971,fail,pass,56.0,782.1 Mbp,5518713.0,151,141.75212137322598,43.472237717273536,40-151,pass,247092.0,4982144.0,94.0,PASS,98.23,87.51,79.59,"NZ_CP017184.1 Enterobacter roggenkampii strain DSM 16690 chromosome, complete genome",Enterobacter roggenkampii
MI_KPC_734,9229284,1393621884,151,232.27,ecloacae,597,fail,pass,55.0,624.8 Mbp,4410074.0,151,141.70041795217043,48.24761894217302,40-151,pass,337152.0,4955339.0,87.0,PASS,95.26,85.94,75.12,"NZ_CP017186.1 Enterobacter hormaechei subsp. hoffmannii strain DSM 14563 chromosome, complete genome",Enterobacter hormaechei
MI_KPC_735,14845988,2241744188,151,373.624,klebsiella,11,fail,pass,57.0,1 Gbp,7095270.0,151,142.3580613563684,40.94848033329711,40-151,pass,185395.0,5748966.0,75.0,PASS,99.07,88.32,84.85,"NZ_KN046818.1 Klebsiella pneumoniae strain ATCC 13883 scaffold1, whole genome shotgun sequence",Klebsiella pneumoniae
MI_KPC_736,10037666,1515687566,151,252.615,klebsiella,234,fail,pass,57.0,678.1 Mbp,4774304.0,151,142.05559930829708,48.41273714599341,40-151,pass,276119.0,5634185.0,65.0,PASS,99.07,88.0,86.02,"NZ_KN046818.1 Klebsiella pneumoniae strain ATCC 13883 scaffold1, whole genome shotgun sequence",Klebsiella pneumoniae
MI_KPC_737,13392336,2022242736,151,337.04,klebsiella,13,fail,pass,57.0,916.4 Mbp,6436983.0,151,142.3937616426826,41.5937464037136,40-151,pass,222673.0,5433126.0,68.0,PASS,99.02,85.51,86.63,"NZ_KN046818.1 Klebsiella pneumoniae strain ATCC 13883 scaffold1, whole genome shotgun sequence",Klebsiella pneumoniae
MI_KPC_738,7971372,1203677172,151,200.613,klebsiella,258,fail,pass,57.0,540.4 Mbp,3809566.0,151,141.8873640724429,52.73663093349019,40-151,pass,117136.0,5708753.0,106.0,PASS,98.95,86.47,83.1,"NZ_KN046818.1 Klebsiella pneumoniae strain ATCC 13883 scaffold1, whole genome shotgun sequence",Klebsiella pneumoniae
MI_KPC_739,9344206,1410975106,151,235.163,klebsiella,258,fail,pass,57.0,634.5 Mbp,4457230.0,151,142.37223163265077,48.40911673577745,40-151,pass,137371.0,5537293.0,86.0,PASS,99.0,85.48,84.87,"NZ_KN046818.1 Klebsiella pneumoniae strain ATCC 13883 scaffold1, whole genome shotgun sequence",Klebsiella pneumoniae
MI_KPC_73,15332040,2315138040,151,385.856,ecloacae,171,fail,pass,55.0,1 Gbp,7426250.0,151,142.40134886382765,37.858102066286094,40-151,pass,180263.0,5120536.0,79.0,PASS,95.69,86.07,78.16,"NZ_CP017186.1 Enterobacter hormaechei subsp. hoffmannii strain DSM 14563 chromosome, complete genome",Enterobacter hormaechei
MI_KPC_740,8390286,1266933186,151,211.156,cfreundii,64,fail,pass,52.0,565 Mbp,4004726.0,151,141.11688240344034,50.12431354645348,40-151,pass,128876.0,5236455.0,110.0,PASS,98.5,89.5,78.48,"NZ_CP049015.1 Citrobacter freundii ATCC 8090 = MTCC 1658 = NBRC 12681 strain ATCC 8090 chromosome, complete genome",Citrobacter freundii
MI_KPC_741,9594288,1448737488,151,241.456,klebsiella,34,fail,pass,58.0,652.8 Mbp,4580740.0,151,142.53842370446696,47.81841339910544,40-151,pass,101938.0,5286429.0,97.0,PASS,98.95,84.24,87.85,"NZ_KN046818.1 Klebsiella pneumoniae strain ATCC 13883 scaffold1, whole genome shotgun sequence",Klebsiella pneumoniae
MI_KPC_742,10849016,1638201416,151,273.034,klebsiella,6821,fail,pass,57.0,735.9 Mbp,5195293.0,151,141.68344615019788,48.13231699071444,40-151,pass,379587.0,5774343.0,82.0,PASS,99.07,85.75,81.78,"NZ_KN046818.1 Klebsiella pneumoniae strain ATCC 13883 scaffold1, whole genome shotgun sequence",Klebsiella pneumoniae
MI_KPC_743,8173252,1234161052,151,205.693,ecloacae,303,fail,pass,55.0,551.4 Mbp,3916004.0,151,140.83086406449024,51.75791067561214,40-151,pass,252966.0,5197242.0,116.0,PASS,95.26,86.63,70.89,"NZ_CP017186.1 Enterobacter hormaechei subsp. hoffmannii strain DSM 14563 chromosome, complete genome",Enterobacter hormaechei
MI_KPC_744,8450726,1276059626,151,212.677,ecloacae,117,fail,pass,55.0,574.8 Mbp,4046586.0,151,142.07378763233996,48.0332317029615,40-151,pass,446778.0,5112918.0,92.0,PASS,95.26,85.94,73.57,"NZ_CP017186.1 Enterobacter hormaechei subsp. hoffmannii strain DSM 14563 chromosome, complete genome",Enterobacter hormaechei
MI_KPC_745,7297642,1101943942,151,183.657,ecoli_achtman_4,404,fail,pass,51.0,492.1 Mbp,3486329.0,151,141.1729644563092,52.79103254530768,40-151,pass,185219.0,5395590.0,175.0,PASS,98.38,90.11,75.16,"NZ_CP033092.2 Escherichia coli DSM 30083 = JCM 1649 = ATCC 11775 chromosome, complete genome",Escherichia coli
MI_KPC_746,10712112,1617528912,151,269.588,ecloacae,78,fail,pass,55.0,726.9 Mbp,5137705.0,151,141.50372296579894,45.60707621974922,40-151,pass,237358.0,5019493.0,89.0,PASS,98.62,91.63,77.71,"NZ_CP017186.1 Enterobacter hormaechei subsp. hoffmannii strain DSM 14563 chromosome, complete genome",Enterobacter hormaechei
MI_KPC_747,9640298,1455684998,151,242.614,cfreundii,22,fail,pass,52.0,652.3 Mbp,4616711.0,151,141.32103980517732,48.87089924504532,40-151,pass,202590.0,5729224.0,114.0,PASS,98.62,90.03,72.19,"NZ_CP049015.1 Citrobacter freundii ATCC 8090 = MTCC 1658 = NBRC 12681 strain ATCC 8090 chromosome, complete genome",Citrobacter freundii
MI_KPC_748,9265552,1399098352,151,233.183,klebsiella,359,fail,pass,57.0,619.3 Mbp,4382796.0,151,141.34166454473353,49.23508086372552,40-151,pass,89424.0,5423032.0,122.0,PASS,98.95,83.19,83.99,"NZ_KN046818.1 Klebsiella pneumoniae strain ATCC 13883 scaffold1, whole genome shotgun sequence",Klebsiella pneumoniae
MI_KPC_749,11067300,1671162300,151,278.527,ecloacae,171,fail,pass,55.0,750.4 Mbp,5301084.0,151,141.58645420446084,44.07894412801768,40-151,pass,288173.0,4881443.0,71.0,PASS,95.39,86.57,77.23,"NZ_CP017186.1 Enterobacter hormaechei subsp. hoffmannii strain DSM 14563 chromosome, complete genome",Enterobacter hormaechei
MI_KPC_74,7422214,1120754314,151,186.792,cfreundii,1100,fail,pass,52.0,508 Mbp,3594611.0,151,141.34423335376206,53.50771336392018,40-151,pass,126189.0,5464325.0,134.0,PASS,98.69,89.57,78.81,"NZ_CP049015.1 Citrobacter freundii ATCC 8090 = MTCC 1658 = NBRC 12681 strain ATCC 8090 chromosome, complete genome",Citrobacter freundii
MI_KPC_750,12285018,1855037718,151,309.173,klebsiella,258,fail,pass,57.0,829.9 Mbp,5844138.0,151,142.03212312919374,43.38557132653643,40-151,pass,137801.0,5513027.0,79.0,PASS,98.96,85.41,85.39,"NZ_KN046818.1 Klebsiella pneumoniae strain ATCC 13883 scaffold1, whole genome shotgun sequence",Klebsiella pneumoniae
MI_KPC_751,9948720,1502256720,151,250.376,klebsiella,11,fail,pass,58.0,676.1 Mbp,4751972.0,151,142.31350247854996,48.45396357908877,40-151,pass,185395.0,5695290.0,94.0,PASS,99.01,88.85,86.1,"NZ_KN046818.1 Klebsiella pneumoniae strain ATCC 13883 scaffold1, whole genome shotgun sequence",Klebsiella pneumoniae
MI_KPC_752,12500566,1887585466,151,314.598,klebsiella,359,fail,pass,56.0,850.5 Mbp,5986166.0,151,142.1054427825757,41.447447441033695,40-151,pass,93692.0,5445085.0,122.0,PASS,98.9,83.09,83.89,"NZ_KN046818.1 Klebsiella pneumoniae strain ATCC 13883 scaffold1, whole genome shotgun sequence",Klebsiella pneumoniae
MI_KPC_753,8055818,1216428518,151,202.738,klebsiella,11,fail,pass,57.0,545.9 Mbp,3839630.0,151,142.2061844500642,52.39556897873433,40-151,pass,198148.0,5662720.0,95.0,PASS,99.01,88.92,86.55,"NZ_KN046818.1 Klebsiella pneumoniae strain ATCC 13883 scaffold1, whole genome shotgun sequence",Klebsiella pneumoniae
MI_KPC_754,8156498,1231631198,151,205.272,cfreundii,22,fail,pass,52.0,550.7 Mbp,3898564.0,151,141.30069328091062,52.35623723305374,40-151,pass,204759.0,5734564.0,127.0,PASS,98.54,90.04,71.87,"NZ_CP049015.1 Citrobacter freundii ATCC 8090 = MTCC 1658 = NBRC 12681 strain ATCC 8090 chromosome, complete genome",Citrobacter freundii
MI_KPC_755,10920002,1648920302,151,274.82,ecloacae,421,fail,pass,55.0,741.4 Mbp,5231209.0,151,141.7523971991943,44.76582846968678,40-151,pass,185499.0,5147751.0,116.0,PASS,95.15,86.23,72.05,"NZ_CP017186.1 Enterobacter hormaechei subsp. hoffmannii strain DSM 14563 chromosome, complete genome",Enterobacter hormaechei
MI_KPC_756,7376424,1113840024,151,185.64,ecloacae,303,fail,pass,55.0,499.5 Mbp,3530552.0,151,141.521747590745,52.73349664257899,40-151,pass,330205.0,5175326.0,90.0,PASS,95.27,86.62,71.2,"NZ_CP017186.1 Enterobacter hormaechei subsp. hoffmannii strain DSM 14563 chromosome, complete genome",Enterobacter hormaechei
MI_KPC_757,9468460,1429737460,151,238.29,ecloacae,114,fail,pass,55.0,638.8 Mbp,4517530.0,151,141.43040732435645,48.79437866739259,40-151,pass,185504.0,5289444.0,124.0,PASS,95.26,86.52,71.99,"NZ_CP017186.1 Enterobacter hormaechei subsp. hoffmannii strain DSM 14563 chromosome, complete genome",Enterobacter hormaechei
MI_KPC_758,11345894,1713229994,151,285.538,klebsiella,11,fail,pass,57.0,767.6 Mbp,5400739.0,151,142.15028776617422,45.83646809357696,40-151,pass,185395.0,5593750.0,75.0,PASS,99.06,86.06,84.81,"NZ_KN046818.1 Klebsiella pneumoniae strain ATCC 13883 scaffold1, whole genome shotgun sequence",Klebsiella pneumoniae
MI_KPC_759,10449752,1577912552,151,262.985,koxytoca,-,fail,pass,55.0,707.3 Mbp,4978678.0,151,142.08749149874726,46.76023601877958,40-151,pass,211770.0,5797383.0,92.0,PASS,99.23,92.64,83.88,"NZ_BCYR01000001.1 Raoultella ornithinolytica NBRC 105727 = ATCC 31898 strain NBRC 105727, whole genome shotgun sequence",Raoultella ornithinolytica
MI_KPC_75,150388,22708588,151,3.78476,-,-,fail,pass,58.0,7.8 Mbp,71405.0,117,110.08411175687976,93.57047825782509,40-151,pass,2123.0,88771.0,44.0,FAIL,99.68,3.55,42.7,"NZ_CP018925.1 Serratia marcescens strain UMH3 chromosome, complete genome",Serratia marcescens
MI_KPC_760,8773916,1324861316,151,220.81,klebsiella,258,fail,pass,57.0,595.1 Mbp,4183251.0,151,142.2838844716705,49.88130246129108,40-151,pass,136504.0,5485519.0,97.0,PASS,99.0,85.72,86.15,"NZ_KN046818.1 Klebsiella pneumoniae strain ATCC 13883 scaffold1, whole genome shotgun sequence",Klebsiella pneumoniae
MI_KPC_761,11101226,1676285126,151,279.381,klebsiella,6821,fail,pass,58.0,754.5 Mbp,5306369.0,151,142.21886793021744,46.13398861480722,40-151,pass,379711.0,5495865.0,58.0,PASS,99.07,85.62,85.75,"NZ_KN046818.1 Klebsiella pneumoniae strain ATCC 13883 scaffold1, whole genome shotgun sequence",Klebsiella pneumoniae
MI_KPC_762,8616238,1301051938,151,216.842,ecloacae,114,fail,pass,55.0,584.4 Mbp,4119896.0,151,141.87175064613282,48.97402523152362,40-151,pass,271227.0,5013240.0,96.0,PASS,95.27,86.73,75.36,"NZ_CP017186.1 Enterobacter hormaechei subsp. hoffmannii strain DSM 14563 chromosome, complete genome",Enterobacter hormaechei
MI_KPC_763,10885568,1643720768,151,273.953,klebsiella,11,fail,pass,58.0,739.1 Mbp,5191980.0,151,142.37614185724905,45.75580748675154,40-151,pass,191355.0,5435757.0,95.0,PASS,99.08,86.05,87.41,"NZ_KN046818.1 Klebsiella pneumoniae strain ATCC 13883 scaffold1, whole genome shotgun sequence",Klebsiella pneumoniae
MI_KPC_764,11079660,1673028660,151,278.838,klebsiella,268,fail,pass,58.0,750 Mbp,5286927.0,151,141.88238195836635,45.81578672610924,40-151,pass,198260.0,5460561.0,78.0,PASS,99.13,87.19,88.13,"NZ_KN046818.1 Klebsiella pneumoniae strain ATCC 13883 scaffold1, whole genome shotgun sequence",Klebsiella pneumoniae
MI_KPC_765,7329976,1106826376,151,184.471,ecoli_achtman_4,-,fail,pass,57.0,497.4 Mbp,3504628.0,151,141.97357437080342,50.96489942980544,40-151,pass,137377.0,5756913.0,111.0,PASS,99.07,84.95,81.24,"NZ_KN046818.1 Klebsiella pneumoniae strain ATCC 13883 scaffold1, whole genome shotgun sequence",Klebsiella pneumoniae
MI_KPC_766,10289544,1553721144,151,258.954,klebsiella,348,fail,pass,58.0,697.5 Mbp,4923961.0,151,141.68585352321028,48.1868032922437,40-151,pass,200551.0,5589425.0,80.0,PASS,99.0,86.29,84.9,"NZ_KN046818.1 Klebsiella pneumoniae strain ATCC 13883 scaffold1, whole genome shotgun sequence",Klebsiella pneumoniae
MI_KPC_767,10475368,1581780568,151,263.63,klebsiella,11,fail,pass,58.0,709.7 Mbp,4988937.0,151,142.29149335820435,47.32394920067211,40-151,pass,181902.0,5653487.0,108.0,PASS,99.07,88.84,86.79,"NZ_KN046818.1 Klebsiella pneumoniae strain ATCC 13883 scaffold1, whole genome shotgun sequence",Klebsiella pneumoniae
MI_KPC_768,7959772,1201925572,151,200.321,klebsiella,6821,fail,pass,57.0,539.6 Mbp,3796752.0,151,142.16170189677914,52.749323795043246,40-151,pass,281054.0,5491469.0,58.0,PASS,99.07,85.49,85.71,"NZ_KN046818.1 Klebsiella pneumoniae strain ATCC 13883 scaffold1, whole genome shotgun sequence",Klebsiella pneumoniae
MI_KPC_769,9125778,1377992478,151,229.665,klebsiella,11,fail,pass,57.0,617.6 Mbp,4351100.0,151,141.96453126795524,50.31382519852821,40-151,pass,189123.0,5690061.0,100.0,PASS,99.07,88.42,85.67,"NZ_KN046818.1 Klebsiella pneumoniae strain ATCC 13883 scaffold1, whole genome shotgun sequence",Klebsiella pneumoniae
MI_KPC_76,11236668,1696736868,151,282.789,ecloacae,171,fail,pass,55.0,770.9 Mbp,5400668.0,151,142.76377144456944,42.64575152024854,40-151,pass,355823.0,4947410.0,47.0,PASS,95.86,86.53,81.38,"NZ_CP017186.1 Enterobacter hormaechei subsp. hoffmannii strain DSM 14563 chromosome, complete genome",Enterobacter hormaechei
MI_KPC_770,6323602,954863902,151,159.144,ecoli_achtman_4,131,fail,pass,51.0,419.4 Mbp,3018071.0,151,138.98624054901293,58.527225939551,40-151,pass,218431.0,5198467.0,210.0,PASS,97.96,86.2,71.73,"NZ_CP033092.2 Escherichia coli DSM 30083 = JCM 1649 = ATCC 11775 chromosome, complete genome",Escherichia coli
MI_KPC_771,13334084,2013446684,151,335.574,klebsiella,6821,fail,pass,57.0,903.6 Mbp,6371002.0,151,141.8627975630835,43.98274844795827,40-151,pass,379587.0,5754344.0,85.0,PASS,99.07,85.8,82.27,"NZ_KN046818.1 Klebsiella pneumoniae strain ATCC 13883 scaffold1, whole genome shotgun sequence",Klebsiella pneumoniae
MI_KPC_772,333922,50422222,151,8.4037,ecoli_achtman_4,-,fail,pass,57.0,22.6 Mbp,158186.0,151,143.3625731733529,89.18657776585377,40-151,pass,9275.0,5433306.0,930.0,FAIL,99.02,86.61,86.4,"NZ_KN046818.1 Klebsiella pneumoniae strain ATCC 13883 scaffold1, whole genome shotgun sequence",Klebsiella pneumoniae
MI_KPC_773,11491296,1735185696,151,289.198,klebsiella,307,fail,pass,57.0,782.7 Mbp,5420570.0,151,144.41844270989952,44.647441613093086,40-151,pass,267967.0,5632837.0,75.0,PASS,99.07,86.49,84.23,"NZ_KN046818.1 Klebsiella pneumoniae strain ATCC 13883 scaffold1, whole genome shotgun sequence",Klebsiella pneumoniae
MI_KPC_774,9916340,1497367340,151,249.561,klebsiella,11,fail,pass,57.0,678.6 Mbp,4707012.0,151,144.20983757848927,49.873006524732304,40-151,pass,185395.0,5694727.0,74.0,PASS,99.12,87.95,84.76,"NZ_KN046818.1 Klebsiella pneumoniae strain ATCC 13883 scaffold1, whole genome shotgun sequence",Klebsiella pneumoniae
MI_KPC_775,12474670,1883675170,151,313.946,ecloacae,461,fail,pass,55.0,851.6 Mbp,5890072.0,151,144.60850359723955,43.66399870403134,40-151,pass,282470.0,5319894.0,158.0,PASS,95.26,85.74,66.83,"NZ_CP017186.1 Enterobacter hormaechei subsp. hoffmannii strain DSM 14563 chromosome, complete genome",Enterobacter hormaechei
MI_KPC_776,14270358,2154824058,151,359.137,klebsiella,11,fail,pass,57.0,961.9 Mbp,6659430.0,151,144.47475729904812,42.36326344294674,40-151,pass,157365.0,5610208.0,81.0,PASS,99.07,87.9,85.97,"NZ_KN046818.1 Klebsiella pneumoniae strain ATCC 13883 scaffold1, whole genome shotgun sequence",Klebsiella pneumoniae
MI_KPC_777,15843476,2392364876,151,398.727,klebsiella,11,fail,pass,57.0,1 Gbp,7489214.0,151,144.19538926247802,40.961226561922125,40-151,pass,181907.0,5619810.0,122.0,PASS,98.84,88.86,82.0,"NZ_KN046818.1 Klebsiella pneumoniae strain ATCC 13883 scaffold1, whole genome shotgun sequence",Klebsiella pneumoniae
MI_KPC_778,12173130,1838142630,151,306.357,klebsiella,13,fail,pass,56.0,822.1 Mbp,5687464.0,151,144.5696371880332,45.90530794209957,40-151,pass,116359.0,5936723.0,151.0,PASS,99.0,83.85,77.2,"NZ_KN046818.1 Klebsiella pneumoniae strain ATCC 13883 scaffold1, whole genome shotgun sequence",Klebsiella pneumoniae
MI_KPC_779,15102498,2280477198,151,380.08,ecoli_achtman_4,14464,fail,pass,57.0,1 Gbp,7129796.0,151,144.09396299697775,40.99000075710093,40-151,pass,129409.0,5485061.0,92.0,PASS,99.0,85.76,86.05,"NZ_KN046818.1 Klebsiella pneumoniae strain ATCC 13883 scaffold1, whole genome shotgun sequence",Klebsiella pneumoniae
MI_KPC_77,9808374,1481064474,151,246.844,cfreundii,22,fail,pass,52.0,674.5 Mbp,4751239.0,151,141.99128669384976,46.77298594909081,40-151,pass,193127.0,5312933.0,83.0,PASS,98.63,89.76,81.4,"NZ_CP049015.1 Citrobacter freundii ATCC 8090 = MTCC 1658 = NBRC 12681 strain ATCC 8090 chromosome, complete genome",Citrobacter freundii
MI_KPC_780,11845558,1788679258,151,298.113,klebsiella,5208,fail,pass,57.0,793.7 Mbp,5501284.0,151,144.29866881986095,46.57625744424863,40-151,pass,203215.0,5711936.0,73.0,PASS,99.2,92.61,87.01,"NZ_CP084876.1 Klebsiella quasipneumoniae subsp. quasipneumoniae strain 01A030T chromosome, complete genome",Klebsiella quasipneumoniae
MI_KPC_781,10629958,1605123658,151,267.521,klebsiella,258,fail,pass,57.0,724.7 Mbp,5016052.0,151,144.51232184195857,48.10858643412481,40-151,pass,111123.0,5743931.0,106.0,PASS,98.95,87.16,83.58,"NZ_KN046818.1 Klebsiella pneumoniae strain ATCC 13883 scaffold1, whole genome shotgun sequence",Klebsiella pneumoniae
MI_KPC_782,14248318,2151496018,151,358.583,klebsiella,258,fail,pass,57.0,977.3 Mbp,6753270.0,151,144.737760966169,41.7646343811832,40-151,pass,137373.0,5618427.0,86.0,PASS,98.95,86.75,84.66,"NZ_KN046818.1 Klebsiella pneumoniae strain ATCC 13883 scaffold1, whole genome shotgun sequence",Klebsiella pneumoniae
MI_KPC_783,9934964,1500179564,151,250.03,klebsiella,11,fail,pass,57.0,668.3 Mbp,4644707.0,151,143.91440902515487,50.40673239953168,40-151,pass,203701.0,5731015.0,81.0,PASS,99.01,88.59,85.2,"NZ_KN046818.1 Klebsiella pneumoniae strain ATCC 13883 scaffold1, whole genome shotgun sequence",Klebsiella pneumoniae
MI_KPC_784,12310922,1858949222,151,309.825,klebsiella,11,fail,pass,57.0,837.3 Mbp,5802128.0,151,144.33314897568616,45.38738973379897,40-151,pass,185395.0,5645046.0,95.0,PASS,99.06,89.0,87.06,"NZ_KN046818.1 Klebsiella pneumoniae strain ATCC 13883 scaffold1, whole genome shotgun sequence",Klebsiella pneumoniae
MI_KPC_785,11915346,1799217246,151,299.87,klebsiella,11,fail,pass,57.0,807.4 Mbp,5604698.0,151,144.09346212766505,46.744567858134346,40-151,pass,174103.0,5713811.0,95.0,PASS,98.82,87.95,81.24,"NZ_KN046818.1 Klebsiella pneumoniae strain ATCC 13883 scaffold1, whole genome shotgun sequence",Klebsiella pneumoniae
MI_KPC_786,8949886,1351432786,151,225.239,klebsiella,11,fail,pass,57.0,606.2 Mbp,4200073.0,151,144.36310059372778,51.600037397646425,40-151,pass,185395.0,5691795.0,77.0,PASS,99.14,87.96,85.46,"NZ_KN046818.1 Klebsiella pneumoniae strain ATCC 13883 scaffold1, whole genome shotgun sequence",Klebsiella pneumoniae
MI_KPC_787,14983252,2262471052,151,377.079,klebsiella,258,fail,pass,56.0,1 Gbp,7084058.0,151,144.09893693699289,41.54880075101837,40-151,pass,112450.0,5711460.0,109.0,PASS,99.0,86.59,83.31,"NZ_KN046818.1 Klebsiella pneumoniae strain ATCC 13883 scaffold1, whole genome shotgun sequence",Klebsiella pneumoniae
MI_KPC_788,8667920,1308855920,151,218.143,ecoli_achtman_4,1642,fail,pass,51.0,594.4 Mbp,4126333.0,151,144.0919254456681,50.343872541406654,40-151,pass,214999.0,5120186.0,137.0,PASS,96.04,78.08,66.93,"NZ_CP033092.2 Escherichia coli DSM 30083 = JCM 1649 = ATCC 11775 chromosome, complete genome",Escherichia coli
MI_KPC_789,8417684,1271070284,151,211.845,klebsiella,11,fail,pass,57.0,575.9 Mbp,3999927.0,151,144.0185755890045,53.20326217744938,40-151,pass,155984.0,5568087.0,84.0,PASS,99.12,88.81,87.9,"NZ_KN046818.1 Klebsiella pneumoniae strain ATCC 13883 scaffold1, whole genome shotgun sequence",Klebsiella pneumoniae
MI_KPC_78,10604084,1601216684,151,266.869,ecloacae,171,fail,pass,54.0,729.9 Mbp,5142747.0,151,141.9481483339546,45.65400979845834,40-151,pass,295151.0,5382700.0,76.0,PASS,95.85,86.6,74.76,"NZ_CP017186.1 Enterobacter hormaechei subsp. hoffmannii strain DSM 14563 chromosome, complete genome",Enterobacter hormaechei
MI_KPC_790,7600376,1147656776,151,191.276,klebsiella,17,fail,pass,57.0,519.2 Mbp,3593932.0,151,144.49326893218904,54.419134957696855,40-151,pass,249882.0,5534347.0,91.0,PASS,99.1,86.18,84.47,"NZ_KN046818.1 Klebsiella pneumoniae strain ATCC 13883 scaffold1, whole genome shotgun sequence",Klebsiella pneumoniae
MI_KPC_791,6736484,1017209084,151,169.535,klebsiella,11,fail,pass,57.0,458.9 Mbp,3180635.0,151,144.3119342521226,56.58077719085136,40-151,pass,203033.0,5675263.0,101.0,PASS,99.07,89.03,86.54,"NZ_KN046818.1 Klebsiella pneumoniae strain ATCC 13883 scaffold1, whole genome shotgun sequence",Klebsiella pneumoniae
MI_KPC_792,9292794,1403211894,151,233.869,ecloacae,1926,fail,pass,55.0,632.6 Mbp,4394979.0,151,143.9602093661881,49.18639956756776,40-151,pass,239149.0,5159955.0,162.0,PASS,98.16,89.52,74.76,"NZ_CP017184.1 Enterobacter roggenkampii strain DSM 16690 chromosome, complete genome",Enterobacter roggenkampii
MI_KPC_793,6871804,1037642404,151,172.94,ecloacae,182,fail,pass,55.0,468.4 Mbp,3263086.0,151,143.59431256178968,55.33017550074846,40-151,pass,325630.0,4942816.0,171.0,PASS,95.27,87.18,70.74,"NZ_CP017186.1 Enterobacter hormaechei subsp. hoffmannii strain DSM 14563 chromosome, complete genome",Enterobacter hormaechei
MI_KPC_794,14052626,2121946526,151,353.658,klebsiella,11,fail,pass,57.0,960.8 Mbp,6655920.0,151,144.3749423069989,42.605196776070606,40-151,pass,174103.0,5577514.0,80.0,PASS,99.01,87.77,86.87,"NZ_KN046818.1 Klebsiella pneumoniae strain ATCC 13883 scaffold1, whole genome shotgun sequence",Klebsiella pneumoniae
MI_KPC_795,15984502,2413659802,151,402.277,klebsiella,11,fail,pass,57.0,1 Gbp,7551241.0,151,144.5107545898747,40.50420443212511,40-151,pass,155984.0,5675240.0,97.0,PASS,99.07,88.98,86.58,"NZ_KN046818.1 Klebsiella pneumoniae strain ATCC 13883 scaffold1, whole genome shotgun sequence",Klebsiella pneumoniae
MI_KPC_796,12447670,1879598170,151,313.266,ecloacae,597,fail,pass,55.0,854 Mbp,5906492.0,151,144.60939776097217,44.46481910852029,40-151,pass,83853.0,7637668.0,1555.0,FAIL,95.26,86.32,45.34,"NZ_CP017186.1 Enterobacter hormaechei subsp. hoffmannii strain DSM 14563 chromosome, complete genome",Enterobacter hormaechei
MI_KPC_797,9590354,1448143454,151,241.357,klebsiella,299,fail,pass,57.0,649.2 Mbp,4501143.0,151,144.2507985193983,49.899339862345066,40-151,pass,172764.0,5527480.0,92.0,PASS,99.07,88.29,87.52,"NZ_KN046818.1 Klebsiella pneumoniae strain ATCC 13883 scaffold1, whole genome shotgun sequence",Klebsiella pneumoniae
MI_KPC_798,9744344,1471395944,151,245.233,ypseudotuberculosis_achtman_3,-,fail,pass,60.0,661.9 Mbp,4588799.0,151,144.28314097000109,51.499950757997205,40-151,pass,516203.0,5838972.0,182.0,PASS,98.06,89.61,70.85,"NZ_CP018925.1 Serratia marcescens strain UMH3 chromosome, complete genome",Serratia marcescens
MI_KPC_799,10309560,1556743560,151,259.457,klebsiella,34,fail,pass,56.0,701.9 Mbp,4868614.0,151,144.2034733088308,48.39213736626138,40-151,pass,105968.0,5774237.0,154.0,PASS,99.0,85.88,81.27,"NZ_KN046818.1 Klebsiella pneumoniae strain ATCC 13883 scaffold1, whole genome shotgun sequence",Klebsiella pneumoniae
MI_KPC_79,12342174,1863668274,151,310.611,ecoli_achtman_4,131,fail,pass,51.0,843.8 Mbp,5935444.0,151,142.18959474640818,42.12912783038594,40-151,pass,174432.0,5189891.0,87.0,PASS,97.91,86.84,81.83,"NZ_CP033092.2 Escherichia coli DSM 30083 = JCM 1649 = ATCC 11775 chromosome, complete genome",Escherichia coli
MI_KPC_7,19999754,3019962854,151,503.327,klebsiella,258,fail,pass,57.0,961.7 Mbp,9234431.0,102,104.16687622659154,36.6678143572528,40-151,pass,126085.0,5800719.0,95.0,PASS,98.96,86.75,82.78,"NZ_KN046818.1 Klebsiella pneumoniae strain ATCC 13883 scaffold1, whole genome shotgun sequence",Klebsiella pneumoniae
MI_KPC_800,8815390,1331123890,151,221.854,ecloacae,78,fail,pass,55.0,600.5 Mbp,4179746.0,151,143.69669066015015,50.411664213149685,40-151,pass,317541.0,4932117.0,106.0,PASS,98.78,90.88,76.33,"NZ_CP017186.1 Enterobacter hormaechei subsp. hoffmannii strain DSM 14563 chromosome, complete genome",Enterobacter hormaechei
MI_KPC_801,11199704,1691155304,151,281.859,klebsiella,13,fail,pass,57.0,765.2 Mbp,5299612.0,151,144.4205343711955,46.01979279037886,40-151,pass,223643.0,5372047.0,62.0,PASS,98.96,85.57,87.11,"NZ_KN046818.1 Klebsiella pneumoniae strain ATCC 13883 scaffold1, whole genome shotgun sequence",Klebsiella pneumoniae
MI_KPC_802,14084824,2126808424,151,354.468,klebsiella,244,fail,pass,57.0,963.3 Mbp,6670276.0,151,144.44115206027456,42.17597819363759,40-151,pass,159220.0,5705378.0,99.0,PASS,99.0,85.9,82.47,"NZ_KN046818.1 Klebsiella pneumoniae strain ATCC 13883 scaffold1, whole genome shotgun sequence",Klebsiella pneumoniae
MI_KPC_803,14378030,2171082530,151,361.847,ecloacae,78,fail,pass,55.0,982.6 Mbp,6790080.0,151,144.74302408808143,40.10422257914,40-151,pass,317340.0,5017288.0,139.0,PASS,98.75,90.9,73.34,"NZ_CP017186.1 Enterobacter hormaechei subsp. hoffmannii strain DSM 14563 chromosome, complete genome",Enterobacter hormaechei
MI_KPC_804,12499886,1887482786,151,314.58,klebsiella,258,fail,pass,57.0,858.2 Mbp,5941541.0,151,144.47827053621273,44.58867715126227,40-151,pass,137371.0,5510133.0,82.0,PASS,98.96,85.62,85.62,"NZ_KN046818.1 Klebsiella pneumoniae strain ATCC 13883 scaffold1, whole genome shotgun sequence",Klebsiella pneumoniae
MI_KPC_805,10357590,1563996090,151,260.666,klebsiella,258,fail,pass,57.0,706.6 Mbp,4890745.0,151,144.500757655531,47.743953127196384,40-151,pass,137373.0,5610545.0,81.0,PASS,98.9,86.74,85.26,"NZ_KN046818.1 Klebsiella pneumoniae strain ATCC 13883 scaffold1, whole genome shotgun sequence",Klebsiella pneumoniae
MI_KPC_806,12263260,1851752260,151,308.625,klebsiella,11,fail,pass,57.0,834.7 Mbp,5786907.0,151,144.26766457453004,45.38984335539573,40-151,pass,212611.0,5560428.0,80.0,PASS,99.01,88.76,87.94,"NZ_KN046818.1 Klebsiella pneumoniae strain ATCC 13883 scaffold1, whole genome shotgun sequence",Klebsiella pneumoniae
MI_KPC_807,4268774,644584874,151,107.431,ecloacae,597,fail,pass,55.0,287.6 Mbp,2033152.0,151,141.4796704820889,65.25731873478293,40-151,pass,214272.0,5621642.0,618.0,FAIL,95.26,86.39,57.56,"NZ_CP017186.1 Enterobacter hormaechei subsp. hoffmannii strain DSM 14563 chromosome, complete genome",Enterobacter hormaechei
MI_KPC_808,11672758,1762586458,151,293.764,klebsiella,258,fail,pass,57.0,795.1 Mbp,5526571.0,151,143.90161783862,45.20426470067173,40-151,pass,129470.0,5345684.0,89.0,PASS,98.96,85.5,87.69,"NZ_KN046818.1 Klebsiella pneumoniae strain ATCC 13883 scaffold1, whole genome shotgun sequence",Klebsiella pneumoniae
MI_KPC_809,10601272,1600792072,151,266.799,klebsiella,11,fail,pass,57.0,725.1 Mbp,5020784.0,151,144.45305235198327,47.99215096848644,40-151,pass,185395.0,5637731.0,91.0,PASS,99.02,88.83,86.93,"NZ_KN046818.1 Klebsiella pneumoniae strain ATCC 13883 scaffold1, whole genome shotgun sequence",Klebsiella pneumoniae
MI_KPC_80,11905804,1797776404,151,299.629,cfreundii,111,fail,pass,52.0,820.5 Mbp,5772371.0,151,142.17367715969746,41.99936510012209,40-151,pass,132212.0,4935729.0,77.0,PASS,98.51,85.06,82.76,"NZ_CP049015.1 Citrobacter freundii ATCC 8090 = MTCC 1658 = NBRC 12681 strain ATCC 8090 chromosome, complete genome",Citrobacter freundii
MI_KPC_810,10451502,1578176802,151,263.029,klebsiella,11,fail,pass,57.0,709.5 Mbp,4919802.0,151,144.25155341617406,48.78019681019958,40-151,pass,174103.0,5573500.0,78.0,PASS,99.0,87.7,86.9,"NZ_KN046818.1 Klebsiella pneumoniae strain ATCC 13883 scaffold1, whole genome shotgun sequence",Klebsiella pneumoniae
MI_KPC_811,13630706,2058236606,151,343.039,klebsiella,11,fail,pass,57.0,927.7 Mbp,6422972.0,151,144.45763908047553,43.16648676935124,40-151,pass,172850.0,5613078.0,78.0,PASS,99.13,87.99,86.71,"NZ_KN046818.1 Klebsiella pneumoniae strain ATCC 13883 scaffold1, whole genome shotgun sequence",Klebsiella pneumoniae
MI_KPC_812,9393190,1418371690,151,236.395,klebsiella,11,fail,pass,57.0,636.1 Mbp,4425077.0,151,143.78140222192744,50.66972989125272,40-151,pass,177661.0,5568870.0,81.0,PASS,99.11,88.85,87.76,"NZ_KN046818.1 Klebsiella pneumoniae strain ATCC 13883 scaffold1, whole genome shotgun sequence",Klebsiella pneumoniae
MI_KPC_813,6683210,1009164710,151,168.194,klebsiella,15,fail,pass,57.0,455.1 Mbp,3160504.0,151,144.0291133945725,57.34601736805135,40-151,pass,190538.0,5521226.0,79.0,PASS,99.07,85.59,84.76,"NZ_KN046818.1 Klebsiella pneumoniae strain ATCC 13883 scaffold1, whole genome shotgun sequence",Klebsiella pneumoniae
MI_KPC_814,9424286,1423067186,151,237.178,klebsiella,11,fail,pass,47.0,647.8 Mbp,4492288.0,151,144.2419924991452,59.10960147488397,40-151,pass,211301.0,9930497.0,115.0,FAIL,99.08,88.08,49.03,"NZ_KN046818.1 Klebsiella pneumoniae strain ATCC 13883 scaffold1, whole genome shotgun sequence",Klebsiella pneumoniae
MI_KPC_815,7689148,1161061348,151,193.51,ecloacae,971,fail,pass,56.0,523 Mbp,3626736.0,151,144.24272017593782,52.29581965315943,40-151,pass,247092.0,4945820.0,133.0,PASS,98.2,87.49,76.29,"NZ_CP017184.1 Enterobacter roggenkampii strain DSM 16690 chromosome, complete genome",Enterobacter roggenkampii
MI_KPC_816,12388802,1870709102,151,311.785,koxytoca,-,fail,pass,55.0,845.1 Mbp,5864634.0,151,144.13088523512295,47.6897416753502,40-151,pass,230350.0,6394063.0,145.0,PASS,97.28,82.32,73.09,"NZ_PRDB01000030.1 Klebsiella michiganensis strain DSM 25444 map unlocalized plasmid unnamed1 contig_30, whole genome shotgun sequence",Klebsiella michiganensis
MI_KPC_817,11024306,1664670206,151,277.445,klebsiella,11,fail,pass,57.0,754.5 Mbp,5238881.0,151,144.05314760919364,47.94679003708424,40-151,pass,190101.0,5697919.0,81.0,PASS,99.03,88.05,85.34,"NZ_KN046818.1 Klebsiella pneumoniae strain ATCC 13883 scaffold1, whole genome shotgun sequence",Klebsiella pneumoniae
MI_KPC_818,12779360,1929683360,151,321.614,ecoli_achtman_4,131,fail,pass,51.0,865.8 Mbp,6135844.0,151,141.12976487016294,44.31606763538704,40-151,pass,191796.0,5495733.0,130.0,PASS,97.99,85.75,72.5,"NZ_CP033092.2 Escherichia coli DSM 30083 = JCM 1649 = ATCC 11775 chromosome, complete genome",Escherichia coli
MI_KPC_819,12640368,1908695568,151,318.116,klebsiella,11,fail,pass,57.0,856.8 Mbp,6025954.0,151,142.20568178914078,43.85141713197274,40-151,pass,155984.0,5646444.0,97.0,PASS,99.06,89.0,86.93,"NZ_KN046818.1 Klebsiella pneumoniae strain ATCC 13883 scaffold1, whole genome shotgun sequence",Klebsiella pneumoniae
MI_KPC_81,11960848,1806088048,151,301.015,koxytoca,517,fail,pass,58.0,823.9 Mbp,5759750.0,151,143.0792636833196,52.02483581827709,40-151,pass,301267.0,9676952.0,103.0,FAIL,99.12,86.86,54.69,"NZ_FZTC01000054.1 Klebsiella grimontii strain 06D021, whole genome shotgun sequence",Klebsiella grimontii
MI_KPC_820,10822622,1634215922,151,272.369,klebsiella,1604,fail,pass,57.0,726.2 Mbp,5137383.0,151,141.37554840664984,46.93744831170813,40-151,pass,162091.0,6012260.0,234.0,PASS,98.93,88.61,79.98,"NZ_KN046818.1 Klebsiella pneumoniae strain ATCC 13883 scaffold1, whole genome shotgun sequence",Klebsiella pneumoniae
MI_KPC_821,11361720,1715619720,151,285.937,klebsiella,11,fail,pass,57.0,766.5 Mbp,5408365.0,151,141.76131677503275,46.5638470344126,40-151,pass,188836.0,5691717.0,75.0,PASS,99.07,87.97,85.15,"NZ_KN046818.1 Klebsiella pneumoniae strain ATCC 13883 scaffold1, whole genome shotgun sequence",Klebsiella pneumoniae
MI_KPC_822,12069514,1822496614,151,303.749,ecloacae,102,fail,pass,54.0,809.8 Mbp,5767832.0,151,140.41789341298428,43.79798301424027,40-151,pass,133467.0,5239621.0,149.0,PASS,98.75,91.1,73.39,"NZ_CP017186.1 Enterobacter hormaechei subsp. hoffmannii strain DSM 14563 chromosome, complete genome",Enterobacter hormaechei
MI_KPC_823,14881354,2247084454,151,374.514,klebsiella,11,fail,pass,57.0,1 Gbp,7102204.0,151,141.9645790236383,41.12221822059773,40-151,pass,181907.0,5638551.0,94.0,PASS,99.01,88.92,86.98,"NZ_KN046818.1 Klebsiella pneumoniae strain ATCC 13883 scaffold1, whole genome shotgun sequence",Klebsiella pneumoniae
MI_KPC_824,17578042,2654284342,151,442.381,klebsiella,11,fail,pass,57.0,1.1 Gbp,8391399.0,151,141.91197367685652,38.176669105315234,40-151,pass,170541.0,5694256.0,78.0,PASS,99.02,87.92,85.25,"NZ_KN046818.1 Klebsiella pneumoniae strain ATCC 13883 scaffold1, whole genome shotgun sequence",Klebsiella pneumoniae
MI_KPC_825,12623760,1906187760,151,317.698,klebsiella,1779,fail,pass,57.0,850.5 Mbp,6014068.0,151,141.4462711429269,44.263542033047386,40-151,pass,198411.0,5560378.0,64.0,PASS,99.01,85.98,84.79,"NZ_KN046818.1 Klebsiella pneumoniae strain ATCC 13883 scaffold1, whole genome shotgun sequence",Klebsiella pneumoniae
MI_KPC_826,16746944,2528788544,151,421.465,klebsiella,11,fail,pass,57.0,1.1 Gbp,8034156.0,151,142.1499388361391,39.03506482620428,40-151,pass,183844.0,5743915.0,75.0,PASS,99.01,88.4,84.8,"NZ_KN046818.1 Klebsiella pneumoniae strain ATCC 13883 scaffold1, whole genome shotgun sequence",Klebsiella pneumoniae
MI_KPC_827,31722,4790022,151,0.798337,-,-,fail,pass,57.0,2.1 Mbp,15019.0,151,140.72341700512683,93.9543245222718,40-151,pass,4785.0,16915.0,5.0,FAIL,99.39,1.89,61.47,"NZ_KN046818.1 Klebsiella pneumoniae strain ATCC 13883 scaffold1, whole genome shotgun sequence",Klebsiella pneumoniae
MI_KPC_828,13869710,2094326210,151,349.054,klebsiella,11,fail,pass,57.0,936.3 Mbp,6591796.0,151,142.06199782274817,42.61126502132348,40-151,pass,185395.0,5672252.0,78.0,PASS,99.06,87.71,85.21,"NZ_KN046818.1 Klebsiella pneumoniae strain ATCC 13883 scaffold1, whole genome shotgun sequence",Klebsiella pneumoniae
MI_KPC_829,13536118,2043953818,151,340.659,klebsiella,17,fail,pass,57.0,916.1 Mbp,6446871.0,151,142.1258605919057,41.8559618504705,40-151,pass,248527.0,5529908.0,75.0,PASS,99.11,85.47,84.96,"NZ_KN046818.1 Klebsiella pneumoniae strain ATCC 13883 scaffold1, whole genome shotgun sequence",Klebsiella pneumoniae
MI_KPC_82,11572530,1747452030,151,291.242,koxytoca,135,fail,pass,56.0,799.1 Mbp,5594145.0,151,142.86827298899118,45.49164517385647,40-151,pass,100162.0,5837282.0,132.0,PASS,98.94,83.51,86.4,"NZ_PRDB01000030.1 Klebsiella michiganensis strain DSM 25444 map unlocalized plasmid unnamed1 contig_30, whole genome shotgun sequence",Klebsiella michiganensis
MI_KPC_830,12007722,1813166022,151,302.194,ecloacae,544,fail,pass,55.0,812.3 Mbp,5737440.0,151,141.60426880281102,43.70350124394269,40-151,pass,459066.0,5145567.0,76.0,PASS,95.27,86.56,73.96,"NZ_CP017186.1 Enterobacter hormaechei subsp. hoffmannii strain DSM 14563 chromosome, complete genome",Enterobacter hormaechei
MI_KPC_831,11584658,1749283358,151,291.547,klebsiella,45,fail,pass,57.0,781.2 Mbp,5506864.0,151,141.88224168964405,44.508130677281486,40-151,pass,230107.0,5421706.0,63.0,PASS,99.14,86.06,87.28,"NZ_KN046818.1 Klebsiella pneumoniae strain ATCC 13883 scaffold1, whole genome shotgun sequence",Klebsiella pneumoniae
MI_KPC_832,16325238,2465110938,151,410.852,ecloacae,544,fail,pass,55.0,1.1 Gbp,7810306.0,151,141.64073622723618,40.92634910740756,40-151,pass,24294.0,10021258.0,934.0,FAIL,98.79,83.92,45.9,"NZ_KN046818.1 Klebsiella pneumoniae strain ATCC 13883 scaffold1, whole genome shotgun sequence",Klebsiella pneumoniae
MI_KPC_833,12372658,1868271358,151,311.379,ecloacae,171,fail,pass,54.0,832.6 Mbp,5908975.0,151,140.9372832005551,43.61117392482178,40-151,pass,267523.0,5138067.0,89.0,PASS,95.27,86.8,71.79,"NZ_CP017186.1 Enterobacter hormaechei subsp. hoffmannii strain DSM 14563 chromosome, complete genome",Enterobacter hormaechei
MI_KPC_834,12203680,1842755680,151,307.126,klebsiella,11,fail,pass,57.0,826.5 Mbp,5819465.0,151,142.0489178988103,44.99269253933467,40-151,pass,212611.0,5656752.0,89.0,PASS,99.02,88.91,86.69,"NZ_KN046818.1 Klebsiella pneumoniae strain ATCC 13883 scaffold1, whole genome shotgun sequence",Klebsiella pneumoniae
MI_KPC_835,11214088,1693327288,151,282.221,klebsiella,258,fail,pass,57.0,751 Mbp,5313961.0,151,141.35909710289556,46.95383944151082,40-151,pass,142507.0,5688710.0,90.0,PASS,98.96,86.68,83.68,"NZ_KN046818.1 Klebsiella pneumoniae strain ATCC 13883 scaffold1, whole genome shotgun sequence",Klebsiella pneumoniae
MI_KPC_836,14700530,2219780030,151,369.963,klebsiella,11,fail,pass,57.0,994.8 Mbp,7027249.0,151,141.5917527612868,41.550897256574345,40-151,pass,185395.0,5559725.0,79.0,PASS,99.06,88.76,87.79,"NZ_KN046818.1 Klebsiella pneumoniae strain ATCC 13883 scaffold1, whole genome shotgun sequence",Klebsiella pneumoniae
MI_KPC_837,10860024,1639863624,151,273.311,ecloacae,125,fail,pass,55.0,730.1 Mbp,5190451.0,151,140.69256775567288,45.92048570113123,40-151,pass,145698.0,4998497.0,108.0,PASS,98.3,87.98,78.64,"NZ_CP017181.1 Enterobacter kobei strain DSM 13645 chromosome, complete genome",Enterobacter kobei
MI_KPC_838,9886616,1492879016,151,248.813,klebsiella,27,fail,pass,57.0,665.1 Mbp,4717434.0,151,141.0145769924921,48.761212426790166,40-151,pass,77808.0,5595882.0,194.0,PASS,98.89,82.12,79.75,"NZ_KN046818.1 Klebsiella pneumoniae strain ATCC 13883 scaffold1, whole genome shotgun sequence",Klebsiella pneumoniae
MI_KPC_839,12238694,1848042794,151,308.007,klebsiella,258,fail,pass,57.0,823.8 Mbp,5851959.0,151,140.8095468543098,45.0854730239917,40-151,pass,127542.0,5484787.0,82.0,PASS,99.0,85.27,85.55,"NZ_KN046818.1 Klebsiella pneumoniae strain ATCC 13883 scaffold1, whole genome shotgun sequence",Klebsiella pneumoniae
MI_KPC_83,11350778,1713967478,151,285.661,cfreundii,328,fail,pass,52.0,782.3 Mbp,5503525.0,151,142.18302869524533,42.24326808803736,40-151,pass,240474.0,5319919.0,65.0,PASS,98.06,89.06,80.32,"NZ_MVFY01000010.1 Citrobacter portucalensis strain A60 A60_S7_L001_NODE_10_length_199066_cov_22.3255, whole genome shotgun sequence",Citrobacter portucalensis
MI_KPC_840,10052570,1517938070,151,252.99,ecloacae,544,fail,pass,56.0,666.3 Mbp,4765659.0,151,139.83900925349462,60.05684806051285,40-151,pass,166460.0,10368512.0,161.0,FAIL,98.88,86.83,46.21,"NZ_KN046818.1 Klebsiella pneumoniae strain ATCC 13883 scaffold1, whole genome shotgun sequence",Klebsiella pneumoniae
MI_KPC_841,12288872,1855619672,151,309.27,klebsiella,422,fail,pass,57.0,831.2 Mbp,5858775.0,151,141.89403996569249,44.625885805447766,40-151,pass,225928.0,5494648.0,59.0,PASS,99.01,85.7,85.66,"NZ_KN046818.1 Klebsiella pneumoniae strain ATCC 13883 scaffold1, whole genome shotgun sequence",Klebsiella pneumoniae
MI_KPC_842,15921140,2404092140,151,400.682,klebsiella,5208,fail,pass,58.0,1 Gbp,7591275.0,151,141.61381994460746,40.94394442400951,40-151,pass,155440.0,5677804.0,79.0,PASS,99.11,92.02,87.26,"NZ_CP084876.1 Klebsiella quasipneumoniae subsp. quasipneumoniae strain 01A030T chromosome, complete genome",Klebsiella quasipneumoniae
MI_KPC_843,9498636,1434294036,151,239.049,ecloacae,78,fail,pass,55.0,639 Mbp,4527253.0,151,141.17228217641028,48.06238369016003,40-151,pass,282426.0,4904292.0,87.0,PASS,98.82,90.74,78.04,"NZ_CP017186.1 Enterobacter hormaechei subsp. hoffmannii strain DSM 14563 chromosome, complete genome",Enterobacter hormaechei
MI_KPC_844,15081466,2277301366,151,379.55,klebsiella,11,fail,pass,57.0,1 Gbp,7171130.0,151,141.7261939192289,40.86417901631445,40-151,pass,155984.0,5648750.0,96.0,PASS,99.07,88.99,86.81,"NZ_KN046818.1 Klebsiella pneumoniae strain ATCC 13883 scaffold1, whole genome shotgun sequence",Klebsiella pneumoniae
MI_KPC_845,12462338,1881813038,151,313.635,klebsiella,13,fail,pass,57.0,837.6 Mbp,5940872.0,151,141.00860075759925,44.55747575076029,40-151,pass,201565.0,5379080.0,65.0,PASS,98.96,85.66,87.12,"NZ_KN046818.1 Klebsiella pneumoniae strain ATCC 13883 scaffold1, whole genome shotgun sequence",Klebsiella pneumoniae
MI_KPC_846,12078618,1823871318,151,303.979,ecloacae,544,fail,pass,55.0,815.2 Mbp,5765555.0,151,141.40921108202073,43.3841117506452,40-151,pass,396922.0,5183108.0,110.0,PASS,95.27,86.78,71.08,"NZ_CP017186.1 Enterobacter hormaechei subsp. hoffmannii strain DSM 14563 chromosome, complete genome",Enterobacter hormaechei
MI_KPC_847,16551340,2499252340,151,416.542,klebsiella,258,fail,pass,57.0,1.1 Gbp,7862359.0,151,141.78631871172507,39.0122844213648,40-151,pass,137373.0,5610911.0,83.0,PASS,98.95,86.67,84.65,"NZ_KN046818.1 Klebsiella pneumoniae strain ATCC 13883 scaffold1, whole genome shotgun sequence",Klebsiella pneumoniae
MI_KPC_848,10441844,1576718444,151,262.786,klebsiella,258,fail,pass,57.0,700.1 Mbp,4971241.0,151,140.85058539708697,48.74409079899066,40-151,pass,126381.0,5554971.0,75.0,PASS,99.0,86.06,85.44,"NZ_KN046818.1 Klebsiella pneumoniae strain ATCC 13883 scaffold1, whole genome shotgun sequence",Klebsiella pneumoniae
MI_KPC_849,9848314,1487095414,151,247.849,ecloacae,117,fail,pass,55.0,660.5 Mbp,4692656.0,151,140.77709723448726,47.55216357367046,40-151,pass,249901.0,5106895.0,106.0,PASS,95.26,85.78,72.4,"NZ_CP017186.1 Enterobacter hormaechei subsp. hoffmannii strain DSM 14563 chromosome, complete genome",Enterobacter hormaechei
MI_KPC_84,8206188,1239134388,151,206.522,cfreundii,11,fail,pass,52.0,566.6 Mbp,3979517.0,151,142.40794272269724,50.378817598439205,40-151,pass,143681.0,5452857.0,91.0,PASS,98.42,86.1,76.46,"NZ_CP049015.1 Citrobacter freundii ATCC 8090 = MTCC 1658 = NBRC 12681 strain ATCC 8090 chromosome, complete genome",Citrobacter freundii
MI_KPC_850,9323698,1407878398,151,234.646,ecloacae,597,fail,pass,55.0,628.4 Mbp,4447013.0,151,141.3359589909002,48.224283259942766,40-151,pass,311131.0,4960597.0,111.0,PASS,95.26,85.94,73.99,"NZ_CP017186.1 Enterobacter hormaechei subsp. hoffmannii strain DSM 14563 chromosome, complete genome",Enterobacter hormaechei
MI_KPC_851,14298242,2159034542,151,359.839,klebsiella,11,fail,pass,57.0,967.5 Mbp,6819115.0,151,141.90794186635657,41.905405893289576,40-151,pass,174103.0,5769727.0,96.0,PASS,99.06,89.04,84.98,"NZ_KN046818.1 Klebsiella pneumoniae strain ATCC 13883 scaffold1, whole genome shotgun sequence",Klebsiella pneumoniae
MI_KPC_852,11388684,1719691284,151,286.615,ecloacae,114,fail,pass,55.0,771.7 Mbp,5443934.0,151,141.7739599708593,42.35548097652319,40-151,pass,473440.0,5006357.0,68.0,PASS,95.26,86.95,75.06,"NZ_CP017186.1 Enterobacter hormaechei subsp. hoffmannii strain DSM 14563 chromosome, complete genome",Enterobacter hormaechei
MI_KPC_853,10898662,1645697962,151,274.283,ecloacae,544,fail,pass,55.0,735.2 Mbp,5204985.0,151,141.27403037664854,45.81903290108173,40-151,pass,396922.0,5174403.0,101.0,PASS,95.26,86.49,71.42,"NZ_CP017186.1 Enterobacter hormaechei subsp. hoffmannii strain DSM 14563 chromosome, complete genome",Enterobacter hormaechei
MI_KPC_854,15841508,2392067708,151,398.678,klebsiella,258,fail,pass,57.0,1 Gbp,7540552.0,151,141.76716266925817,38.88155716509748,40-151,pass,129409.0,5284787.0,74.0,PASS,99.01,85.02,88.53,"NZ_KN046818.1 Klebsiella pneumoniae strain ATCC 13883 scaffold1, whole genome shotgun sequence",Klebsiella pneumoniae
MI_KPC_855,8096084,1222508684,151,203.751,klebsiella,258,fail,pass,57.0,546.3 Mbp,3866185.0,151,141.34651782053885,52.95981553506075,40-151,pass,129796.0,5628011.0,95.0,PASS,98.88,85.94,84.07,"NZ_KN046818.1 Klebsiella pneumoniae strain ATCC 13883 scaffold1, whole genome shotgun sequence",Klebsiella pneumoniae
MI_KPC_856,15897588,2400535788,151,400.089,klebsiella,258,fail,pass,57.0,1 Gbp,7580291.0,151,141.68329527190974,38.985420609209,40-151,pass,129409.0,5339804.0,83.0,PASS,99.01,85.42,87.92,"NZ_KN046818.1 Klebsiella pneumoniae strain ATCC 13883 scaffold1, whole genome shotgun sequence",Klebsiella pneumoniae
MI_KPC_857,16097232,2430682032,151,405.114,klebsiella,268,fail,pass,57.0,1 Gbp,7664118.0,151,141.9690210928381,39.08258752169116,40-151,pass,156575.0,5440079.0,78.0,PASS,99.06,86.98,88.13,"NZ_KN046818.1 Klebsiella pneumoniae strain ATCC 13883 scaffold1, whole genome shotgun sequence",Klebsiella pneumoniae
MI_KPC_858,6437416,972049816,151,162.008,ecloacae,303,fail,pass,55.0,429.8 Mbp,3074946.0,151,139.80966527542273,57.114791399774575,40-151,pass,252966.0,5188269.0,120.0,PASS,95.27,86.74,69.74,"NZ_CP017186.1 Enterobacter hormaechei subsp. hoffmannii strain DSM 14563 chromosome, complete genome",Enterobacter hormaechei
MI_KPC_859,10866644,1640863244,151,273.477,klebsiella,34,fail,pass,57.0,729.8 Mbp,5171724.0,151,141.14798044133832,47.14062214373756,40-151,pass,112611.0,5763194.0,155.0,PASS,98.99,85.72,81.26,"NZ_KN046818.1 Klebsiella pneumoniae strain ATCC 13883 scaffold1, whole genome shotgun sequence",Klebsiella pneumoniae
MI_KPC_85,11941810,1803213310,151,300.536,ecloacae,171,fail,pass,55.0,820 Mbp,5769962.0,151,142.13705878825544,42.39949478694383,40-151,pass,285619.0,4925740.0,45.0,PASS,95.82,86.35,81.25,"NZ_CP017186.1 Enterobacter hormaechei subsp. hoffmannii strain DSM 14563 chromosome, complete genome",Enterobacter hormaechei
MI_KPC_860,3255634,491600734,151,81.9335,ypseudotuberculosis_achtman_3,-,fail,pass,58.0,202.8 Mbp,1557352.0,151,130.2805146171193,73.19476648678605,40-151,pass,67105.0,6475380.0,729.0,FAIL,97.22,82.35,55.81,"NZ_VTUS01000008.1 Serratia nevei strain S15 NODE_10_length_142733_cov_62.796157, whole genome shotgun sequence",Serratia nevei
MI_KPC_861,13380396,2020439796,151,336.74,klebsiella,258,fail,pass,57.0,900.3 Mbp,6349962.0,151,141.81234848334526,42.54051970484361,40-151,pass,127700.0,5500684.0,86.0,PASS,98.96,85.58,85.81,"NZ_KN046818.1 Klebsiella pneumoniae strain ATCC 13883 scaffold1, whole genome shotgun sequence",Klebsiella pneumoniae
MI_KPC_862,8529276,1287920676,151,214.653,ecloacae,110,fail,pass,55.0,584.2 Mbp,4074481.0,151,143.40399869333052,49.37269724508243,40-151,pass,434846.0,5064319.0,299.0,PASS,95.27,86.12,65.7,"NZ_CP017186.1 Enterobacter hormaechei subsp. hoffmannii strain DSM 14563 chromosome, complete genome",Enterobacter hormaechei
MI_KPC_863,9081168,1371256368,151,228.543,ecloacae,127,fail,pass,55.0,623.7 Mbp,4335041.0,151,143.9132605666244,47.84416096440951,40-151,pass,173359.0,5060971.0,307.0,PASS,95.26,85.91,65.51,"NZ_CP017186.1 Enterobacter hormaechei subsp. hoffmannii strain DSM 14563 chromosome, complete genome",Enterobacter hormaechei
MI_KPC_864,11869890,1792353390,151,298.726,klebsiella,133,fail,pass,57.0,818 Mbp,5681114.0,151,144.0096255769555,45.45137078710526,40-151,pass,138190.0,5663290.0,91.0,PASS,99.05,88.25,84.55,"NZ_KN046818.1 Klebsiella pneumoniae strain ATCC 13883 scaffold1, whole genome shotgun sequence",Klebsiella pneumoniae
MI_KPC_865,10503992,1586102792,151,264.35,klebsiella,-,fail,pass,57.0,717.3 Mbp,4980128.0,151,144.06428750425692,46.7114629876766,40-151,pass,193979.0,5397895.0,60.0,PASS,99.01,85.89,86.51,"NZ_KN046818.1 Klebsiella pneumoniae strain ATCC 13883 scaffold1, whole genome shotgun sequence",Klebsiella pneumoniae
MI_KPC_866,7125786,1075993686,151,179.332,klebsiella,258,fail,pass,57.0,485.8 Mbp,3362699.0,151,144.4951115160768,54.38518239648435,40-151,pass,137373.0,5639430.0,102.0,PASS,98.96,86.56,83.6,"NZ_KN046818.1 Klebsiella pneumoniae strain ATCC 13883 scaffold1, whole genome shotgun sequence",Klebsiella pneumoniae
MI_KPC_867,14117574,2131753674,151,355.292,klebsiella,11,fail,pass,57.0,968.5 Mbp,6726470.0,151,144.01666728610996,42.48834093017702,40-151,pass,139053.0,5696917.0,111.0,PASS,99.11,88.97,85.06,"NZ_KN046818.1 Klebsiella pneumoniae strain ATCC 13883 scaffold1, whole genome shotgun sequence",Klebsiella pneumoniae
MI_KPC_868,10892876,1644824276,151,274.137,klebsiella,258,fail,pass,57.0,740.4 Mbp,5140651.0,151,144.0669629196769,46.39686972847537,40-151,pass,129409.0,5692063.0,99.0,PASS,98.9,88.14,84.48,"NZ_KN046818.1 Klebsiella pneumoniae strain ATCC 13883 scaffold1, whole genome shotgun sequence",Klebsiella pneumoniae
MI_KPC_869,11826158,1785749858,151,297.625,klebsiella,422,fail,pass,57.0,810.7 Mbp,5641489.0,151,143.74065446196917,45.92708856367643,40-151,pass,218932.0,5517527.0,78.0,PASS,98.92,85.98,84.16,"NZ_KN046818.1 Klebsiella pneumoniae strain ATCC 13883 scaffold1, whole genome shotgun sequence",Klebsiella pneumoniae
MI_KPC_86,9841210,1486022710,151,247.67,ecloacae,171,fail,pass,54.0,677.7 Mbp,4771174.0,151,142.0716553200533,46.48840674796609,40-151,pass,124114.0,5172057.0,90.0,PASS,95.7,86.56,77.67,"NZ_CP017186.1 Enterobacter hormaechei subsp. hoffmannii strain DSM 14563 chromosome, complete genome",Enterobacter hormaechei
MI_KPC_870,7335086,1107597986,151,184.6,klebsiella,348,fail,pass,57.0,498.8 Mbp,3449836.0,151,144.6266193523402,53.85696119740822,40-151,pass,318923.0,5405448.0,59.0,PASS,98.95,85.1,85.91,"NZ_KN046818.1 Klebsiella pneumoniae strain ATCC 13883 scaffold1, whole genome shotgun sequence",Klebsiella pneumoniae
MI_KPC_871,10610930,1602250430,151,267.042,klebsiella,11,fail,pass,57.0,728 Mbp,5051810.0,151,144.14528555111931,47.34824434078339,40-151,pass,185377.0,5670042.0,103.0,PASS,99.06,88.97,85.67,"NZ_KN046818.1 Klebsiella pneumoniae strain ATCC 13883 scaffold1, whole genome shotgun sequence",Klebsiella pneumoniae
MI_KPC_872,13542050,2044849550,151,340.808,klebsiella,11,fail,pass,57.0,931 Mbp,6470344.0,151,143.90762407686515,44.14967605599999,40-151,pass,176377.0,5870556.0,122.0,PASS,99.05,89.13,82.44,"NZ_KN046818.1 Klebsiella pneumoniae strain ATCC 13883 scaffold1, whole genome shotgun sequence",Klebsiella pneumoniae
MI_KPC_873,11739634,1772684734,151,295.447,ecoli_achtman_4,131,fail,pass,51.0,803.1 Mbp,5606415.0,151,143.27931289424703,44.78614639801879,40-151,pass,171820.0,5474178.0,333.0,PASS,97.83,86.81,65.6,"NZ_CP033092.2 Escherichia coli DSM 30083 = JCM 1649 = ATCC 11775 chromosome, complete genome",Escherichia coli
MI_KPC_874,9191126,1387860026,151,231.31,klebsiella,11,fail,pass,57.0,627.8 Mbp,4384109.0,151,143.2283389851849,51.40698752369952,40-151,pass,181907.0,5576439.0,93.0,PASS,99.06,88.78,86.25,"NZ_KN046818.1 Klebsiella pneumoniae strain ATCC 13883 scaffold1, whole genome shotgun sequence",Klebsiella pneumoniae
MI_KPC_875,8690544,1312272144,151,218.712,ecloacae,117,fail,pass,54.0,593.7 Mbp,4137381.0,151,143.52237732033865,50.912304679980345,40-151,pass,270094.0,5493021.0,288.0,PASS,95.39,86.17,61.54,"NZ_CP017186.1 Enterobacter hormaechei subsp. hoffmannii strain DSM 14563 chromosome, complete genome",Enterobacter hormaechei
MI_KPC_876,4839900,730824900,151,121.804,klebsiella,258,fail,pass,57.0,328.6 Mbp,2296722.0,151,143.12703278846982,62.19594100325626,40-151,pass,129796.0,5507815.0,98.0,PASS,98.92,85.69,83.65,"NZ_KN046818.1 Klebsiella pneumoniae strain ATCC 13883 scaffold1, whole genome shotgun sequence",Klebsiella pneumoniae
MI_KPC_877,12347574,1864483674,151,310.747,ecloacae,116,fail,pass,55.0,851 Mbp,5905600.0,151,144.1306365144947,43.85200723487368,40-151,pass,461741.0,5395247.0,212.0,PASS,95.26,86.84,64.48,"NZ_CP017186.1 Enterobacter hormaechei subsp. hoffmannii strain DSM 14563 chromosome, complete genome",Enterobacter hormaechei
MI_KPC_878,10725040,1619481040,151,269.914,ecloacae,93,fail,pass,55.0,737.3 Mbp,5132086.0,151,143.6969848128032,47.194603075048704,40-151,pass,288084.0,5443812.0,286.0,PASS,95.04,87.76,62.81,"NZ_CP017186.1 Enterobacter hormaechei subsp. hoffmannii strain DSM 14563 chromosome, complete genome",Enterobacter hormaechei
MI_KPC_879,14138342,2134889642,151,355.815,klebsiella,461,fail,pass,57.0,970.4 Mbp,6722267.0,151,144.38459614888848,40.99717574939268,40-151,pass,179981.0,5773449.0,86.0,PASS,99.0,86.51,81.37,"NZ_KN046818.1 Klebsiella pneumoniae strain ATCC 13883 scaffold1, whole genome shotgun sequence",Klebsiella pneumoniae
MI_KPC_87,8728392,1317987192,151,219.665,ecoli_achtman_4,131,fail,pass,51.0,598.6 Mbp,4223677.0,151,141.75519529547358,41.702556978326726,40-151,pass,173728.0,5365172.0,118.0,PASS,97.85,87.92,79.55,"NZ_CP033092.2 Escherichia coli DSM 30083 = JCM 1649 = ATCC 11775 chromosome, complete genome",Escherichia coli
MI_KPC_880,8529340,1287930340,151,214.655,ecoli_achtman_4,-,fail,pass,51.0,584.7 Mbp,4084380.0,151,143.1838927817686,50.41616407905081,40-151,pass,258208.0,5492458.0,415.0,PASS,98.41,86.45,64.15,"NZ_CP033092.2 Escherichia coli DSM 30083 = JCM 1649 = ATCC 11775 chromosome, complete genome",Escherichia coli
MI_KPC_881,7834724,1183043324,151,197.174,ecloacae,78,fail,pass,55.0,535.1 Mbp,3739304.0,151,143.134418865115,52.91930672360046,40-151,pass,270729.0,5240849.0,299.0,PASS,98.78,90.87,66.88,"NZ_CP017186.1 Enterobacter hormaechei subsp. hoffmannii strain DSM 14563 chromosome, complete genome",Enterobacter hormaechei
MI_KPC_882,10040616,1516133016,151,252.689,klebsiella,219,fail,pass,57.0,687 Mbp,4772068.0,151,143.9936673157214,49.39071873883593,40-151,pass,178516.0,5589192.0,78.0,PASS,99.02,85.49,82.64,"NZ_KN046818.1 Klebsiella pneumoniae strain ATCC 13883 scaffold1, whole genome shotgun sequence",Klebsiella pneumoniae
MI_KPC_883,11197668,1690847868,151,281.808,klebsiella,258,fail,pass,56.0,770.2 Mbp,5345978.0,151,144.10388744585185,44.94425334463937,40-151,pass,123722.0,5526406.0,100.0,PASS,98.89,85.52,83.14,"NZ_KN046818.1 Klebsiella pneumoniae strain ATCC 13883 scaffold1, whole genome shotgun sequence",Klebsiella pneumoniae
MI_KPC_884,7100190,1072128690,151,178.688,ecloacae,88,fail,pass,55.0,486.3 Mbp,3403407.0,151,142.91470106278797,55.83081165264088,40-151,pass,233696.0,5606010.0,370.0,PASS,95.27,86.26,59.06,"NZ_CP017186.1 Enterobacter hormaechei subsp. hoffmannii strain DSM 14563 chromosome, complete genome",Enterobacter hormaechei
MI_KPC_885,14476158,2185899858,151,364.317,ecloacae,117,fail,pass,55.0,997.3 Mbp,6916019.0,151,144.2309562770143,39.422036735939706,40-151,pass,446778.0,5329897.0,257.0,PASS,95.26,85.82,63.34,"NZ_CP017186.1 Enterobacter hormaechei subsp. hoffmannii strain DSM 14563 chromosome, complete genome",Enterobacter hormaechei
MI_KPC_886,8192008,1236993208,151,206.166,cfreundii,163,fail,pass,52.0,559.9 Mbp,3909092.0,151,143.2577739280631,51.16488648937458,40-151,pass,250538.0,5457727.0,349.0,PASS,98.5,89.21,65.17,"NZ_CP049015.1 Citrobacter freundii ATCC 8090 = MTCC 1658 = NBRC 12681 strain ATCC 8090 chromosome, complete genome",Citrobacter freundii
MI_KPC_887,10870646,1641467546,151,273.578,klebsiella,17,fail,pass,57.0,747.6 Mbp,5187323.0,151,144.14229902398597,47.632445115662485,40-151,pass,207029.0,5645014.0,82.0,PASS,99.0,86.47,82.98,"NZ_KN046818.1 Klebsiella pneumoniae strain ATCC 13883 scaffold1, whole genome shotgun sequence",Klebsiella pneumoniae
MI_KPC_888,7595392,1146904192,151,191.151,ecloacae,171,fail,pass,54.0,518.3 Mbp,3599155.0,151,144.04002106049893,52.73996241357496,40-151,pass,269528.0,5368750.0,266.0,PASS,95.38,86.66,63.95,"NZ_CP017186.1 Enterobacter hormaechei subsp. hoffmannii strain DSM 14563 chromosome, complete genome",Enterobacter hormaechei
MI_KPC_889,13095218,1977377918,151,329.563,klebsiella,258,fail,pass,57.0,891.9 Mbp,6201669.0,151,143.84382284833325,43.16513606103583,40-151,pass,142147.0,5308570.0,89.0,PASS,99.05,85.05,86.41,"NZ_KN046818.1 Klebsiella pneumoniae strain ATCC 13883 scaffold1, whole genome shotgun sequence",Klebsiella pneumoniae
MI_KPC_88,13416776,2025933176,151,337.656,cfreundii,22,fail,pass,52.0,918.8 Mbp,6468982.0,151,142.05656933347473,40.77243918026918,40-151,pass,151179.0,5272979.0,100.0,PASS,98.83,90.13,82.7,"NZ_CP049015.1 Citrobacter freundii ATCC 8090 = MTCC 1658 = NBRC 12681 strain ATCC 8090 chromosome, complete genome",Citrobacter freundii
MI_KPC_890,13491780,2037258780,151,339.543,klebsiella,258,fail,pass,57.0,925.1 Mbp,6421399.0,151,144.09522862541326,42.424870004019546,40-151,pass,126390.0,5428967.0,89.0,PASS,99.01,85.69,85.66,"NZ_KN046818.1 Klebsiella pneumoniae strain ATCC 13883 scaffold1, whole genome shotgun sequence",Klebsiella pneumoniae
MI_KPC_891,7267294,1097361394,151,182.894,klebsiella,11,fail,pass,57.0,496.6 Mbp,3446454.0,151,144.12732129893507,54.687987498304224,40-151,pass,203714.0,5586064.0,95.0,PASS,99.06,88.38,85.89,"NZ_KN046818.1 Klebsiella pneumoniae strain ATCC 13883 scaffold1, whole genome shotgun sequence",Klebsiella pneumoniae
MI_KPC_892,10352578,1563239278,151,260.54,klebsiella,13,fail,pass,57.0,709.7 Mbp,4944434.0,151,143.5552510155864,48.87861141363771,40-151,pass,185372.0,5610889.0,90.0,PASS,98.91,85.24,82.09,"NZ_KN046818.1 Klebsiella pneumoniae strain ATCC 13883 scaffold1, whole genome shotgun sequence",Klebsiella pneumoniae
MI_KPC_893,5313160,802287160,151,133.715,klebsiella,11,fail,pass,57.0,362.6 Mbp,2527544.0,151,143.50603669016246,61.30598169134718,40-151,pass,143019.0,5666167.0,101.0,PASS,99.06,88.11,84.16,"NZ_KN046818.1 Klebsiella pneumoniae strain ATCC 13883 scaffold1, whole genome shotgun sequence",Klebsiella pneumoniae
MI_KPC_894,17530132,2647049932,151,441.175,klebsiella,11,fail,pass,57.0,1.2 Gbp,8395420.0,151,144.33179245350442,37.875323065609294,40-151,pass,181907.0,5576832.0,95.0,PASS,99.05,88.7,86.73,"NZ_KN046818.1 Klebsiella pneumoniae strain ATCC 13883 scaffold1, whole genome shotgun sequence",Klebsiella pneumoniae
MI_KPC_895,10237612,1545879412,151,257.647,klebsiella,846,fail,pass,57.0,696.6 Mbp,4840122.0,151,143.9466806828423,48.57280832965377,40-151,pass,199664.0,5522015.0,68.0,PASS,98.93,85.36,83.62,"NZ_KN046818.1 Klebsiella pneumoniae strain ATCC 13883 scaffold1, whole genome shotgun sequence",Klebsiella pneumoniae
MI_KPC_896,5532582,835419882,151,139.237,ecoli_achtman_4,6447,fail,pass,51.0,377.6 Mbp,2656570.0,151,142.18139781748647,59.84210080734008,40-151,pass,55230.0,5667369.0,648.0,FAIL,96.5,74.27,52.09,"NZ_CP033092.2 Escherichia coli DSM 30083 = JCM 1649 = ATCC 11775 chromosome, complete genome",Escherichia coli
MI_KPC_897,5485274,828276374,151,138.046,kaerogenes,93,fail,pass,55.0,372.8 Mbp,2618039.0,151,142.4465028977796,61.909637438431766,40-151,pass,192645.0,5728376.0,298.0,PASS,98.48,89.28,68.55,"NC_015663.1 Klebsiella aerogenes KCTC 2190, complete sequence",Klebsiella aerogenes
MI_KPC_898,8774868,1325005068,151,220.834,ecloacae,78,fail,pass,55.0,602.2 Mbp,4195544.0,151,143.55734917808036,49.54376698202103,40-151,pass,317334.0,5169950.0,277.0,PASS,98.82,90.94,68.26,"NZ_CP017186.1 Enterobacter hormaechei subsp. hoffmannii strain DSM 14563 chromosome, complete genome",Enterobacter hormaechei
MI_KPC_899,10644400,1607304400,151,267.884,klebsiella,234,fail,pass,57.0,731.3 Mbp,5079958.0,151,143.98966526888609,47.90367752579541,40-151,pass,277109.0,5604141.0,66.0,PASS,99.06,88.04,85.31,"NZ_KN046818.1 Klebsiella pneumoniae strain ATCC 13883 scaffold1, whole genome shotgun sequence",Klebsiella pneumoniae
MI_KPC_89,1604160,242228160,151,40.3714,ypseudotuberculosis_achtman_3,-,fail,pass,58.0,100.3 Mbp,778268.0,151,128.9552557730756,81.77509965365249,40-151,pass,328669.0,5254709.0,58.0,PASS,98.91,92.69,88.73,"NZ_CP018925.1 Serratia marcescens strain UMH3 chromosome, complete genome",Serratia marcescens
MI_KPC_8,13333704,2013389304,151,335.565,ecloacae,171,fail,pass,55.0,655.1 Mbp,6174807.0,107,106.121540478917,36.8445323194954,40-151,pass,226492.0,5069532.0,59.0,PASS,95.75,86.11,79.33,"NZ_CP017186.1 Enterobacter hormaechei subsp. hoffmannii strain DSM 14563 chromosome, complete genome",Enterobacter hormaechei
MI_KPC_900,6516264,983955864,151,163.993,klebsiella,234,fail,pass,57.0,444.8 Mbp,3102876.0,151,143.39446371688717,58.03731788689066,40-151,pass,276119.0,5524225.0,65.0,PASS,99.06,87.43,85.31,"NZ_KN046818.1 Klebsiella pneumoniae strain ATCC 13883 scaffold1, whole genome shotgun sequence",Klebsiella pneumoniae
MI_KPC_901,11771464,1777491064,151,296.249,klebsiella,258,fail,pass,57.0,804.8 Mbp,5595202.0,151,143.8692610204243,44.77611915331462,40-151,pass,130420.0,5384723.0,92.0,PASS,99.05,84.51,85.05,"NZ_KN046818.1 Klebsiella pneumoniae strain ATCC 13883 scaffold1, whole genome shotgun sequence",Klebsiella pneumoniae
MI_KPC_902,12153078,1835114778,151,305.852,klebsiella,422,fail,pass,57.0,832.3 Mbp,5766478.0,151,144.35617494768903,44.60253306060674,40-151,pass,227895.0,5496583.0,68.0,PASS,98.93,85.68,84.39,"NZ_KN046818.1 Klebsiella pneumoniae strain ATCC 13883 scaffold1, whole genome shotgun sequence",Klebsiella pneumoniae
MI_KPC_903,13069790,1973538290,151,328.923,klebsiella,11,fail,pass,57.0,894 Mbp,6219216.0,151,143.77203348460642,43.96353879386152,40-151,pass,203033.0,5683875.0,110.0,PASS,99.02,88.97,84.86,"NZ_KN046818.1 Klebsiella pneumoniae strain ATCC 13883 scaffold1, whole genome shotgun sequence",Klebsiella pneumoniae
MI_KPC_904,15119710,2283076210,151,380.513,kaerogenes,93,fail,pass,55.0,1 Gbp,7233393.0,151,144.29293113204272,40.38715719561646,40-151,pass,243846.0,5539059.0,163.0,PASS,98.54,89.2,74.55,"NC_015663.1 Klebsiella aerogenes KCTC 2190, complete sequence",Klebsiella aerogenes
MI_KPC_905,12463184,1881940784,151,313.657,klebsiella,258,fail,pass,57.0,854.3 Mbp,5930345.0,151,144.09024618297923,45.9106944480455,40-151,pass,99769.0,6047633.0,293.0,PASS,98.68,87.17,76.37,"NZ_KN046818.1 Klebsiella pneumoniae strain ATCC 13883 scaffold1, whole genome shotgun sequence",Klebsiella pneumoniae
MI_KPC_906,10632590,1605521090,151,267.587,ecloacae,-,fail,pass,55.0,730.8 Mbp,5088532.0,151,143.63835011747986,46.50133588769936,40-151,pass,300740.0,5138634.0,284.0,PASS,95.26,86.21,65.25,"NZ_CP017186.1 Enterobacter hormaechei subsp. hoffmannii strain DSM 14563 chromosome, complete genome",Enterobacter hormaechei
MI_KPC_907,11442942,1727884242,151,287.981,klebsiella,258,fail,pass,56.0,786.3 Mbp,5465775.0,151,143.8914137519382,44.77018154099207,40-151,pass,126085.0,5521491.0,94.0,PASS,98.9,85.51,84.12,"NZ_KN046818.1 Klebsiella pneumoniae strain ATCC 13883 scaffold1, whole genome shotgun sequence",Klebsiella pneumoniae
MI_KPC_908,6265996,946165396,151,157.694,cfreundii,1106,fail,pass,53.0,428.5 Mbp,2986485.0,151,143.51089491492507,56.62457281196318,40-151,pass,262211.0,5361007.0,184.0,PASS,98.5,91.55,69.04,"UAVY01000011.1 Citrobacter koseri strain NCTC10786 genome assembly, contig: ERS513143SCcontig000011, whole genome shotgun sequence",Citrobacter koseri
MI_KPC_909,8048814,1215370914,151,202.562,ecloacae,855,fail,pass,55.0,544.2 Mbp,3832595.0,151,142.02802070137858,51.71603424740464,40-151,pass,158268.0,5310112.0,383.0,PASS,98.84,85.76,64.66,"NZ_CP017181.1 Enterobacter kobei strain DSM 13645 chromosome, complete genome",Enterobacter kobei
MI_KPC_90,10534316,1590681716,151,265.114,-,-,fail,pass,67.0,726.3 Mbp,5095683.0,151,142.57018578274983,51.99795492204824,40-151,pass,366443.0,6558415.0,65.0,PASS,98.03,84.8,82.83,"NZ_BCTO01000001.1 Delftia tsuruhatensis NBRC 16741, whole genome shotgun sequence",Delftia tsuruhatensis
MI_KPC_910,15240572,2301326372,151,383.554,klebsiella,258,fail,pass,57.0,1 Gbp,7253499.0,151,143.5240676258451,39.59231647197922,40-151,pass,136079.0,5219580.0,90.0,PASS,99.01,83.27,86.81,"NZ_KN046818.1 Klebsiella pneumoniae strain ATCC 13883 scaffold1, whole genome shotgun sequence",Klebsiella pneumoniae
MI_KPC_911,13800400,2083860400,151,347.31,ecloacae,127,fail,pass,55.0,937.6 Mbp,6554049.0,151,143.07794220031008,41.19386763671567,40-151,pass,255918.0,5233706.0,202.0,PASS,95.26,85.67,65.22,"NZ_CP017186.1 Enterobacter hormaechei subsp. hoffmannii strain DSM 14563 chromosome, complete genome",Enterobacter hormaechei
MI_KPC_912,12657782,1911325082,151,318.554,klebsiella,11,fail,pass,57.0,864.9 Mbp,6033531.0,151,143.3731030801035,44.394514164055884,40-151,pass,185395.0,5567195.0,83.0,PASS,99.01,88.77,87.61,"NZ_KN046818.1 Klebsiella pneumoniae strain ATCC 13883 scaffold1, whole genome shotgun sequence",Klebsiella pneumoniae
MI_KPC_913,11350696,1713955096,151,285.659,ecoli_achtman_4,167,fail,pass,51.0,768 Mbp,5383692.0,151,142.67718026959938,46.07020661274707,40-151,pass,76052.0,5660547.0,387.0,PASS,96.11,78.44,58.66,"NZ_CP033092.2 Escherichia coli DSM 30083 = JCM 1649 = ATCC 11775 chromosome, complete genome",Escherichia coli
MI_KPC_914,10320150,1558342650,151,259.724,klebsiella,234,fail,pass,57.0,701.7 Mbp,4896750.0,151,143.32988267728595,48.21738297092823,40-151,pass,276163.0,5521980.0,67.0,PASS,99.11,87.43,86.56,"NZ_KN046818.1 Klebsiella pneumoniae strain ATCC 13883 scaffold1, whole genome shotgun sequence",Klebsiella pneumoniae
MI_KPC_915,17483590,2640022090,151,440.004,klebsiella,502,fail,pass,56.0,1.2 Gbp,8378474.0,151,143.72253455700883,37.93506703295286,40-151,pass,131538.0,5660704.0,135.0,PASS,99.05,83.92,80.8,"NZ_KN046818.1 Klebsiella pneumoniae strain ATCC 13883 scaffold1, whole genome shotgun sequence",Klebsiella pneumoniae
MI_KPC_916,16119776,2434086176,151,405.681,klebsiella,11,fail,pass,57.0,1.1 Gbp,7685032.0,151,143.70839093448146,39.72038655010188,40-151,pass,185395.0,5696689.0,80.0,PASS,99.07,87.99,84.98,"NZ_KN046818.1 Klebsiella pneumoniae strain ATCC 13883 scaffold1, whole genome shotgun sequence",Klebsiella pneumoniae
MI_KPC_917,9950640,1502546640,151,250.424,ecloacae,108,fail,pass,55.0,678.2 Mbp,4736301.0,151,143.22697248337892,47.18732990066091,40-151,pass,130312.0,6015596.0,875.0,FAIL,95.27,85.63,53.73,"NZ_CP017186.1 Enterobacter hormaechei subsp. hoffmannii strain DSM 14563 chromosome, complete genome",Enterobacter hormaechei
MI_KPC_918,9751284,1472443884,151,245.407,klebsiella,13,fail,pass,56.0,666.4 Mbp,4642896.0,151,143.566492335818,47.96538805321465,40-151,pass,222673.0,5691014.0,86.0,PASS,98.95,86.06,82.58,"NZ_KN046818.1 Klebsiella pneumoniae strain ATCC 13883 scaffold1, whole genome shotgun sequence",Klebsiella pneumoniae
MI_KPC_919,10168218,1535400918,151,255.9,ecloacae,78,fail,pass,55.0,685.3 Mbp,4805776.0,151,142.63626228105514,47.541796694223606,40-151,pass,321016.0,5073405.0,212.0,PASS,98.82,90.9,71.02,"NZ_CP017186.1 Enterobacter hormaechei subsp. hoffmannii strain DSM 14563 chromosome, complete genome",Enterobacter hormaechei
MI_KPC_91,11376724,1717885324,151,286.314,ecloacae,93,fail,pass,55.0,782.9 Mbp,5495986.0,151,142.4696412982129,43.99970141588295,40-151,pass,350818.0,5194330.0,77.0,PASS,95.63,85.35,76.07,"NZ_CP017186.1 Enterobacter hormaechei subsp. hoffmannii strain DSM 14563 chromosome, complete genome",Enterobacter hormaechei
MI_KPC_920,12570662,1898169962,151,316.362,klebsiella,697,fail,pass,57.0,857.8 Mbp,5971520.0,151,143.68447413723808,45.09322656010284,40-151,pass,342465.0,5613358.0,49.0,PASS,98.95,91.43,87.69,"NZ_CP010523.2 Klebsiella variicola strain DSM 15968 chromosome, complete genome",Klebsiella variicola
MI_KPC_921,11152000,1683952000,151,280.659,klebsiella,258,fail,pass,57.0,753.3 Mbp,5270251.0,151,142.9641060738853,47.15734648148885,40-151,pass,126074.0,5551415.0,107.0,PASS,98.96,85.75,84.38,"NZ_KN046818.1 Klebsiella pneumoniae strain ATCC 13883 scaffold1, whole genome shotgun sequence",Klebsiella pneumoniae
MI_KPC_922,9606570,1450592070,151,241.765,ecloacae,597,fail,pass,55.0,655.3 Mbp,4583713.0,151,142.99553200647597,47.89739287333799,40-151,pass,344444.0,5022845.0,209.0,PASS,95.26,85.81,67.95,"NZ_CP017186.1 Enterobacter hormaechei subsp. hoffmannii strain DSM 14563 chromosome, complete genome",Enterobacter hormaechei
MI_KPC_923,7364332,1112014132,151,185.336,cfreundii,857,fail,pass,53.0,500.8 Mbp,3522915.0,151,142.18346085556988,55.17192870905764,40-151,pass,175855.0,5418599.0,251.0,PASS,96.24,88.84,68.14,"NZ_CP077291.1 Citrobacter farmeri strain FDAARGOS 1423 chromosome, complete genome",Citrobacter farmeri
MI_KPC_924,8833786,1333901686,151,222.317,klebsiella,258,fail,pass,57.0,598.7 Mbp,4202778.0,151,142.47655836211192,51.68826503399813,40-151,pass,142206.0,5447317.0,95.0,PASS,99.11,85.64,85.57,"NZ_KN046818.1 Klebsiella pneumoniae strain ATCC 13883 scaffold1, whole genome shotgun sequence",Klebsiella pneumoniae
MI_KPC_925,10532504,1590408104,151,265.068,klebsiella,-,fail,pass,57.0,719.3 Mbp,5019319.0,151,143.3378069813853,47.15635670544903,40-151,pass,199544.0,5409765.0,61.0,PASS,99.0,86.13,86.53,"NZ_KN046818.1 Klebsiella pneumoniae strain ATCC 13883 scaffold1, whole genome shotgun sequence",Klebsiella pneumoniae
MI_KPC_926,11497580,1736134580,151,289.356,klebsiella,11,fail,pass,57.0,784.8 Mbp,5471302.0,151,143.46690038312636,46.163443997991926,40-151,pass,188836.0,5693798.0,77.0,PASS,99.11,87.94,84.94,"NZ_KN046818.1 Klebsiella pneumoniae strain ATCC 13883 scaffold1, whole genome shotgun sequence",Klebsiella pneumoniae
MI_KPC_927,3100442,468166742,151,78.0278,koxytoca,-,fail,pass,56.0,211.6 Mbp,1474314.0,151,143.61141724218857,68.81298263194961,40-151,pass,198876.0,5703109.0,98.0,PASS,99.35,92.66,84.36,"NZ_BCYR01000001.1 Raoultella ornithinolytica NBRC 105727 = ATCC 31898 strain NBRC 105727, whole genome shotgun sequence",Raoultella ornithinolytica
MI_KPC_928,15006326,2265955226,151,377.659,klebsiella,11,fail,pass,57.0,1 Gbp,7146746.0,151,143.42906729859996,41.37565921615053,40-151,pass,185395.0,5693531.0,92.0,PASS,99.06,89.08,86.12,"NZ_KN046818.1 Klebsiella pneumoniae strain ATCC 13883 scaffold1, whole genome shotgun sequence",Klebsiella pneumoniae
MI_KPC_929,6549138,988919838,151,164.82,ecoli_achtman_4,131,fail,pass,51.0,439.4 Mbp,3109810.0,151,141.33661220460414,54.87188153990356,40-151,pass,186402.0,5561501.0,433.0,PASS,97.83,87.12,63.66,"NZ_CP033092.2 Escherichia coli DSM 30083 = JCM 1649 = ATCC 11775 chromosome, complete genome",Escherichia coli
MI_KPC_92,12202708,1842608908,151,307.101,ecloacae,461,fail,pass,55.0,835.6 Mbp,5887111.0,151,141.95897172653954,42.20281259515934,40-151,pass,234178.0,4853859.0,50.0,PASS,95.67,85.32,81.2,"NZ_CP017186.1 Enterobacter hormaechei subsp. hoffmannii strain DSM 14563 chromosome, complete genome",Enterobacter hormaechei
MI_KPC_930,10636782,1606154082,151,267.692,ecloacae,597,fail,pass,55.0,723.2 Mbp,5056719.0,151,143.03774028179143,46.56773078519339,40-151,pass,346607.0,5148098.0,204.0,PASS,95.26,85.99,67.03,"NZ_CP017186.1 Enterobacter hormaechei subsp. hoffmannii strain DSM 14563 chromosome, complete genome",Enterobacter hormaechei
MI_KPC_931,8916416,1346378816,151,224.396,ecoli_achtman_4,410,fail,pass,51.0,607 Mbp,4267798.0,151,142.2632669118829,49.76857284058126,40-151,pass,95486.0,5501939.0,364.0,PASS,96.26,79.79,60.78,"NZ_CP033092.2 Escherichia coli DSM 30083 = JCM 1649 = ATCC 11775 chromosome, complete genome",Escherichia coli
MI_KPC_932,9824450,1483491950,151,247.249,klebsiella,11,fail,pass,57.0,670.3 Mbp,4662574.0,151,143.78356482921237,48.99441397087337,40-151,pass,213030.0,5675432.0,98.0,PASS,99.06,88.99,86.36,"NZ_KN046818.1 Klebsiella pneumoniae strain ATCC 13883 scaffold1, whole genome shotgun sequence",Klebsiella pneumoniae
MI_KPC_933,12749898,1925234598,151,320.872,klebsiella,11,fail,pass,57.0,862.2 Mbp,6026140.0,151,143.10221601224,44.58784136067865,40-151,pass,174103.0,5700997.0,85.0,PASS,99.0,88.0,84.9,"NZ_KN046818.1 Klebsiella pneumoniae strain ATCC 13883 scaffold1, whole genome shotgun sequence",Klebsiella pneumoniae
MI_KPC_934,11121210,1679302710,151,279.884,klebsiella,258,fail,pass,57.0,760.4 Mbp,5295689.0,151,143.6235307624749,45.53529694943175,40-151,pass,137373.0,5427876.0,92.0,PASS,98.96,85.86,86.82,"NZ_KN046818.1 Klebsiella pneumoniae strain ATCC 13883 scaffold1, whole genome shotgun sequence",Klebsiella pneumoniae
MI_KPC_935,11590358,1750144058,151,291.691,klebsiella,11,fail,pass,57.0,784.7 Mbp,5490537.0,151,142.9517087308582,47.12120932098526,40-151,pass,159466.0,5696252.0,82.0,PASS,99.11,87.99,84.9,"NZ_KN046818.1 Klebsiella pneumoniae strain ATCC 13883 scaffold1, whole genome shotgun sequence",Klebsiella pneumoniae
MI_KPC_936,12555000,1895805000,151,315.967,koxytoca,-,fail,pass,55.0,843.1 Mbp,5909109.0,151,142.70748906476425,45.138580314188985,40-151,pass,242611.0,5804808.0,176.0,PASS,99.35,92.67,77.97,"NZ_BCYR01000001.1 Raoultella ornithinolytica NBRC 105727 = ATCC 31898 strain NBRC 105727, whole genome shotgun sequence",Raoultella ornithinolytica
MI_KPC_937,12843470,1939363970,151,323.227,klebsiella,37,fail,pass,57.0,872.5 Mbp,6071315.0,151,143.73182465413177,43.619091621099216,40-151,pass,172498.0,5308296.0,70.0,PASS,99.0,85.52,88.07,"NZ_KN046818.1 Klebsiella pneumoniae strain ATCC 13883 scaffold1, whole genome shotgun sequence",Klebsiella pneumoniae
MI_KPC_938,11908710,1798215210,151,299.703,klebsiella,11,fail,pass,57.0,804.7 Mbp,5616398.0,151,143.30681568507077,45.79548926443328,40-151,pass,155983.0,5639966.0,95.0,PASS,99.01,88.95,86.87,"NZ_KN046818.1 Klebsiella pneumoniae strain ATCC 13883 scaffold1, whole genome shotgun sequence",Klebsiella pneumoniae
MI_KPC_939,8174160,1234298160,151,205.716,ecoli_achtman_4,69,fail,pass,51.0,555.2 Mbp,3894087.0,151,142.60556145766645,52.157323001599885,40-151,pass,221617.0,5277250.0,249.0,PASS,96.3,80.31,63.74,"NZ_CP033092.2 Escherichia coli DSM 30083 = JCM 1649 = ATCC 11775 chromosome, complete genome",Escherichia coli
MI_KPC_93,12202774,1842618874,151,307.103,ecloacae,171,fail,pass,55.0,840.8 Mbp,5913228.0,151,142.2093653415698,42.36070390777403,40-151,pass,285607.0,5119950.0,69.0,PASS,95.69,86.15,78.21,"NZ_CP017186.1 Enterobacter hormaechei subsp. hoffmannii strain DSM 14563 chromosome, complete genome",Enterobacter hormaechei
MI_KPC_940,13704882,2069437182,151,344.906,klebsiella,258,fail,pass,57.0,933.6 Mbp,6514125.0,151,143.34206128988927,43.19338586603747,40-151,pass,133926.0,5596074.0,84.0,PASS,98.92,88.6,85.01,"NZ_KN046818.1 Klebsiella pneumoniae strain ATCC 13883 scaffold1, whole genome shotgun sequence",Klebsiella pneumoniae
MI_KPC_941,11119594,1679058694,151,279.843,klebsiella,219,fail,pass,57.0,757.2 Mbp,5296689.0,151,142.98533498946227,47.4190699689039,40-151,pass,262128.0,5504752.0,78.0,PASS,99.0,84.24,82.88,"NZ_KN046818.1 Klebsiella pneumoniae strain ATCC 13883 scaffold1, whole genome shotgun sequence",Klebsiella pneumoniae
MI_KPC_942,10021728,1513280928,151,252.213,cfreundii,11,fail,pass,52.0,682.7 Mbp,4794398.0,151,142.4328877160386,49.49071499812009,40-151,pass,175996.0,5711534.0,309.0,PASS,98.16,86.27,62.78,"NZ_CP049015.1 Citrobacter freundii ATCC 8090 = MTCC 1658 = NBRC 12681 strain ATCC 8090 chromosome, complete genome",Citrobacter freundii
MI_KPC_943,14821680,2238073680,151,373.012,klebsiella,11,fail,pass,57.0,1 Gbp,7022886.0,151,143.3364468681394,41.765257743338594,40-151,pass,141791.0,5691396.0,103.0,PASS,99.11,89.01,85.96,"NZ_KN046818.1 Klebsiella pneumoniae strain ATCC 13883 scaffold1, whole genome shotgun sequence",Klebsiella pneumoniae
MI_KPC_944,9058044,1367764644,151,227.961,ecloacae,855,fail,pass,55.0,612.2 Mbp,4325861.0,151,141.5612750848906,50.38440966474222,40-151,pass,191205.0,5245488.0,273.0,PASS,98.75,87.5,69.03,"NZ_CP017181.1 Enterobacter kobei strain DSM 13645 chromosome, complete genome",Enterobacter kobei
MI_KPC_945,14484178,2187110878,151,364.518,klebsiella,11,fail,pass,57.0,992 Mbp,6904196.0,151,143.7150947047274,41.67935941449091,40-151,pass,185395.0,5645057.0,99.0,PASS,99.07,88.97,86.62,"NZ_KN046818.1 Klebsiella pneumoniae strain ATCC 13883 scaffold1, whole genome shotgun sequence",Klebsiella pneumoniae
MI_KPC_946,11758864,1775588464,151,295.931,klebsiella,11,fail,pass,57.0,802.1 Mbp,5616003.0,151,142.86095342185536,46.827639278152645,40-151,pass,143020.0,5804708.0,152.0,PASS,99.1,88.57,83.59,"NZ_KN046818.1 Klebsiella pneumoniae strain ATCC 13883 scaffold1, whole genome shotgun sequence",Klebsiella pneumoniae
MI_KPC_947,12264736,1851975136,151,308.663,klebsiella,258,fail,pass,57.0,833 Mbp,5804199.0,151,143.55176519619675,44.54904560089371,40-151,pass,133888.0,5478348.0,77.0,PASS,98.9,88.69,88.79,"NZ_KN046818.1 Klebsiella pneumoniae strain ATCC 13883 scaffold1, whole genome shotgun sequence",Klebsiella pneumoniae
MI_KPC_948,8283560,1250817560,151,208.47,ecloacae,171,fail,pass,55.0,564.2 Mbp,3950413.0,151,142.84514353309388,51.19336758219396,40-151,pass,228242.0,5064531.0,193.0,PASS,95.39,86.52,68.12,"NZ_CP017186.1 Enterobacter hormaechei subsp. hoffmannii strain DSM 14563 chromosome, complete genome",Enterobacter hormaechei
MI_KPC_949,7163426,1081677326,151,180.28,ecoli_achtman_4,131,fail,pass,51.0,486.2 Mbp,3428375.0,151,141.8426738615233,54.43449751882755,40-151,pass,160077.0,5475966.0,403.0,PASS,97.92,85.68,64.41,"NZ_CP033092.2 Escherichia coli DSM 30083 = JCM 1649 = ATCC 11775 chromosome, complete genome",Escherichia coli
MI_KPC_94,11412098,1723226798,151,287.204,cfreundii,1101,fail,pass,52.0,784.8 Mbp,5522265.0,151,142.14798112730918,44.7138005385396,40-151,pass,278545.0,5354413.0,43.0,PASS,98.48,89.03,79.97,"NZ_CP049015.1 Citrobacter freundii ATCC 8090 = MTCC 1658 = NBRC 12681 strain ATCC 8090 chromosome, complete genome",Citrobacter freundii
MI_KPC_950,2301924,347590524,151,57.9318,ypseudotuberculosis_achtman_3,-,fail,pass,59.0,148.2 Mbp,1099806.0,151,134.8184452530719,78.17628742390797,40-151,pass,291767.0,5979065.0,599.0,FAIL,98.78,92.02,65.2,"NZ_CP018925.1 Serratia marcescens strain UMH3 chromosome, complete genome",Serratia marcescens
MI_KPC_951,7278240,1099014240,151,183.169,ecloacae,484,fail,pass,55.0,493.9 Mbp,3480037.0,151,141.9592607779745,55.19388601199231,40-151,pass,175688.0,5558776.0,326.0,PASS,97.96,91.14,65.66,"NZ_AP019632.1 Enterobacter asburiae strain 1808-013 chromosome, complete genome",Enterobacter asburiae
MI_KPC_952,3897350,588499850,151,98.0833,klebsiella,37,fail,pass,57.0,252.7 Mbp,1855866.0,151,136.18352294831632,69.42984383868331,40-151,pass,172847.0,5609830.0,94.0,PASS,99.0,87.12,84.56,"NZ_KN046818.1 Klebsiella pneumoniae strain ATCC 13883 scaffold1, whole genome shotgun sequence",Klebsiella pneumoniae
MI_KPC_953,12690962,1916335262,151,319.389,klebsiella,11,fail,pass,57.0,857.2 Mbp,6025468.0,151,142.2937434901322,44.58695993377926,40-151,pass,203686.0,5736681.0,81.0,PASS,99.01,88.47,85.04,"NZ_KN046818.1 Klebsiella pneumoniae strain ATCC 13883 scaffold1, whole genome shotgun sequence",Klebsiella pneumoniae
MI_KPC_954,10924954,1649668054,151,274.945,cfreundii,125,fail,pass,52.0,736.9 Mbp,5257096.0,151,140.20142888773574,48.65536479872433,40-151,pass,240171.0,5625758.0,160.0,PASS,98.59,88.84,69.3,"NZ_CP049015.1 Citrobacter freundii ATCC 8090 = MTCC 1658 = NBRC 12681 strain ATCC 8090 chromosome, complete genome",Citrobacter freundii
MI_KPC_955,16129758,2435593458,151,405.932,klebsiella,258,fail,pass,57.0,1 Gbp,7489569.0,151,141.7870906857257,40.64947348251141,40-151,pass,129409.0,5648777.0,93.0,PASS,99.0,86.53,84.23,"NZ_KN046818.1 Klebsiella pneumoniae strain ATCC 13883 scaffold1, whole genome shotgun sequence",Klebsiella pneumoniae
MI_KPC_956,12320996,1860470396,151,310.078,ecloacae,190,fail,pass,55.0,822.9 Mbp,5831341.0,151,141.1423437593514,44.1275309425652,40-151,pass,286415.0,5094528.0,123.0,PASS,95.03,86.49,71.76,"NZ_CP017186.1 Enterobacter hormaechei subsp. hoffmannii strain DSM 14563 chromosome, complete genome",Enterobacter hormaechei
MI_KPC_957,10698280,1615440280,151,269.24,ecloacae,597,fail,pass,55.0,718.1 Mbp,5057273.0,151,142.02124583743057,45.78632030043188,40-151,pass,311010.0,4992101.0,85.0,PASS,95.26,86.06,74.37,"NZ_CP017186.1 Enterobacter hormaechei subsp. hoffmannii strain DSM 14563 chromosome, complete genome",Enterobacter hormaechei
MI_KPC_958,14232892,2149166692,151,358.194,koxytoca,109,fail,pass,56.0,954.6 Mbp,6736853.0,151,141.718899017093,45.33006115030332,40-151,pass,130797.0,6483172.0,125.0,PASS,98.7,87.9,78.75,"NZ_PRDB01000030.1 Klebsiella michiganensis strain DSM 25444 map unlocalized plasmid unnamed1 contig_30, whole genome shotgun sequence",Klebsiella michiganensis
MI_KPC_959,18944232,2860579032,151,476.763,ecloacae,2948,fail,pass,55.0,1.2 Gbp,9067520.0,151,141.87111713015247,35.21023412890175,40-151,pass,250857.0,4958081.0,98.0,PASS,95.27,85.27,73.25,"NZ_CP017186.1 Enterobacter hormaechei subsp. hoffmannii strain DSM 14563 chromosome, complete genome",Enterobacter hormaechei
MI_KPC_95,12395482,1871717782,151,311.953,ecloacae,171,fail,pass,55.0,854.8 Mbp,6000056.0,151,142.4917219105955,41.91680003447156,40-151,pass,234283.0,5168378.0,69.0,PASS,95.85,86.48,77.68,"NZ_CP017186.1 Enterobacter hormaechei subsp. hoffmannii strain DSM 14563 chromosome, complete genome",Enterobacter hormaechei
MI_KPC_960,19968692,3015272492,151,502.545,klebsiella,11,fail,pass,57.0,1.3 Gbp,9383397.0,151,142.16596654708312,36.341254414976085,40-151,pass,185395.0,5664975.0,102.0,PASS,99.06,89.0,86.49,"NZ_KN046818.1 Klebsiella pneumoniae strain ATCC 13883 scaffold1, whole genome shotgun sequence",Klebsiella pneumoniae
MI_KPC_961,18249050,2755606550,151,459.268,ecloacae,190,fail,pass,55.0,1.2 Gbp,8696455.0,151,141.37969885430329,36.87866362485531,40-151,pass,286415.0,5067456.0,103.0,PASS,95.15,86.27,71.7,"NZ_CP017186.1 Enterobacter hormaechei subsp. hoffmannii strain DSM 14563 chromosome, complete genome",Enterobacter hormaechei
MI_KPC_962,6791116,1025458516,151,170.91,klebsiella,16,fail,pass,57.0,447.1 Mbp,3227343.0,151,138.56738251868487,59.520419221998765,40-151,pass,185591.0,5593585.0,88.0,PASS,99.0,86.14,83.83,"NZ_KN046818.1 Klebsiella pneumoniae strain ATCC 13883 scaffold1, whole genome shotgun sequence",Klebsiella pneumoniae
MI_KPC_963,18468788,2788786988,151,464.798,klebsiella,258,fail,pass,57.0,1.2 Gbp,8756723.0,151,141.90838547707858,36.92701409251429,40-151,pass,129796.0,5410707.0,92.0,PASS,99.0,84.22,85.68,"NZ_KN046818.1 Klebsiella pneumoniae strain ATCC 13883 scaffold1, whole genome shotgun sequence",Klebsiella pneumoniae
MI_KPC_964,19792866,2988722766,151,498.12,klebsiella,258,fail,pass,57.0,1.3 Gbp,9403837.0,151,142.43042866438455,35.61158860326162,40-151,pass,129796.0,5500964.0,95.0,PASS,98.95,85.78,85.82,"NZ_KN046818.1 Klebsiella pneumoniae strain ATCC 13883 scaffold1, whole genome shotgun sequence",Klebsiella pneumoniae
MI_KPC_965,20304814,3066026914,151,511.004,klebsiella,11,fail,pass,57.0,1.3 Gbp,9629575.0,151,141.96783762523268,36.17188094258562,40-151,pass,185395.0,5734713.0,81.0,PASS,99.01,88.52,85.2,"NZ_KN046818.1 Klebsiella pneumoniae strain ATCC 13883 scaffold1, whole genome shotgun sequence",Klebsiella pneumoniae
MI_KPC_966,15968644,2411265244,151,401.878,klebsiella,11,fail,pass,57.0,1 Gbp,7551999.0,151,142.39181467052632,39.96152125007617,40-151,pass,157522.0,5735583.0,83.0,PASS,99.07,88.49,85.13,"NZ_KN046818.1 Klebsiella pneumoniae strain ATCC 13883 scaffold1, whole genome shotgun sequence",Klebsiella pneumoniae
MI_KPC_967,13554246,2046691146,151,341.115,klebsiella,45,fail,pass,57.0,903.2 Mbp,6383833.0,151,141.50577560534558,45.10759584557045,40-151,pass,174292.0,5746541.0,98.0,PASS,99.12,86.51,82.71,"NZ_KN046818.1 Klebsiella pneumoniae strain ATCC 13883 scaffold1, whole genome shotgun sequence",Klebsiella pneumoniae
MI_KPC_968,7264,1096864,151,0.182811,-,-,fail,warn,56.0,338.5 kbp,2518.0,151,134.45790309769657,97.89515488482922,40-151,pass,503.0,1523.0,338.0,FAIL,,,,,
MI_KPC_969,16560384,2500617984,151,416.77,koxytoca,-,fail,pass,55.0,1.1 Gbp,7872081.0,151,141.72583793281598,38.62758522136918,40-151,pass,295863.0,5820148.0,105.0,PASS,99.33,92.6,81.7,"NZ_BCYR01000001.1 Raoultella ornithinolytica NBRC 105727 = ATCC 31898 strain NBRC 105727, whole genome shotgun sequence",Raoultella ornithinolytica
MI_KPC_96,830732,125440532,151,20.9068,ypseudotuberculosis_achtman_3,-,fail,pass,58.0,49.8 Mbp,400422.0,151,124.60437738186214,88.04793989219594,40-151,pass,38300.0,5237905.0,225.0,PASS,99.07,92.47,91.78,"NZ_CP018925.1 Serratia marcescens strain UMH3 chromosome, complete genome",Serratia marcescens
MI_KPC_970,11922734,1800332834,151,300.055,cfreundii,163,fail,pass,51.0,804.3 Mbp,5688094.0,151,141.4333201947788,43.79986386761689,40-151,pass,280057.0,5159210.0,116.0,PASS,98.59,89.23,77.46,"NZ_CP049015.1 Citrobacter freundii ATCC 8090 = MTCC 1658 = NBRC 12681 strain ATCC 8090 chromosome, complete genome",Citrobacter freundii
MI_KPC_971,20094744,3034306344,151,505.718,klebsiella,11,fail,pass,57.0,1.3 Gbp,9503921.0,151,142.0395840832431,36.40266778673606,40-151,pass,181902.0,5662979.0,105.0,PASS,99.07,88.76,86.29,"NZ_KN046818.1 Klebsiella pneumoniae strain ATCC 13883 scaffold1, whole genome shotgun sequence",Klebsiella pneumoniae
MI_KPC_972,15974020,2412077020,151,402.013,klebsiella,13,fail,pass,57.0,1 Gbp,7534642.0,151,142.23462694047043,39.85819204164475,40-151,pass,204332.0,5566284.0,88.0,PASS,98.96,85.5,84.08,"NZ_KN046818.1 Klebsiella pneumoniae strain ATCC 13883 scaffold1, whole genome shotgun sequence",Klebsiella pneumoniae
MI_KPC_973,5341580,806578580,151,134.43,klebsiella,48,fail,pass,58.0,352.6 Mbp,2527686.0,151,139.53665803426534,63.191015754620096,40-151,pass,230636.0,5550157.0,77.0,PASS,99.0,87.95,86.54,"NZ_KN046818.1 Klebsiella pneumoniae strain ATCC 13883 scaffold1, whole genome shotgun sequence",Klebsiella pneumoniae
MI_KPC_974,16525394,2495334494,151,415.889,cfreundii,18,fail,pass,51.0,1.1 Gbp,7895972.0,151,141.135391690852,40.07311169065908,40-151,pass,194112.0,5688508.0,139.0,PASS,98.64,90.27,70.64,"NZ_CP049015.1 Citrobacter freundii ATCC 8090 = MTCC 1658 = NBRC 12681 strain ATCC 8090 chromosome, complete genome",Citrobacter freundii
MI_KPC_975,11763014,1776215114,151,296.036,cfreundii,18,fail,pass,51.0,793.9 Mbp,5622445.0,151,141.2302516076191,45.53556584248919,40-151,pass,200800.0,5676253.0,143.0,PASS,98.64,90.2,71.39,"NZ_CP049015.1 Citrobacter freundii ATCC 8090 = MTCC 1658 = NBRC 12681 strain ATCC 8090 chromosome, complete genome",Citrobacter freundii
MI_KPC_976,9032250,1363869750,151,227.312,ecloacae,484,fail,pass,56.0,605 Mbp,4304579.0,151,140.57491034547164,49.45024518522554,40-151,pass,233336.0,5129879.0,163.0,PASS,97.98,90.98,74.17,"NZ_AP019632.1 Enterobacter asburiae strain 1808-013 chromosome, complete genome",Enterobacter asburiae
MI_KPC_977,12840858,1938969558,151,323.162,koxytoca,-,fail,pass,56.0,868.7 Mbp,6123279.0,151,141.89029472607731,44.39299726261199,40-151,pass,281941.0,5817128.0,100.0,PASS,99.33,92.54,81.96,"NZ_BCYR01000001.1 Raoultella ornithinolytica NBRC 105727 = ATCC 31898 strain NBRC 105727, whole genome shotgun sequence",Raoultella ornithinolytica
MI_KPC_978,20177566,3046812466,151,507.802,klebsiella,1438,fail,pass,57.0,1.3 Gbp,9605487.0,151,141.5797206325926,35.97141826463802,40-151,pass,174860.0,5563164.0,85.0,PASS,99.11,84.5,83.47,"NZ_KN046818.1 Klebsiella pneumoniae strain ATCC 13883 scaffold1, whole genome shotgun sequence",Klebsiella pneumoniae
MI_KPC_979,12373300,1868368300,151,311.395,klebsiella,11,fail,pass,58.0,832.1 Mbp,5848143.0,151,142.3205814221711,44.5976829233635,40-151,pass,185395.0,5683370.0,98.0,PASS,99.11,88.9,86.18,"NZ_KN046818.1 Klebsiella pneumoniae strain ATCC 13883 scaffold1, whole genome shotgun sequence",Klebsiella pneumoniae
MI_KPC_97,10649624,1608093224,151,268.016,ecloacae,171,fail,pass,54.0,729.6 Mbp,5120405.0,151,142.51689114435283,44.53670980275808,40-151,pass,217383.0,5176528.0,77.0,PASS,95.86,86.73,77.92,"NZ_CP017186.1 Enterobacter hormaechei subsp. hoffmannii strain DSM 14563 chromosome, complete genome",Enterobacter hormaechei
MI_KPC_980,16927482,2556049782,151,426.008,koxytoca,-,fail,pass,55.0,1.1 Gbp,8077309.0,151,141.42908869773336,42.20388027538714,40-151,pass,97522.0,6843626.0,206.0,PASS,98.3,87.72,73.87,"NZ_PRDB01000030.1 Klebsiella michiganensis strain DSM 25444 map unlocalized plasmid unnamed1 contig_30, whole genome shotgun sequence",Klebsiella michiganensis
MI_KPC_981,18028176,2722254576,151,453.709,klebsiella,11,fail,pass,57.0,1.2 Gbp,8607944.0,151,142.2383292688707,38.302307573688935,40-151,pass,181902.0,5652856.0,107.0,PASS,99.11,88.58,86.39,"NZ_KN046818.1 Klebsiella pneumoniae strain ATCC 13883 scaffold1, whole genome shotgun sequence",Klebsiella pneumoniae
MI_KPC_982,15329004,2314679604,151,385.78,klebsiella,258,fail,pass,57.0,1 Gbp,7199454.0,151,142.0421663920625,40.982002373221086,40-151,pass,142206.0,5621381.0,94.0,PASS,98.95,85.71,83.88,"NZ_KN046818.1 Klebsiella pneumoniae strain ATCC 13883 scaffold1, whole genome shotgun sequence",Klebsiella pneumoniae
MI_KPC_983,16181004,2443331604,151,407.222,ecloacae,78,fail,pass,55.0,1 Gbp,7808409.0,151,137.82486278574802,38.72354797435676,40-151,pass,260110.0,4888047.0,73.0,PASS,98.84,90.78,79.79,"NZ_CP017186.1 Enterobacter hormaechei subsp. hoffmannii strain DSM 14563 chromosome, complete genome",Enterobacter hormaechei
MI_KPC_984,10426992,1574475792,151,262.413,ecloacae,171,fail,pass,55.0,693.1 Mbp,4986055.0,151,139.04368403477298,45.710434412391656,40-151,pass,294715.0,4943774.0,68.0,PASS,95.27,86.7,76.61,"NZ_CP017186.1 Enterobacter hormaechei subsp. hoffmannii strain DSM 14563 chromosome, complete genome",Enterobacter hormaechei
MI_KPC_985,9357800,1413027800,151,235.505,-,-,fail,pass,59.0,611.6 Mbp,4471696.0,151,136.8058855074227,51.37552995181152,40-151,pass,342973.0,5316347.0,157.0,PASS,98.78,91.24,78.7,"NZ_JABXOF010000001.1 Serratia ureilytica strain CCUG:50595 contig00001, whole genome shotgun sequence",Serratia ureilytica
MI_KPC_986,11886080,1794798080,151,299.133,koxytoca,226,fail,pass,55.0,781.1 Mbp,5706128.0,151,136.907917593156,49.31447991184212,40-151,pass,129767.0,6736888.0,190.0,PASS,98.54,88.68,75.53,"NZ_PRDB01000030.1 Klebsiella michiganensis strain DSM 25444 map unlocalized plasmid unnamed1 contig_30, whole genome shotgun sequence",Klebsiella michiganensis
MI_KPC_987,17478150,2639200650,151,439.867,ecoli_achtman_4,162,fail,pass,51.0,1.1 Gbp,8376792.0,151,138.12392906496902,37.07810394144293,40-151,pass,143819.0,5109104.0,152.0,PASS,96.27,76.06,66.37,"NZ_CP033092.2 Escherichia coli DSM 30083 = JCM 1649 = ATCC 11775 chromosome, complete genome",Escherichia coli
MI_KPC_988,17542502,2648917802,151,441.486,klebsiella,1604,fail,pass,57.0,1.1 Gbp,8405188.0,151,139.22093366620712,38.11996050106066,40-151,pass,231113.0,5503723.0,68.0,PASS,99.0,86.5,86.41,"NZ_KN046818.1 Klebsiella pneumoniae strain ATCC 13883 scaffold1, whole genome shotgun sequence",Klebsiella pneumoniae
MI_KPC_989,17281140,2609452140,151,434.909,cfreundii,18,fail,pass,52.0,1.1 Gbp,8363254.0,151,137.76707140546011,39.12805302444956,40-151,pass,200800.0,5647866.0,121.0,PASS,98.64,90.23,72.87,"NZ_CP049015.1 Citrobacter freundii ATCC 8090 = MTCC 1658 = NBRC 12681 strain ATCC 8090 chromosome, complete genome",Citrobacter freundii
MI_KPC_98,10934462,1651103762,151,275.184,paeruginosa,-,fail,pass,66.0,760.7 Mbp,5270365.0,151,144.36438576834811,49.94392393284937,40-151,pass,768103.0,6650628.0,47.0,PASS,99.15,95.13,88.67,"NZ_LN831024.1 Pseudomonas aeruginosa strain NCTC10332 chromosome 1, complete sequence",Pseudomonas aeruginosa
MI_KPC_990,1789036,270144436,151,45.0241,koxytoca,-,fail,pass,56.0,119.5 Mbp,855468.0,151,139.74353219524284,75.57851547876396,40-151,pass,168424.0,5768801.0,88.0,PASS,99.48,92.54,88.19,"NZ_BCYR01000001.1 Raoultella ornithinolytica NBRC 105727 = ATCC 31898 strain NBRC 105727, whole genome shotgun sequence",Raoultella ornithinolytica
MI_KPC_991,10708698,1617013398,151,269.502,cfreundii,645,fail,pass,53.0,703.7 Mbp,5125205.0,151,137.3218429311608,45.9555911855615,40-151,pass,267881.0,4908627.0,63.0,PASS,98.26,87.46,82.64,"NZ_AP024585.1 Citrobacter amalonaticus strain JCM 1661 chromosome, complete genome",Citrobacter amalonaticus
MI_KPC_992,12058196,1820787596,151,303.465,klebsiella,258,fail,pass,58.0,799.7 Mbp,5739255.0,151,139.37132694051755,44.22721426791365,40-151,pass,129409.0,5293676.0,85.0,PASS,99.01,84.91,87.92,"NZ_KN046818.1 Klebsiella pneumoniae strain ATCC 13883 scaffold1, whole genome shotgun sequence",Klebsiella pneumoniae
MI_KPC_993,15523862,2344103162,151,390.684,klebsiella,1694,fail,pass,57.0,1 Gbp,7337343.0,151,138.8594410810562,41.498465086483726,40-151,pass,150660.0,5775739.0,92.0,PASS,99.0,86.31,82.2,"NZ_KN046818.1 Klebsiella pneumoniae strain ATCC 13883 scaffold1, whole genome shotgun sequence",Klebsiella pneumoniae
MI_KPC_994,16318148,2464040348,151,410.673,klebsiella,13,fail,pass,57.0,1 Gbp,7845182.0,151,139.49302017467537,38.82661491335082,40-151,pass,223643.0,5373484.0,58.0,PASS,99.02,85.41,87.48,"NZ_KN046818.1 Klebsiella pneumoniae strain ATCC 13883 scaffold1, whole genome shotgun sequence",Klebsiella pneumoniae
MI_KPC_995,14518416,2192280816,151,365.38,klebsiella,495,fail,pass,57.0,961.8 Mbp,6938110.0,151,138.65453819556046,41.52924819863487,40-151,pass,165710.0,5370955.0,78.0,PASS,99.01,84.11,85.8,"NZ_KN046818.1 Klebsiella pneumoniae strain ATCC 13883 scaffold1, whole genome shotgun sequence",Klebsiella pneumoniae
MI_KPC_996,12946510,1954923010,151,325.82,klebsiella,258,fail,pass,57.0,857.2 Mbp,6182991.0,151,138.67251820356847,44.12635749741306,40-151,pass,129409.0,5650145.0,88.0,PASS,98.95,85.91,83.47,"NZ_KN046818.1 Klebsiella pneumoniae strain ATCC 13883 scaffold1, whole genome shotgun sequence",Klebsiella pneumoniae
MI_KPC_997,16869538,2547300238,151,424.55,klebsiella,258,fail,pass,58.0,1.1 Gbp,8067116.0,151,139.27381272315907,38.48122786342677,40-151,pass,129409.0,5414522.0,83.0,PASS,98.96,85.22,86.64,"NZ_KN046818.1 Klebsiella pneumoniae strain ATCC 13883 scaffold1, whole genome shotgun sequence",Klebsiella pneumoniae
MI_KPC_998,16006194,2416935294,151,402.823,klebsiella,258,fail,pass,57.0,1 Gbp,7580223.0,151,138.1769432113013,40.46093261205139,40-151,pass,123726.0,5499319.0,96.0,PASS,99.01,85.63,85.54,"NZ_KN046818.1 Klebsiella pneumoniae strain ATCC 13883 scaffold1, whole genome shotgun sequence",Klebsiella pneumoniae
MI_KPC_999,8358316,1262105716,151,210.351,ecloacae,32,fail,pass,55.0,542.5 Mbp,4018865.0,151,135.0059317742696,53.20576091270771,40-151,pass,190303.0,5123847.0,136.0,PASS,98.38,86.85,73.63,"NZ_CP017181.1 Enterobacter kobei strain DSM 13645 chromosome, complete genome",Enterobacter kobei
MI_KPC_99,11074416,1672236816,151,278.706,ecloacae,171,fail,pass,55.0,753.5 Mbp,5342502.0,151,141.07746576416818,44.731780883224175,40-151,pass,241320.0,4924197.0,54.0,PASS,95.72,86.4,81.36,"NZ_CP017186.1 Enterobacter hormaechei subsp. hoffmannii strain DSM 14563 chromosome, complete genome",Enterobacter hormaechei
MI_KPC_9,21729278,3281120978,151,546.854,ecloacae,1283,fail,pass,55.0,1 Gbp,10142025.0,97,99.90209815101028,32.66325923111686,40-151,pass,153895.0,4778293.0,70.0,PASS,99.01,88.03,86.01,"NZ_CP017186.1 Enterobacter hormaechei subsp. hoffmannii strain DSM 14563 chromosome, complete genome",Enterobacter hormaechei
MI_KPC_NEG_CTL_269,7021550,1060254050,151,176.709,koxytoca,50,pass,pass,56.0,466.9 Mbp,3235761.0,151,144.30882225232332,87.58395881713436,40-151,pass,24427.0,17189689.0,1778.0,FAIL,98.61,88.29,31.12,"NZ_PRDB01000030.1 Klebsiella michiganensis strain DSM 25444 map unlocalized plasmid unnamed1 contig_30, whole genome shotgun sequence",Klebsiella michiganensis
MI_KPC_NEG_CTL_272,383274,57874374,151,9.64573,-,-,warn,pass,56.0,11.2 Mbp,77561.0,151,145.23992728304174,90.33792756668944,40-151,pass,1689.0,1991976.0,1181.0,FAIL,96.66,34.42,46.94,"NZ_CP017186.1 Enterobacter hormaechei subsp. hoffmannii strain DSM 14563 chromosome, complete genome",Enterobacter hormaechei
MI_KPC_NEG_CTL_275,3327932,502517732,151,83.753,cfreundii,11,pass,pass,52.0,216.2 Mbp,1477473.0,151,146.36374607184024,85.62662291419988,40-151,pass,211991.0,5541175.0,115.0,PASS,97.79,87.04,73.55,"NZ_CP049015.1 Citrobacter freundii ATCC 8090 = MTCC 1658 = NBRC 12681 strain ATCC 8090 chromosome, complete genome",Citrobacter freundii
MI_KPC_NEG_CTL_278,15300918,2310438618,151,385.073,klebsiella,-,pass,pass,57.0,1 Gbp,7432028.0,151,143.95676079261273,71.93975263579367,40-151,pass,6285.0,9551194.0,2465.0,FAIL,98.22,87.82,41.82,"NZ_CP084876.1 Klebsiella quasipneumoniae subsp. quasipneumoniae strain 01A030T chromosome, complete genome",Klebsiella quasipneumoniae
MI_KPC_NEG_CTL_283,14588998,2202938698,151,367.156,koxytoca,193,pass,pass,55.0,995.1 Mbp,6996745.0,151,142.24611672999373,78.50034886761176,40-151,pass,57167.0,15340533.0,2086.0,FAIL,95.27,85.64,23.65,"NZ_CP017186.1 Enterobacter hormaechei subsp. hoffmannii strain DSM 14563 chromosome, complete genome",Enterobacter hormaechei
MI_KPC_NEG_CTL_284,7913318,1194911018,151,199.152,ecloacae,-,pass,pass,54.0,538.9 Mbp,3715400.0,151,145.07078834042096,84.96342829457424,40-151,pass,36755.0,16892224.0,1988.0,FAIL,98.64,87.39,27.63,"NZ_KN046818.1 Klebsiella pneumoniae strain ATCC 13883 scaffold1, whole genome shotgun sequence",Klebsiella pneumoniae
MI_KPC_NEG_CTL_287,14603520,2205131520,151,367.522,klebsiella,11,pass,pass,57.0,1 Gbp,7029104.0,151,142.54495907301984,66.99233052250855,40-151,pass,127599.0,6683784.0,899.0,FAIL,98.89,88.78,54.17,"NZ_KN046818.1 Klebsiella pneumoniae strain ATCC 13883 scaffold1, whole genome shotgun sequence",Klebsiella pneumoniae
MI_KPC_NEG_CTL_294,9062136,1368382536,151,228.064,ecloacae,-,pass,pass,56.0,624.5 Mbp,4379041.0,151,142.64019405161997,83.27308278784919,40-151,pass,24264.0,10879514.0,1363.0,FAIL,98.54,85.93,41.92,"NZ_KN046818.1 Klebsiella pneumoniae strain ATCC 13883 scaffold1, whole genome shotgun sequence",Klebsiella pneumoniae
MI_KPC_NEG_CTL_297,2008278,303249978,151,50.5417,klebsiella,11,warn,pass,56.0,131.3 Mbp,894803.0,151,146.84721441479297,90.50311730845736,40-151,pass,52078.0,9593813.0,2158.0,FAIL,98.84,88.66,41.57,"NZ_KN046818.1 Klebsiella pneumoniae strain ATCC 13883 scaffold1, whole genome shotgun sequence",Klebsiella pneumoniae
MI_KPC_NEG_CTL_300,4290040,647796040,151,107.966,klebsiella,16,pass,pass,57.0,273.4 Mbp,1885619.0,151,145.04704821069367,85.12458529556976,40-151,pass,71971.0,6469413.0,688.0,FAIL,98.84,86.41,59.25,"NZ_KN046818.1 Klebsiella pneumoniae strain ATCC 13883 scaffold1, whole genome shotgun sequence",Klebsiella pneumoniae
